page,resource_type,author,url,sugya_id,title
2a,video,NotebookLM,https://youtu.be/cL56kcTJoaE,1,Chullin 2a: Legal Capacity
2a,video,NotebookLM,https://youtu.be/ALqxgUQZhNw,2,Chullin 2a-b: Meaning of Everyone
2a,video,NotebookLM,https://youtu.be/81Oc0KexASw,,Chullin 2a-b: Slaughter & Rabbinic Law
2a,audio,Rabbi Aryeh Lebowitz,https://shiurim.yutorah.net/2018/1109/912101.MP3?redirect=download.yutorah.org,,
2b,video,NotebookLM,https://youtu.be/ALqxgUQZhNw,2,Chullin 2a-b: Meaning of Everyone
2b,video,NotebookLM,https://youtu.be/ARcy6o0Kx9U,3,Chullin 2b-3a: Contamination Mechanics
2b,video,NotebookLM,https://youtu.be/81Oc0KexASw,,Chullin 2a-b: Slaughter & Rabbinic Law
2b,video,NotebookLM,https://youtu.be/w1eih1e5TUM,,Chullin 2b-3a: The Contradictory Slaughter Law
2b,audio,Rabbi Aryeh Lebowitz,https://shiurim.yutorah.net/2018/1109/912101.MP3?redirect=download.yutorah.org,,
3a,video,NotebookLM,https://youtu.be/ARcy6o0Kx9U,3,Chullin 2b-3a: Contamination Mechanics
3a,video,NotebookLM,https://youtu.be/kBnHAp7kKug,4,Chullin 3a: Trust and Oversight
3a,video,NotebookLM,https://youtu.be/12wJLaHbjXs,5,Chullin 3a-b: Behavioral Audit
3a,video,NotebookLM,https://youtu.be/w1eih1e5TUM,,Chullin 2b-3a: The Contradictory Slaughter Law
3a,video,NotebookLM,https://youtu.be/ZkgGhlJHxZk,,Chullin 3a-b: Who is Qualified to Slaughter
3a,audio,Rabbi Aryeh Lebowitz,https://shiurim.yutorah.net/2026/1109/1174862.MP3?redirect=download.yutorah.org,,
3b,video,NotebookLM,https://youtu.be/12wJLaHbjXs,5,Chullin 3a-b: Behavioral Audit
3b,video,NotebookLM,https://youtu.be/TUvOTthRwug,6,Chullin 3b: Mastering Ritual Slaughter
3b,video,NotebookLM,https://youtu.be/gNEUDEOKppM,7,Chullin 3b: Legal Appeal
3b,video,NotebookLM,https://youtu.be/9arx1bdWeBg,8,Chullin 3b-4a: Samaritan Slaughter
3b,video,NotebookLM,https://youtu.be/ZkgGhlJHxZk,,Chullin 3a-b: Who is Qualified to Slaughter
3b,audio,Rabbi Aryeh Lebowitz,https://shiurim.yutorah.net/2026/1109/1174862.MP3?redirect=download.yutorah.org,,
4a,video,NotebookLM,https://youtu.be/9arx1bdWeBg,8,Chullin 3b-4a: Samaritan Slaughter
4a,video,NotebookLM,https://youtu.be/8CTpdQPIh0A,9,Chullin 4a: Ancient Bird Audits
4a,video,NotebookLM,https://youtu.be/6vhmqemG8DM,10,Chullin 4a: The Sectarian Dilemma
4a,video,NotebookLM,https://youtu.be/ennx76XlpG4,11,Chullin 4a-b: Behavioral Matrix
4a,video,NotebookLM,https://youtu.be/ia1vC9m2-_c,,Chullin 4a-b: The Transgressor's Dilemma
4a,video,NotebookLM,https://youtu.be/iU7nq4njocs,,Chullin 4a: Ancient Kosher Puzzle
4a,audio,Rabbi Aryeh Lebowitz,https://shiurim.yutorah.net/2026/1109/1174986.MP3?redirect=download.yutorah.org,,
4b,video,NotebookLM,https://youtu.be/ennx76XlpG4,11,Chullin 4a-b: Behavioral Matrix
4b,video,NotebookLM,https://youtu.be/O8dp4M49_dM,12,Chullin 4b-5a: The Samaria Dossier
4b,video,NotebookLM,https://youtu.be/ia1vC9m2-_c,,Chullin 4a-b: The Transgressor's Dilemma
4b,video,NotebookLM,https://youtu.be/6ixbiPmG_oI,,Chullin 4b-5a: The Kosher Idolater Mystery
4b,audio,Rabbi Aryeh Lebowitz,https://shiurim.yutorah.net/2026/1109/1174986.MP3?redirect=download.yutorah.org,,
5a,video,NotebookLM,https://youtu.be/O8dp4M49_dM,12,Chullin 4b-5a: The Samaria Dossier
5a,video,NotebookLM,https://youtu.be/dNImICRidQs,13,Chullin 5a: Jurisprudence of Treason
5a,video,NotebookLM,https://youtu.be/CnG2G8o-1qY,14,Chullin 5a-b: Architecture of Atonement
5a,video,NotebookLM,https://youtu.be/6ixbiPmG_oI,,Chullin 4b-5a: The Kosher Idolater Mystery
5a,video,NotebookLM,https://youtu.be/dFWiIPipgF4,,Chullin 5a-b: Cracking the Talmud's Code
5a,audio,Rabbi Aryeh Lebowitz,https://shiurim.yutorah.net/2026/1109/1175090.MP3?redirect=download.yutorah.org,,
5b,video,NotebookLM,https://youtu.be/CnG2G8o-1qY,14,Chullin 5a-b: Architecture of Atonement
5b,video,NotebookLM,https://youtu.be/DC0ZrO2L7v4,15,Chullin 5b: The Beast Metaphor
5b,video,NotebookLM,https://youtu.be/dsqzg77KWso,16,Chullin 5b: Ancient Memory Archive
5b,video,NotebookLM,https://youtu.be/u_1QCRAZfkw,17,Chullin 5b-6a: Metaphysics of Mistakes
5b,video,NotebookLM,https://youtu.be/dFWiIPipgF4,,Chullin 5a-b: Cracking the Talmud's Code
5b,video,NotebookLM,https://youtu.be/41USXDuLVA0,,Chullin 5b-6a: Samaritan Slaughter
5b,audio,Rabbi Aryeh Lebowitz,https://shiurim.yutorah.net/2026/1109/1175090.MP3?redirect=download.yutorah.org,,
6a,video,NotebookLM,https://youtu.be/u_1QCRAZfkw,17,Chullin 5b-6a: Metaphysics of Mistakes
6a,video,NotebookLM,https://youtu.be/IrLc7eyW3Wc,18,Chullin 6a: The Secret of Mount Gerizim
6a,video,NotebookLM,https://youtu.be/Jz-2nYfjBKI,19,Chullin 6a-b: The Incident at Ya'ei
6a,video,NotebookLM,https://youtu.be/41USXDuLVA0,,Chullin 5b-6a: Samaritan Slaughter
6a,audio,Rabbi Aryeh Lebowitz,https://shiurim.yutorah.net/2026/1109/1175245.MP3?redirect=download.yutorah.org,,
6b,video,NotebookLM,https://youtu.be/Jz-2nYfjBKI,19,Chullin 6a-b: The Incident at Ya'ei
6b,video,NotebookLM,https://youtu.be/g3lOrpsEv20,20,"Chullin 6b-7a: The Leaf, The Law -- Legacy"
6b,video,NotebookLM,https://youtu.be/tNGHO4Oxuyk,,Chullin 6b-7a: One Leaf Changed The Law
6b,audio,Rabbi Aryeh Lebowitz,https://shiurim.yutorah.net/2026/1109/1175245.MP3?redirect=download.yutorah.org,,
7a,video,NotebookLM,https://youtu.be/g3lOrpsEv20,20,"Chullin 6b-7a: The Leaf, The Law -- Legacy"
7a,video,NotebookLM,https://youtu.be/GxpU2LtQTW4,21,Chullin 7a-b: The Unyielding Sage
7a,video,NotebookLM,https://youtu.be/tNGHO4Oxuyk,,Chullin 6b-7a: One Leaf Changed The Law
7a,video,NotebookLM,https://youtu.be/T6FNCfPkzFU,,Chullin 7a-b: The Righteous Man & River
7a,audio,Rabbi Aryeh Lebowitz,https://shiurim.yutorah.net/2026/1109/1175402.MP3?redirect=download.yutorah.org,,
7b,video,NotebookLM,https://youtu.be/GxpU2LtQTW4,21,Chullin 7a-b: The Unyielding Sage
7b,video,NotebookLM,https://youtu.be/T6FNCfPkzFU,,Chullin 7a-b: The Righteous Man & River
8a,video,NotebookLM,https://youtu.be/PJwUQ2Rl5vI,22,Chullin 8a: Thermodynamics of Blade
8a,video,NotebookLM,https://youtu.be/ZckcljJwqDM,23,Chullin 8a-b: Unauthorized Tool Assessment
8a,video,NotebookLM,https://youtu.be/RXDs58p0ZhQ,,Chullin 8a-b: A Knife's Edge
8a,video,NotebookLM,https://youtu.be/WNZE4pnfMbA,,Chullin 8a: The White Hot Skewer Case
8a,audio,Rabbi Aryeh Lebowitz,https://shiurim.yutorah.net/2026/1109/1175575.MP3?redirect=download.yutorah.org,,
8b,video,NotebookLM,https://youtu.be/ZckcljJwqDM,23,Chullin 8a-b: Unauthorized Tool Assessment
8b,video,NotebookLM,https://youtu.be/nsFgh6OuDVk,24,Chullin 8b: Contamination Mitigation
8b,video,NotebookLM,https://youtu.be/0U85RHXtfGM,25,Chullin 8b: Thermal Blade Dynamics
8b,video,NotebookLM,https://youtu.be/bwpuMkvRJzk,26,Chullin 8b: Halakhic QC Protocols
8b,video,NotebookLM,https://youtu.be/Io1J5yud4KM,27,Chullin 8b-9a: Lipids & Contamination
8b,video,NotebookLM,https://youtu.be/RXDs58p0ZhQ,,Chullin 8a-b: A Knife's Edge
8b,video,NotebookLM,https://youtu.be/f_mtA99zqug,,Chullin 8b-9a: Fat to Legal Principle
8b,video,NotebookLM,https://youtu.be/A6tp34LbdaA,,"Chullin 8b: Butcher, Blade & Talmud"
9a,video,NotebookLM,https://youtu.be/Io1J5yud4KM,27,Chullin 8b-9a: Lipids & Contamination
9a,video,NotebookLM,https://youtu.be/stBgk961-SE,28,Chullin 9a: Scholar Skills Matrix
9a,video,NotebookLM,https://youtu.be/CeZiE6c14rM,29,Chullin 9a: The Master's Toolkit
9a,video,NotebookLM,https://youtu.be/7iglSzlBVyU,30,Chullin 9a: The Halakhic Examiner
9a,video,NotebookLM,https://youtu.be/UJnB4nHBw-Y,31,"Chullin 9a-19a: Ancient Systems, Modern Risk"
9a,video,NotebookLM,https://youtu.be/f_mtA99zqug,,Chullin 8b-9a: Fat to Legal Principle
9a,video,NotebookLM,https://youtu.be/-Hryy7x8DRw,,"Chullin 9a-10a: The Wolf, The Snake, & The Law"
9a,audio,Rabbi Aryeh Lebowitz,https://shiurim.yutorah.net/2018/1109/912619.MP3?redirect=download.yutorah.org,,
9b,video,NotebookLM,https://youtu.be/UJnB4nHBw-Y,31,"Chullin 9a-19a: Ancient Systems, Modern Risk"
9b,video,NotebookLM,https://youtu.be/-Hryy7x8DRw,,"Chullin 9a-10a: The Wolf, The Snake, & The Law"
10a,video,NotebookLM,https://youtu.be/UJnB4nHBw-Y,31,"Chullin 9a-19a: Ancient Systems, Modern Risk"
10a,video,NotebookLM,https://youtu.be/CjJSKd2Rmos,32,Chullin 10a-b: Root Cause Analysis
10a,video,NotebookLM,https://youtu.be/I0fW1x9D5qY,,Chullin 10a-10b: The Notched Knife
10a,video,NotebookLM,https://youtu.be/-Hryy7x8DRw,,"Chullin 9a-10a: The Wolf, The Snake, & The Law"
10a,audio,Rabbi Aryeh Lebowitz,https://shiurim.yutorah.net/2026/1109/1175691.MP3?redirect=download.yutorah.org,,
10b,video,NotebookLM,https://youtu.be/CjJSKd2Rmos,32,Chullin 10a-b: Root Cause Analysis
10b,video,NotebookLM,https://youtu.be/rMRTo6mjxiI,33,Chullin 10b-11a: Structural Baselines
10b,video,NotebookLM,https://youtu.be/I0fW1x9D5qY,,Chullin 10a-10b: The Notched Knife
10b,video,NotebookLM,https://youtu.be/21vd1sAeyis,,Chullin 10b: The Logic of the Law
10b,video,NotebookLM,https://youtu.be/UJnB4nHBw-Y,,"Chullin 9a-19a: Ancient Systems, Modern Risk"
11a,video,NotebookLM,https://youtu.be/rMRTo6mjxiI,33,Chullin 10b-11a: Structural Baselines
11a,video,NotebookLM,https://youtu.be/4Du2DNkeyfw,34,Chullin 11a-12a: Talmudic Risk Assessment
11a,video,NotebookLM,https://youtu.be/XfNTm9V5AOk,,Chullin 11a-b: Talmud's Probability Puzzle
11a,video,NotebookLM,https://youtu.be/UJnB4nHBw-Y,,"Chullin 9a-19a: Ancient Systems, Modern Risk"
11a,audio,Rabbi Aryeh Lebowitz,https://shiurim.yutorah.net/2026/1109/1175781.MP3?redirect=download.yutorah.org,,
11b,video,NotebookLM,https://youtu.be/4Du2DNkeyfw,34,Chullin 11a-12a: Talmudic Risk Assessment
11b,video,NotebookLM,https://youtu.be/XfNTm9V5AOk,,Chullin 11a-b: Talmud's Probability Puzzle
11b,video,NotebookLM,https://youtu.be/UJnB4nHBw-Y,,"Chullin 9a-19a: Ancient Systems, Modern Risk"
12a,video,NotebookLM,https://youtu.be/4Du2DNkeyfw,34,Chullin 11a-12a: Talmudic Risk Assessment
12a,video,NotebookLM,https://youtu.be/nQh1gAqFyAI,35,Chullin 12a-b: Halakhic Audit Protocols
12a,video,NotebookLM,https://youtu.be/sjbEzL1YAOw,,Chullin 12a: Talmudic Detective Story
12a,video,NotebookLM,https://youtu.be/UJnB4nHBw-Y,,"Chullin 9a-19a: Ancient Systems, Modern Risk"
12a,audio,Rabbi Aryeh Lebowitz,https://shiurim.yutorah.net/2026/1109/1175885.MP3?redirect=download.yutorah.org,,
12b,video,NotebookLM,https://youtu.be/nQh1gAqFyAI,35,Chullin 12a-b: Halakhic Audit Protocols
12b,video,NotebookLM,https://youtu.be/w8ulNxrg7To,36,Chullin 12b: Meat Processing SOPs
12b,video,NotebookLM,https://youtu.be/CS-AO7wLv0M,37,Chullin 12b-13a: Cognitive Capacity
12b,video,NotebookLM,https://youtu.be/1N1iDUTLDeg,,Chullin 12b: When Does Intent Matter?
12b,video,NotebookLM,https://youtu.be/UJnB4nHBw-Y,,"Chullin 9a-19a: Ancient Systems, Modern Risk"
12b,video,NotebookLM,https://youtu.be/ji8WdFZUIYI,620,Chullin 12b-13a: Intent vs. Action
13a,video,NotebookLM,https://youtu.be/CS-AO7wLv0M,37,Chullin 12b-13a: Cognitive Capacity
13a,video,NotebookLM,https://youtu.be/1fbFuLJHcyI,38,Chullin 13a: The Jurisprudence of Intent
13a,video,NotebookLM,https://youtu.be/1m3aVzLsgVM,39,Chullin 13a: Autopsy of a Legal Edict -- The Boundaries of Ritual Slaughter
13a,video,NotebookLM,https://youtu.be/4xO-QznODhw,40,Chullin 13a-b: The Gates of the Sanctuary
13a,video,NotebookLM,https://youtu.be/UJnB4nHBw-Y,,"Chullin 9a-19a: Ancient Systems, Modern Risk"
13a,video,NotebookLM,https://youtu.be/ji8WdFZUIYI,620,Chullin 12b-13a: Intent vs. Action
13a,audio,Rabbi Aryeh Lebowitz,https://shiurim.yutorah.net/2026/1109/1176017.MP3?redirect=download.yutorah.org,,
13b,video,NotebookLM,https://youtu.be/4xO-QznODhw,40,Chullin 13a-b: The Gates of the Sanctuary
13b,video,NotebookLM,https://youtu.be/gGnx7keyBqk,41,Chullin 13b: Pathology of the Sacred
13b,video,NotebookLM,https://youtu.be/amiycMBbxzc,42,Chullin 13b: Tactile Truths
13b,video,NotebookLM,https://youtu.be/LQQPSP9LzLI,43,Chullin 13b: Visibility Regulations
13b,video,NotebookLM,https://youtu.be/Od9_6tVf2bg,,Chullin 13b-14b: The Talmud's Detective Story
13b,video,NotebookLM,https://youtu.be/aBpEhl0tL_U,,Chullin 13b: Unpacking the Talmud
13b,video,NotebookLM,https://youtu.be/UJnB4nHBw-Y,,"Chullin 9a-19a: Ancient Systems, Modern Risk"
14a,video,NotebookLM,https://youtu.be/0XrgafwBBxk,44,Chullin 14a: The Legal Paradox
14a,video,NotebookLM,https://youtu.be/Pf1mZdhk7Tk,45,Chullin 14a-15a: Sabbath Slaughter Paradox
14a,video,NotebookLM,https://youtu.be/Od9_6tVf2bg,,Chullin 13b-14b: The Talmud's Detective Story
14a,video,NotebookLM,https://youtu.be/UJnB4nHBw-Y,,"Chullin 9a-19a: Ancient Systems, Modern Risk"
14a,audio,Rabbi Aryeh Lebowitz,https://shiurim.yutorah.net/2026/1109/1176163.MP3?redirect=download.yutorah.org,,
14b,video,NotebookLM,https://youtu.be/Pf1mZdhk7Tk,45,Chullin 14a-15a: Sabbath Slaughter Paradox
14b,video,NotebookLM,https://youtu.be/Od9_6tVf2bg,,Chullin 13b-14b: The Talmud's Detective Story
14b,video,NotebookLM,https://youtu.be/tjSLHUzbTkE,,Chullin 14b-15a: A Talmudic Investigation
14b,video,NotebookLM,https://youtu.be/UJnB4nHBw-Y,,"Chullin 9a-19a: Ancient Systems, Modern Risk"
15a,video,NotebookLM,https://youtu.be/Pf1mZdhk7Tk,45,Chullin 14a-15a: Sabbath Slaughter Paradox
15a,video,NotebookLM,https://youtu.be/2LbhbiCebZM,46,Chullin 15a-b: Triage & Shabbat Law
15a,video,NotebookLM,https://youtu.be/tjSLHUzbTkE,,Chullin 14b-15a: A Talmudic Investigation
15a,video,NotebookLM,https://youtu.be/I50JEWqzVHY,,Chullin 15a-b: The Case of the Silenced Cook
15a,video,NotebookLM,https://youtu.be/UJnB4nHBw-Y,,"Chullin 9a-19a: Ancient Systems, Modern Risk"
15a,audio,Rabbi Aryeh Lebowitz,https://shiurim.yutorah.net/2026/1109/1176379.MP3?redirect=download.yutorah.org,,
15b,video,NotebookLM,https://youtu.be/2LbhbiCebZM,46,Chullin 15a-b: Triage & Shabbat Law
15b,video,NotebookLM,https://youtu.be/UHKOBaLeQIk,47,Chullin 15b: Precision Edge Dynamics
15b,video,NotebookLM,https://youtu.be/3Ga4ahgjce8,48,Chullin 15b-16a: Halakhic Engineering
15b,video,NotebookLM,https://youtu.be/I50JEWqzVHY,,Chullin 15a-b: The Case of the Silenced Cook
15b,video,NotebookLM,https://youtu.be/G460yGfmL7k,,Chullin 15b-16a: Halakhic Criteria for Valid Slaughter
15b,video,NotebookLM,https://youtu.be/UJnB4nHBw-Y,,"Chullin 9a-19a: Ancient Systems, Modern Risk"
16a,video,NotebookLM,https://youtu.be/3Ga4ahgjce8,48,Chullin 15b-16a: Halakhic Engineering
16a,video,NotebookLM,https://youtu.be/MtS_ePNfvpY,49,Chullin 16a: Kinetic Causality
16a,video,NotebookLM,https://youtu.be/weaJ46lWGqc,50,Chullin 16a: Talmudic Peer Review
16a,video,NotebookLM,https://youtu.be/H89pRVHpczc,51,Chullin 16a-b: The Halakhic Architect
16a,video,NotebookLM,https://youtu.be/G460yGfmL7k,,Chullin 15b-16a: Halakhic Criteria for Valid Slaughter
16a,video,NotebookLM,https://youtu.be/KN3iJVhe59c,,Chullin 16a-b: Detached & Reattached
16a,video,NotebookLM,https://youtu.be/BFE_Y6VBaQo,,Chullin 16a: The Explainer
16a,video,NotebookLM,https://youtu.be/UJnB4nHBw-Y,,"Chullin 9a-19a: Ancient Systems, Modern Risk"
16a,audio,Rabbi Aryeh Lebowitz,https://shiurim.yutorah.net/2018/1109/913123.MP3?redirect=download.yutorah.org,,
16b,video,NotebookLM,https://youtu.be/H89pRVHpczc,51,Chullin 16a-b: The Halakhic Architect
16b,video,NotebookLM,https://youtu.be/wn8BeTgK5gQ,52,Chullin 16b: Halakhic Physics
16b,video,NotebookLM,https://youtu.be/Uu9n2FQvMUE,53,Chullin 16b: Biomaterial Safety
16b,video,NotebookLM,https://youtu.be/_H3D5kSLJdA,54,Chullin 16b-17a: Geospatial Dietary Law
16b,video,NotebookLM,https://youtu.be/KN3iJVhe59c,,Chullin 16a-b: Detached & Reattached
16b,video,NotebookLM,https://youtu.be/9H49hiqvvLI,,Chullin 16b-17a: The Talmud's Meat Mystery
16b,video,NotebookLM,https://youtu.be/7_8ZlnVKZ1Q,,Chullin 16b: Talmudic Puzzles
16b,video,NotebookLM,https://youtu.be/UJnB4nHBw-Y,,"Chullin 9a-19a: Ancient Systems, Modern Risk"
17a,video,NotebookLM,https://youtu.be/_H3D5kSLJdA,54,Chullin 16b-17a: Geospatial Dietary Law
17a,video,NotebookLM,https://youtu.be/rZC6uBJMPUE,55,Chullin 17a: Battlefield Rations
17a,video,NotebookLM,https://youtu.be/id87NmYv_GY,56,Chullin 17a: Syntactic Paradigm Shift
17a,video,NotebookLM,https://youtu.be/dfgfeIYzyIY,57,Chullin 17a-b: Tool Marks
17a,video,NotebookLM,https://youtu.be/9H49hiqvvLI,,Chullin 16b-17a: The Talmud's Meat Mystery
17a,video,NotebookLM,https://youtu.be/SaZLYRm72IU,,Chullin 17a-b: The Perfect Cut
17a,video,NotebookLM,https://youtu.be/UJnB4nHBw-Y,,"Chullin 9a-19a: Ancient Systems, Modern Risk"
17a,audio,Rabbi Aryeh Lebowitz,https://shiurim.yutorah.net/2026/1109/1176446.MP3?redirect=download.yutorah.org,,
17b,video,NotebookLM,https://youtu.be/dfgfeIYzyIY,57,Chullin 17a-b: Tool Marks
17b,video,NotebookLM,https://youtu.be/U0kghDEfEpE,58,Chullin 17b: Ancient Blade Quality Control
17b,video,NotebookLM,https://youtu.be/UJB_eJ_N7MM,59,Chullin 17b-18a: The Universal Defect
17b,video,NotebookLM,https://youtu.be/SaZLYRm72IU,,Chullin 17a-b: The Perfect Cut
17b,video,NotebookLM,https://youtu.be/2lwjubERtWY,,Chullin 17b-18a: Knife Examination in Talmudic Law
17b,video,NotebookLM,https://youtu.be/UJnB4nHBw-Y,,"Chullin 9a-19a: Ancient Systems, Modern Risk"
18a,video,NotebookLM,https://youtu.be/UJB_eJ_N7MM,59,Chullin 17b-18a: The Universal Defect
18a,video,NotebookLM,https://youtu.be/aR5kfbJkNVM,60,Chullin 18a: The Anatomy of a Verdict: Food Safety -- Financial Ruin
18a,video,NotebookLM,https://youtu.be/NnhMFVtaUCA,61,Chullin 18a: The Autopsy of a Flawed Cut
18a,video,NotebookLM,https://youtu.be/3sGihOWnR1s,62,Chullin 18a: Edge of the Sickle
18a,video,NotebookLM,https://youtu.be/5GcH_pgoc7c,63,Chullin 18a: Lexical Precision
18a,video,NotebookLM,https://youtu.be/KZ484_WVmQw,64,Chullin 18a: Halakhic Surgery
18a,video,NotebookLM,https://youtu.be/B06tQwZUNNw,65,Chullin 18a-19a: Geometry of a Cut
18a,video,NotebookLM,https://youtu.be/2lwjubERtWY,,Chullin 17b-18a: Knife Examination in Talmudic Law
18a,video,NotebookLM,https://youtu.be/WQtrfYhLEgc,,"Chullin 18a-b: Law, Location, and Identity"
18a,video,NotebookLM,https://youtu.be/__Rug_FCtew,,Chullin 18a: The Slaughter Knife s Law
18a,video,NotebookLM,https://youtu.be/UJnB4nHBw-Y,,"Chullin 9a-19a: Ancient Systems, Modern Risk"
18a,audio,Rabbi Aryeh Lebowitz,https://shiurim.yutorah.net/2026/1109/1176562.MP3?redirect=download.yutorah.org,,
18b,video,NotebookLM,https://youtu.be/B06tQwZUNNw,65,Chullin 18a-19a: Geometry of a Cut
18b,video,NotebookLM,https://youtu.be/WQtrfYhLEgc,,"Chullin 18a-b: Law, Location, and Identity"
18b,video,NotebookLM,https://youtu.be/rQNjueITehk,,Chullin 18b-19a: Anatomy of a Perfect Cut
18b,video,NotebookLM,https://youtu.be/UJnB4nHBw-Y,,"Chullin 9a-19a: Ancient Systems, Modern Risk"
19a,video,NotebookLM,https://youtu.be/B06tQwZUNNw,65,Chullin 18a-19a: Geometry of a Cut
19a,video,NotebookLM,https://youtu.be/BiaQjefZXvQ,66,Chullin 19a: The Diverted Knife
19a,video,NotebookLM,https://youtu.be/E2uuYcaMo88,67,Chullin 19a: Halakhic Geometry
19a,video,NotebookLM,https://youtu.be/H_xTypgQnMI,68,Chullin 19b: Algorithms of the Blade
19a,video,NotebookLM,https://youtu.be/rQNjueITehk,,Chullin 18b-19a: Anatomy of a Perfect Cut
19a,video,NotebookLM,https://youtu.be/Byywq8u24C4,,Chullin 19a-b: The Case of the Diverted Cut
19a,video,NotebookLM,https://youtu.be/RFolJl3jNU8,,Chullin 19a: The Talmud's Majority Rule
19a,video,NotebookLM,https://youtu.be/UJnB4nHBw-Y,,"Chullin 9a-19a: Ancient Systems, Modern Risk"
19a,audio,Rabbi Aryeh Lebowitz,https://shiurim.yutorah.net/2026/1109/1176648.MP3?redirect=download.yutorah.org,,
19b,video,NotebookLM,https://youtu.be/H_xTypgQnMI,68,Chullin 19b: Algorithms of the Blade
19b,video,NotebookLM,https://youtu.be/TLzJF3Q3TrY,69,Chullin 19b: Spatial Geometry of Ritual
19b,video,NotebookLM,https://youtu.be/GSwMBzINPxc,70,Chullin 19b: Mapping the Oref Anatomy
19b,video,NotebookLM,https://youtu.be/PHJ2dvx5sRk,71,Chullin 19b-20a: Biomechanics of Melika
19b,video,NotebookLM,https://youtu.be/Byywq8u24C4,,Chullin 19a-b: The Case of the Diverted Cut
19b,video,NotebookLM,https://youtu.be/nO90zrhbt1g,,Chullin 19b-20a: The Neck -- An Ancient Puzzle
20a,video,NotebookLM,https://youtu.be/PHJ2dvx5sRk,71,Chullin 19b-20a: Biomechanics of Melika
20a,video,NotebookLM,https://youtu.be/w40zOcvYrvI,72,Chullin 20a-b: Avian Ritual Cartography
20a,video,NotebookLM,https://youtu.be/nO90zrhbt1g,,Chullin 19b-20a: The Neck -- An Ancient Puzzle
20a,video,NotebookLM,https://youtu.be/3pKuPTtFrl4,,"Chullin 20a-b: Nape, Throat, & Fowl"
20a,audio,Rabbi Aryeh Lebowitz,https://shiurim.yutorah.net/2026/1109/1176765.MP3?redirect=download.yutorah.org,,
20b,video,NotebookLM,https://youtu.be/w40zOcvYrvI,72,Chullin 20a-b: Avian Ritual Cartography
20b,video,NotebookLM,https://youtu.be/LbFYm_I6HII,73,Chullin 20b-21a: Anatomy of a Paradox
20b,video,NotebookLM,https://youtu.be/3pKuPTtFrl4,,"Chullin 20a-b: Nape, Throat, & Fowl"
20b,video,NotebookLM,https://youtu.be/5VMCJayyob4,,Chullin 20b-21a: The Sacred Pinch Paradox
21a,video,NotebookLM,https://youtu.be/LbFYm_I6HII,73,Chullin 20b-21a: Anatomy of a Paradox
21a,video,NotebookLM,https://youtu.be/reg9OQ6lClA,74,Chullin 21a: Halakhic Threshold
21a,video,NotebookLM,https://youtu.be/irhmvDSNvr4,75,Chullin 21a: Morphology of Mortality
21a,video,NotebookLM,https://youtu.be/fk4bn-QQsBM,76,Chullin 21a-22a: Sacrifice Algorithm
21a,video,NotebookLM,https://youtu.be/5VMCJayyob4,,Chullin 20b-21a: The Sacred Pinch Paradox
21a,video,NotebookLM,https://youtu.be/w6-XEE9NkC8,,Chullin 21a-22a: Melikah -- The Bird Offering
21a,video,NotebookLM,https://youtu.be/AOkbS_HM97k,,Chullin 21a: Defining Death : Ancient Debate
21a,audio,Rabbi Aryeh Lebowitz,https://shiurim.yutorah.net/2026/1109/1176912.MP3?redirect=download.yutorah.org,,
21b,video,NotebookLM,https://youtu.be/fk4bn-QQsBM,76,Chullin 21a-22a: Sacrifice Algorithm
21b,video,NotebookLM,https://youtu.be/w6-XEE9NkC8,,Chullin 21a-22a: Melikah -- The Bird Offering
22a,video,NotebookLM,https://youtu.be/fk4bn-QQsBM,76,Chullin 21a-22a: Sacrifice Algorithm
22a,video,NotebookLM,https://youtu.be/jC2MqsGbxH4,77,Chullin 22a: Hermeneutics of the Altar
22a,video,NotebookLM,https://youtu.be/wyeTneq-F7c,78,Chullin 22a: Halakhic Taxonomy
22a,video,NotebookLM,https://youtu.be/fYIbz9m3ws8,79,Chullin 22a-b: Avian Ritual Taxonomy
22a,video,NotebookLM,https://youtu.be/w6-XEE9NkC8,,Chullin 21a-22a: Melikah -- The Bird Offering
22a,video,NotebookLM,https://youtu.be/2HfxzJ5oCtQ,,Chullin 22a-b: Puzzle of Pigeons & Doves
22a,video,NotebookLM,https://youtu.be/sZFJzJ41yzk,,Chullin 22a: Talmud's Detective Story
22a,audio,Rabbi Aryeh Lebowitz,https://shiurim.yutorah.net/2011/1109/762681.MP3?redirect=download.yutorah.org,,
22b,video,NotebookLM,https://youtu.be/fYIbz9m3ws8,79,Chullin 22a-b: Avian Ritual Taxonomy
22b,video,NotebookLM,https://youtu.be/iKPY_Szbqnw,80,Chullin 22b-23a: Ontological Taint
22b,video,NotebookLM,https://youtu.be/2HfxzJ5oCtQ,,Chullin 22a-b: Puzzle of Pigeons & Doves
22b,video,NotebookLM,https://youtu.be/l1hGjFkFbu8,,Chullin 22b-23a: The Blemishes of Doves
23a,video,NotebookLM,https://youtu.be/iKPY_Szbqnw,80,Chullin 22b-23a: Ontological Taint
23a,video,NotebookLM,https://youtu.be/crmoH_qelVs,81,Chullin 23a-b: The Ontology of the Palges -- Navigating Legal Uncertainty
23a,video,NotebookLM,https://youtu.be/l1hGjFkFbu8,,Chullin 22b-23a: The Blemishes of Doves
23a,video,NotebookLM,https://youtu.be/9A3R3i9tXMo,,Chullin 23a-b: Ambiguous Offerings
23a,audio,Rabbi Aryeh Lebowitz,https://shiurim.yutorah.net/2011/1109/762694.MP3?redirect=download.yutorah.org,,
23b,video,NotebookLM,https://youtu.be/crmoH_qelVs,81,Chullin 23a-b: The Ontology of the Palges -- Navigating Legal Uncertainty
23b,video,NotebookLM,https://youtu.be/k0ciPqt9Cy8,82,Chullin 23b: Rabbi Zeira's Dilemma
23b,video,NotebookLM,https://youtu.be/2Ox-5vsEbKM,83,Chullin 23b: Inverse Ritual Architecture
23b,video,NotebookLM,https://youtu.be/isn3cin0yfQ,84,Chullin 23b-24a: Symmetrical Paradox
23b,video,NotebookLM,https://youtu.be/9A3R3i9tXMo,,Chullin 23a-b: Ambiguous Offerings
23b,video,NotebookLM,https://youtu.be/eWkZiKclneo,,Chullin 23b-24a: The Heifer Paradox
24a,video,NotebookLM,https://youtu.be/isn3cin0yfQ,84,Chullin 23b-24a: Symmetrical Paradox
24a,video,NotebookLM,https://youtu.be/Rr7lyXqljyc,85,Chullin 24a: The Halakhic Equation
24a,video,NotebookLM,https://youtu.be/itXMbfaTN6A,86,Chullin 24a-b: Temple Personnel Policies
24a,video,NotebookLM,https://youtu.be/eWkZiKclneo,,Chullin 23b-24a: The Heifer Paradox
24a,video,NotebookLM,https://youtu.be/G9FixMTxT0k,,Chullin 24a-b: Tale of Two Ministries: The Distinct Qualifications of Priests & Levites
24a,audio,Rabbi Aryeh Lebowitz,https://shiurim.yutorah.net/2026/1109/1177007.MP3?redirect=download.yutorah.org,,
24b,video,NotebookLM,https://youtu.be/itXMbfaTN6A,86,Chullin 24a-b: Temple Personnel Policies
24b,video,NotebookLM,https://youtu.be/t55IPE4i4VM,87,Chullin 24b: The Symmetry of Purity
24b,video,NotebookLM,https://youtu.be/t4ZU1vcnFcM,88,Chullin 24b-25a: The Earthenware Paradox
24b,video,NotebookLM,https://youtu.be/G9FixMTxT0k,,Chullin 24a-b: Tale of Two Ministries: The Distinct Qualifications of Priests & Levites
24b,video,NotebookLM,https://youtu.be/Xg6d0uv28eM,,Chullin 24b-25a: The Blueprint of Purity
25a,video,NotebookLM,https://youtu.be/t4ZU1vcnFcM,88,Chullin 24b-25a: The Earthenware Paradox
25a,video,NotebookLM,https://youtu.be/XzGdOA1EI00,89,Chullin 25a: Symmetry of Purity
25a,video,NotebookLM,https://youtu.be/UnjlajzuGiA,90,Chullin 25a-b: Material Purity Mechanics
25a,video,NotebookLM,https://youtu.be/Xg6d0uv28eM,,Chullin 24b-25a: The Blueprint of Purity
25a,video,NotebookLM,https://youtu.be/j3IRvz3xb48,,Chullin 25a-b: The Paradox of Purity
25a,audio,Rabbi Aryeh Lebowitz,https://shiurim.yutorah.net/2026/1109/1177122.MP3?redirect=download.yutorah.org,,
25b,video,NotebookLM,https://youtu.be/UnjlajzuGiA,90,Chullin 25a-b: Material Purity Mechanics
25b,video,NotebookLM,https://youtu.be/keg1mpdK7sA,91,Chullin 25b: The Almond Paradox
25b,video,NotebookLM,https://youtu.be/GKKgZoVu4nw,92,Chullin 25b: Almond Tithe Mechanics
25b,video,NotebookLM,https://youtu.be/SbsekccuMSw,93,Chullin 25b: Legal Metamorphosis
25b,video,NotebookLM,https://youtu.be/5fB-1DjchE0,94,Chullin 25b-26a: Grape Residue Chemistry
25b,video,NotebookLM,https://youtu.be/j3IRvz3xb48,,Chullin 25a-b: The Paradox of Purity
25b,video,NotebookLM,https://youtu.be/IP56bauAamo,,Chullin 25b-26a: The Logic of the Sages
25b,video,NotebookLM,https://youtu.be/R61cBdqw7IU,,Chullin 25b: Legal Metamorphosis 1
26a,video,NotebookLM,https://youtu.be/5fB-1DjchE0,94,Chullin 25b-26a: Grape Residue Chemistry
26a,video,NotebookLM,https://youtu.be/9iGiaKCkm9Y,95,Chullin 26a: Halakhic Retroactivity
26a,video,NotebookLM,https://youtu.be/l-QyNr4t4Pc,96,Chullin 26a: Purifying Mixtures
26a,video,NotebookLM,https://youtu.be/IP56bauAamo,,Chullin 25b-26a: The Logic of the Sages
26a,audio,Rabbi Aryeh Lebowitz,https://shiurim.yutorah.net/2026/1109/1177241.MP3?redirect=download.yutorah.org,,
26b,video,NotebookLM,https://youtu.be/l-QyNr4t4Pc,96,Chullin 26a: Purifying Mixtures
26b,video,NotebookLM,https://youtu.be/Es5bYbxztKY,97,Chullin 26b: Halakhic Mutual Exclusion
26b,video,NotebookLM,https://youtu.be/N4XQ7hFWJD4,98,Chullin 26b: Anatomy of a Legal Paradox
26b,video,NotebookLM,https://youtu.be/45awfd7iveE,99,Chullin 26b: Symmetry in Talmudic Law
26b,video,NotebookLM,https://youtu.be/KiGlse1cGUc,100,Chullin 26b: Legal Biological Boundaries
26b,video,NotebookLM,https://youtu.be/wJh5Wm2Neck,101,Chullin 26b: The Liturgical Paradox
26b,video,NotebookLM,https://youtu.be/CVTo3G1YmEU,102,Chullin 26b: Acoustics of Sacred Time
26b,video,NotebookLM,https://youtu.be/UXIThXIntxk,103,Chullin 26b: The Cosmic Syntax
26b,video,NotebookLM,https://youtu.be/iXJmQvy085g,,Chullin 26b: Boundaries of Purity
27a,video,NotebookLM,https://youtu.be/zjVDwRFYXgw,104,Chullin 27a: The Razor’s Edge -- The Mathematical Anatomy of Chullin
27a,video,NotebookLM,https://youtu.be/mOiSau6T0cE,105,Chullin 27a: Grammatical Deduction
27a,video,NotebookLM,https://youtu.be/XzK2HBYeUac,106,Chullin 27a-b: The Anatomy of the Law
27a,video,NotebookLM,https://youtu.be/bQVgr_Kr6H0,,Chullin 27a: The Talmud's Great Neck Mystery
27a,audio,Rabbi Aryeh Lebowitz,https://shiurim.yutorah.net/2026/1109/1177341.MP3?redirect=download.yutorah.org,,
27b,video,NotebookLM,https://youtu.be/XzK2HBYeUac,106,Chullin 27a-b: The Anatomy of the Law
27b,video,NotebookLM,https://youtu.be/-duA9jNUY6E,107,Chullin 27b: Avian Taxonomy
27b,video,NotebookLM,https://youtu.be/bq5mhdABu40,108,Chullin 27b-28a: Avian Slaughter Laws
27b,video,NotebookLM,https://youtu.be/MgGAc1wJErI,,Chullin 27b-28a: The Case of the Bird's Slaughter: An Inquiry into Talmudic Legal Reasoning
28a,video,NotebookLM,https://youtu.be/bq5mhdABu40,108,Chullin 27b-28a: Avian Slaughter Laws
28a,video,NotebookLM,https://youtu.be/EWpJPSPMtOY,109,Chullin 28a-b: Avian Forensics
28a,video,NotebookLM,https://youtu.be/MgGAc1wJErI,,Chullin 27b-28a: The Case of the Bird's Slaughter: An Inquiry into Talmudic Legal Reasoning
28a,audio,Rabbi Aryeh Lebowitz,https://shiurim.yutorah.net/2026/1109/1177473.MP3?redirect=download.yutorah.org,,
28b,video,NotebookLM,https://youtu.be/EWpJPSPMtOY,109,Chullin 28a-b: Avian Forensics
28b,video,NotebookLM,https://youtu.be/_p9MxyLsYbk,110,Chullin 28b: The Vein Requirement
28b,video,NotebookLM,https://youtu.be/lH8vEpX0V2s,111,Chullin 28b-29a: The Halakhic Math of Half
28b,video,NotebookLM,https://youtu.be/0KNfd2-WaBk,,Chullin 28b-29a: The Case of the Perfect Half
28b,video,NotebookLM,https://youtu.be/FZW4A3LABBI,,Chullin 28b: The Case of the Slaughtered Veins: Ritual or Practical?
29a,video,NotebookLM,https://youtu.be/lH8vEpX0V2s,111,Chullin 28b-29a: The Halakhic Math of Half
29a,video,NotebookLM,https://youtu.be/8rWlzWVEr9Y,112,Chullin 29a-b: Textual Forensics
29a,video,NotebookLM,https://youtu.be/0KNfd2-WaBk,,Chullin 28b-29a: The Case of the Perfect Half
29a,video,NotebookLM,https://youtu.be/toQ6a79YTO0,,Chullin 29a-b: The Redundant Mishna: An Investigation
29a,audio,Rabbi Aryeh Lebowitz,https://shiurim.yutorah.net/2026/1109/1177675.MP3?redirect=download.yutorah.org,,
29b,video,NotebookLM,https://youtu.be/8rWlzWVEr9Y,112,Chullin 29a-b: Textual Forensics
29b,video,NotebookLM,https://youtu.be/ZaKCMaNQ3CI,113,Chullin 29b-30a: Legal Chronology of Slaughter
29b,video,NotebookLM,https://youtu.be/toQ6a79YTO0,,Chullin 29a-b: The Redundant Mishna: An Investigation
29b,video,NotebookLM,https://youtu.be/47mOTKRxWvQ,,Chullin 29b-30a: The Threshold of Slaughter
30a,video,NotebookLM,https://youtu.be/ZaKCMaNQ3CI,113,Chullin 29b-30a: Legal Chronology of Slaughter
30a,video,NotebookLM,https://youtu.be/rs8D3K0_mCM,114,Chullin 30b: Kinematics of the Blade
30a,video,NotebookLM,https://youtu.be/47mOTKRxWvQ,,Chullin 29b-30a: The Threshold of Slaughter
30a,video,NotebookLM,https://youtu.be/f7KPkROPwOs,,Chullin 30a-b: Talmud's Detective Story
30a,audio,Rabbi Aryeh Lebowitz,https://shiurim.yutorah.net/2018/1109/914266.MP3?redirect=download.yutorah.org,,
30b,video,NotebookLM,https://youtu.be/rs8D3K0_mCM,114,Chullin 30b: Kinematics of the Blade
30b,video,NotebookLM,https://youtu.be/Lmc_d3XDwT8,115,Chullin 30b: Mechanics of Concealment
30b,video,NotebookLM,https://youtu.be/7i9mZ0_WzgY,116,Chullin 30b: Kinematics of the Blade
30b,video,NotebookLM,https://youtu.be/55k_lnHdXiE,117,Chullin 30b-31a: Avian Ballistics
30b,video,NotebookLM,https://youtu.be/f7KPkROPwOs,,Chullin 30a-b: Talmud's Detective Story
30b,video,NotebookLM,https://youtu.be/aEWcIO0c38o,,Chullin 30b-31a: The Drawn Blade: The Essential Motion of Shechita
30b,video,NotebookLM,https://youtu.be/TxMTwv_R5QI,,Chullin 30b: The Concealed Blade
31a,video,NotebookLM,https://youtu.be/55k_lnHdXiE,117,Chullin 30b-31a: Avian Ballistics
31a,video,NotebookLM,https://youtu.be/2tLmzhcz1oA,118,Chullin 31a: Blade Length Proof
31a,video,NotebookLM,https://youtu.be/aJV4clWaU48,119,Chullin 31a: Geometry of the Scalpel
31a,video,NotebookLM,https://youtu.be/w2F72eJ97rk,120,Chullin 31a: Agency Intent in Slaughter
31a,video,NotebookLM,https://youtu.be/W28h9Hme5QA,121,Chullin 31a: The Architecture of Intent
31a,video,NotebookLM,https://youtu.be/9fcjJ1Z3Ub0,122,Chullin 31a-32a: The Architecture of Intent
31a,video,NotebookLM,https://youtu.be/aEWcIO0c38o,,Chullin 30b-31a: The Drawn Blade: The Essential Motion of Shechita
31a,video,NotebookLM,https://youtu.be/oXqR3rtNaJ8,,Chullin 31a-32a: The Accidental Plunge
31a,video,NotebookLM,https://youtu.be/OvS__W807S0,,Chullin 31a: Can an Accident Be Deliberate?
31a,video,NotebookLM,https://youtu.be/BPjl4ER5oVc,,Chullin 31a: The Architecture of a Ruling: How the Talmud Builds Precision in Jewish Law
31a,audio,Rabbi Aryeh Lebowitz,https://shiurim.yutorah.net/2011/1109/762926.MP3?redirect=download.yutorah.org,,
31b,video,NotebookLM,https://youtu.be/9fcjJ1Z3Ub0,122,Chullin 31a-32a: The Architecture of Intent
31b,video,NotebookLM,https://youtu.be/oXqR3rtNaJ8,,Chullin 31a-32a: The Accidental Plunge
32a,video,NotebookLM,https://youtu.be/9fcjJ1Z3Ub0,122,Chullin 31a-32a: The Architecture of Intent
32a,video,NotebookLM,https://youtu.be/T2rnGJzcZ9M,123,Chullin 32a: Ritual Continuity Metrics
32a,video,NotebookLM,https://youtu.be/77935Uex6vQ,124,Chullin 32a: The Chronometrics of Interruption
32a,video,NotebookLM,https://youtu.be/qfbnmITkKD0,126,Chullin 32a: Standardizing Time
32a,video,NotebookLM,https://youtu.be/2e7qnLNzyhI,127,Chullin 32a: Ritual Slaughter Errors
32a,video,NotebookLM,https://youtu.be/TXG7UBbVWDs,128,Chullin 32a-b: Textual Dialectic
32a,video,NotebookLM,https://youtu.be/oXqR3rtNaJ8,,Chullin 31a-32a: The Accidental Plunge
32a,audio,Rabbi Aryeh Lebowitz,https://shiurim.yutorah.net/2011/1109/762952.MP3?redirect=download.yutorah.org,,
32b,video,NotebookLM,https://youtu.be/TXG7UBbVWDs,128,Chullin 32a-b: Textual Dialectic
33a,video,NotebookLM,https://youtu.be/6reOYaQmGws,130,Chullin 33a: Legal & Biological Reality
33a,video,NotebookLM,https://youtu.be/_xqSsi7cwzo,131,Chullin 33a: The Bloodless Slaughter
33a,video,NotebookLM,https://youtu.be/BG8aic9UOd4,132,Chullin 33a-34a: Impurity & Food Sanctity
33a,audio,Rabbi Aryeh Lebowitz,https://shiurim.yutorah.net/2011/1109/762984.MP3?redirect=download.yutorah.org,,
33b,video,NotebookLM,https://youtu.be/BG8aic9UOd4,132,Chullin 33a-34a: Impurity & Food Sanctity
34a,video,NotebookLM,https://youtu.be/BG8aic9UOd4,132,Chullin 33a-34a: Impurity & Food Sanctity
34a,audio,Rabbi Aryeh Lebowitz,https://shiurim.yutorah.net/2018/1109/914487.MP3?redirect=download.yutorah.org,,
34b,video,NotebookLM,https://youtu.be/MrM8qCqwXGU,133,Chullin 34b: Transfer of Impurity
34b,video,NotebookLM,https://youtu.be/AiBBaj1VKng,134,Chullin 34b-35a: Purity & Teruma Consumption
35a,video,NotebookLM,https://youtu.be/AiBBaj1VKng,134,Chullin 34b-35a: Purity & Teruma Consumption
35a,video,NotebookLM,https://youtu.be/cWRCq0hrsYQ,135,Chullin 35a-b: Relativity of Purity
35a,audio,Rabbi Aryeh Lebowitz,https://shiurim.yutorah.net/2019/1109/914603.MP3?redirect=download.yutorah.org,,
35b,video,NotebookLM,https://youtu.be/cWRCq0hrsYQ,135,Chullin 35a-b: Relativity of Purity
35b,video,NotebookLM,https://youtu.be/wB9e05ow5no,136,Chullin 35b: Slaughter & Ritual Impurity
36a,video,NotebookLM,https://youtu.be/j1U6iqjUbmk,137,Chullin 36a: The Splashed Gourd
36a,video,NotebookLM,https://youtu.be/ejALRao6XWM,138,Chullin 36a-37a: A Talmudic Dilemma
36a,audio,Rabbi Aryeh Lebowitz,https://shiurim.yutorah.net/2019/1109/914650.MP3?redirect=download.yutorah.org,,
36b,video,NotebookLM,https://youtu.be/ejALRao6XWM,138,Chullin 36a-37a: A Talmudic Dilemma
37a,video,NotebookLM,https://youtu.be/ejALRao6XWM,138,Chullin 36a-37a: A Talmudic Dilemma
37a,video,NotebookLM,https://youtu.be/Y0-KeV6RJd4,139,Chullin 37a: Metrics of Imminent Death
37a,video,NotebookLM,https://youtu.be/XYm_QN3xSI4,140,Chullin 37a-b: Law of Imminent Death
37a,audio,Rabbi Aryeh Lebowitz,https://shiurim.yutorah.net/2019/1109/914755.MP3?redirect=download.yutorah.org,,
37b,video,NotebookLM,https://youtu.be/XYm_QN3xSI4,140,Chullin 37a-b: Law of Imminent Death
37b,video,NotebookLM,https://youtu.be/PIOVL4apiWg,141,Chullin 37b-38a: Imminent Death Tests
38a,video,NotebookLM,https://youtu.be/PIOVL4apiWg,141,Chullin 37b-38a: Imminent Death Tests
38a,video,NotebookLM,https://youtu.be/TD-m5Nw0KHo,142,Chullin 38a-b: Timing the Spark
38a,audio,Rabbi Aryeh Lebowitz,https://shiurim.yutorah.net/2019/1109/914851.MP3?redirect=download.yutorah.org,,
38b,video,NotebookLM,https://youtu.be/TD-m5Nw0KHo,142,Chullin 38a-b: Timing the Spark
38b,video,NotebookLM,https://youtu.be/Js7iyaphuOg,143,Chullin 38b: Defining Vitality
38b,video,NotebookLM,https://youtu.be/5hL-luO1vyo,144,Chullin 38b: Intent in the Mishna
38b,video,NotebookLM,https://youtu.be/gXOmu-6ofF0,145,Chullin 38b-39a: The Intent of the Owner
39a,video,NotebookLM,https://youtu.be/gXOmu-6ofF0,145,Chullin 38b-39a: The Intent of the Owner
39a,video,NotebookLM,https://youtu.be/ERsMNZWf524,146,Chullin 39a-b: The Architecture of Intent: Temporal and Jurisdictional Tr
39a,audio,Rabbi Aryeh Lebowitz,https://shiurim.yutorah.net/2011/1109/763142.MP3?redirect=download.yutorah.org,,
39b,video,NotebookLM,https://youtu.be/ERsMNZWf524,146,Chullin 39a-b: The Architecture of Intent: Temporal and Jurisdictional Tr
39b,video,NotebookLM,https://youtu.be/iOISX89VW0A,147,"Chullin 39b: Insight Engine: Agency, Ownership, and Coercion in Ritual"
39b,video,NotebookLM,https://youtu.be/7hbcY31Zh-I,148,Chullin 39b-40a: Architecture of Intent
40a,video,NotebookLM,https://youtu.be/7hbcY31Zh-I,148,Chullin 39b-40a: Architecture of Intent
40a,video,NotebookLM,https://youtu.be/xETPRL2N1U0,149,Chullin 40a: The Ontology of Intent
40a,video,NotebookLM,https://youtu.be/bOKcTPdS4OE,150,Chullin 40a-41a: Halakhic Liability Analysis
40a,audio,Rabbi Aryeh Lebowitz,https://shiurim.yutorah.net/2019/1109/914904.MP3?redirect=download.yutorah.org,,
40b,video,NotebookLM,https://youtu.be/bOKcTPdS4OE,150,Chullin 40a-41a: Halakhic Liability Analysis
41a,video,NotebookLM,https://youtu.be/bOKcTPdS4OE,150,Chullin 40a-41a: Halakhic Liability Analysis
41a,video,NotebookLM,https://youtu.be/VMcxjpW3rDw,151,Chullin 41a: Spatial Regulations
41a,audio,Rabbi Aryeh Lebowitz,https://shiurim.yutorah.net/2019/1109/914966.MP3?redirect=download.yutorah.org,,
41b,video,NotebookLM,https://youtu.be/LfTqoTdrmrc,152,Chullin 41b: The Optics of Idolatry
41b,video,NotebookLM,https://youtu.be/JAl60xA-_rQ,153,Chullin 41b: The Problem of the Small Hole
41b,video,NotebookLM,https://youtu.be/1NGOYRqhQsM,154,Chullin 41b: Legal Power: Chullin 41b
41b,video,NotebookLM,https://youtu.be/CPy7kg68OLE,155,Chullin 41b: Illicit Sacrifices
41b,video,NotebookLM,https://youtu.be/d6FI4zDS9AU,156,Chullin 41b-42a: Public vs Private Vows
42a,video,NotebookLM,https://youtu.be/d6FI4zDS9AU,156,Chullin 41b-42a: Public vs Private Vows
42a,video,NotebookLM,https://youtu.be/yLXcWn2C2i4,157,Chullin 42a: Fatal Defects in Anatomy
42a,video,NotebookLM,https://youtu.be/GOgraQg2_zw,158,Chullin 42a-b: The 18 Fatal Defects
42a,audio,Rabbi Aryeh Lebowitz,https://shiurim.yutorah.net/2019/1109/915024.MP3?redirect=download.yutorah.org,,
42b,video,NotebookLM,https://youtu.be/GOgraQg2_zw,158,Chullin 42a-b: The 18 Fatal Defects
43a,video,NotebookLM,https://youtu.be/X2f_nrmc_fs,159,Chullin 43a: Ulla s Taxonomy
43a,video,NotebookLM,https://youtu.be/rMSNxmVnoTk,160,Chullin 43a: Perforated Organ Law
43a,video,NotebookLM,https://youtu.be/YRUwhv99gwA,161,Chullin 43a: Natural Law vs Miracles
43a,video,NotebookLM,https://youtu.be/_mHewPuASUg,162,Chullin 43a: Liver & Gallbladder Rulings
43a,video,NotebookLM,https://youtu.be/XCHw2IiT-Ek,163,Chullin 43a: Gullet and Gizzard
43a,video,NotebookLM,https://youtu.be/Q0wpa7gMJlY,164,Chullin 43a-b: Inspecting the Gullet
43a,audio,Menachem Kagan,https://shiurim.yutorah.net/2019/971/915095.MP3?redirect=download.yutorah.org,,
43b,video,NotebookLM,https://youtu.be/Q0wpa7gMJlY,164,Chullin 43a-b: Inspecting the Gullet
43b,video,NotebookLM,https://youtu.be/6QhQqz2GvEE,165,Chullin 43b-44a: Entrance of the Gullet
44a,video,NotebookLM,https://youtu.be/6QhQqz2GvEE,165,Chullin 43b-44a: Entrance of the Gullet
44a,video,NotebookLM,https://youtu.be/ZfJsWwmm2iY,166,Chullin 44a: The Detached Jaw
44a,video,NotebookLM,https://youtu.be/uvZvX_H-uww,167,Chullin 44a-b: Anatomy of a Ruling
44a,audio,Rabbi Aryeh Lebowitz,https://shiurim.yutorah.net/2019/1109/915197.MP3?redirect=download.yutorah.org,,
44b,video,NotebookLM,https://youtu.be/uvZvX_H-uww,167,Chullin 44a-b: Anatomy of a Ruling
45a,video,NotebookLM,https://youtu.be/WlXWKLpCH18,168,Chullin 45a: Windpipe Anatomy Rules
45a,video,NotebookLM,https://youtu.be/Bi7nyLwLLds,169,Chullin 45a: Anatomy of Neck & Breast
45a,video,NotebookLM,https://youtu.be/yYguK-U3-xA,170,Chullin 45a-b: The Brain Membrane
45a,audio,Rabbi Aryeh Lebowitz,https://shiurim.yutorah.net/2019/1109/915294.MP3?redirect=download.yutorah.org,,
45b,video,NotebookLM,https://youtu.be/yYguK-U3-xA,170,Chullin 45a-b: The Brain Membrane
45b,video,NotebookLM,https://youtu.be/EVdMEKm6X3o,171,Chullin 45b: The Perforated Heart
45b,video,NotebookLM,https://youtu.be/0li-9Hh7NlA,172,Chullin 45b: The Aorta Defect Debate
45b,video,NotebookLM,https://youtu.be/QH22vKETLvA,173,Chullin 45b: Severed Spinal Anatomy
45b,video,NotebookLM,https://youtu.be/YlHs-7zhvv8,174,Chullin 45b: Qualitative Pathology of the Spinal Cord: Structural Integ
45b,video,NotebookLM,https://youtu.be/mpt_fKZLQtg,175,Chullin 45b-46a: Mapping the Spinal Cord
46a,video,NotebookLM,https://youtu.be/mpt_fKZLQtg,175,Chullin 45b-46a: Mapping the Spinal Cord
46a,video,NotebookLM,https://youtu.be/r0xHTOe-yik,176,Chullin 46a: Partially Removed Liver
46a,video,NotebookLM,https://youtu.be/5zHIpppNgfY,177,Chullin 46a-b: Diagnosing Perforations
46a,audio,Michael Fruchter,https://shiurim.yutorah.net/2011/971/763270.MP3?redirect=download.yutorah.org,,
46b,video,NotebookLM,https://youtu.be/5zHIpppNgfY,177,Chullin 46a-b: Diagnosing Perforations
46b,video,NotebookLM,https://youtu.be/BqlI3FS-ZZw,178,Chullin 46b: Lung Deterioration & Law
46b,video,NotebookLM,https://youtu.be/tadwXRrkA4w,179,Chullin 46b-47a: Rava s Lung Diagnostics
47a,video,NotebookLM,https://youtu.be/tadwXRrkA4w,179,Chullin 46b-47a: Rava s Lung Diagnostics
47a,video,NotebookLM,https://youtu.be/PODweojQ_og,180,Chullin 47a-b: Mapping Lung Lobes
47a,audio,Rabbi Aryeh Lebowitz,https://shiurim.yutorah.net/2011/1109/763282.MP3?redirect=download.yutorah.org,,
47b,video,NotebookLM,https://youtu.be/PODweojQ_og,180,Chullin 47a-b: Mapping Lung Lobes
47b,video,NotebookLM,https://youtu.be/5m0rPtoHrbA,181,Chullin 47b: The Chip of Wood
47b,video,NotebookLM,https://youtu.be/pHB0zsHsFhk,182,Chullin 47b: Ancient Lung Diagnostics
47b,video,NotebookLM,https://youtu.be/j1s6EFYTv28,183,Chullin 47b: Physics of Lung Inspection
47b,video,NotebookLM,https://youtu.be/0a7polaMYms,184,Chullin 47b-48a: Analyzing Lung Deficiencies
48a,video,NotebookLM,https://youtu.be/0a7polaMYms,184,Chullin 47b-48a: Analyzing Lung Deficiencies
48a,video,NotebookLM,https://youtu.be/BSHGHjlSq8w,185,Chullin 48a: Evaluating Lung Defects
48a,video,NotebookLM,https://youtu.be/5SRVC5xRjf0,186,Chullin 48a: Anatomy of a Legal Ruling
48a,video,NotebookLM,https://youtu.be/T8anZz-6KUw,187,"Chullin 48a-b: Lungs, Cysts, & Markets"
48a,audio,Elisha Graff,https://shiurim.yutorah.net/2019/63830/915434.MP3?redirect=download.yutorah.org,,
48b,video,NotebookLM,https://youtu.be/T8anZz-6KUw,187,"Chullin 48a-b: Lungs, Cysts, & Markets"
48b,video,NotebookLM,https://youtu.be/89V7RsGS6Cg,188,Chullin 48b: Needle in the Lung
48b,video,NotebookLM,https://youtu.be/qBGtUaJqwpM,189,Chullin 48b-49a: Anatomical Logic
49a,video,NotebookLM,https://youtu.be/qBGtUaJqwpM,189,Chullin 48b-49a: Anatomical Logic
49a,video,NotebookLM,https://youtu.be/1EbBupdPnHc,190,Chullin 49a: The Price of Illumination
49a,video,NotebookLM,https://youtu.be/I7DaZXL9hC8,191,Chullin 49a: The Post-Mortem Paradox
49a,video,NotebookLM,https://youtu.be/mM6rk7BVE4w,192,Chullin 49a: The Perforated Lung
49a,video,NotebookLM,https://youtu.be/ennkqA8rXnM,193,Chullin 49a-b: Fat on the Abomasum
49a,audio,Rabbi Aryeh Lebowitz,https://shiurim.yutorah.net/2011/1109/763284.MP3?redirect=download.yutorah.org,,
49b,video,NotebookLM,https://youtu.be/ennkqA8rXnM,193,Chullin 49a-b: Fat on the Abomasum
49b,video,NotebookLM,https://youtu.be/GVbvCb5KX4k,194,Chullin 49b: Anatomy & Economics
49b,video,NotebookLM,https://youtu.be/1IBMtHYB6aw,195,Chullin 49b-50a: Anatomy & Law: Abomasum Fats
50a,video,NotebookLM,https://youtu.be/1IBMtHYB6aw,195,Chullin 49b-50a: Anatomy & Law: Abomasum Fats
50a,video,NotebookLM,https://youtu.be/zcqyHi7UIv8,196,"Chullin 50a: Anatomy, Mourning, & Law"
50a,video,NotebookLM,https://youtu.be/MYgvVSAaZ3E,197,Chullin 50a: Forensic Anatomy
50a,video,NotebookLM,https://youtu.be/FvcyPY3Thc8,198,Chullin 50a-b: Anatomy of a Seal
50a,audio,Rabbi Aryeh Lebowitz,https://shiurim.yutorah.net/2011/1109/763289.MP3?redirect=download.yutorah.org,,
50b,video,NotebookLM,https://youtu.be/FvcyPY3Thc8,198,Chullin 50a-b: Anatomy of a Seal
50b,video,NotebookLM,https://youtu.be/6tK2_J9b3DA,199,Chullin 50b: Anatomy of the Rumen
50b,video,NotebookLM,https://youtu.be/cxsi51EG_ao,200,Chullin 50b: Rumen Geometry
50b,video,NotebookLM,https://youtu.be/Za_TV9-d3kA,201,Chullin 50b-51a: Reticulum Forensics
51a,video,NotebookLM,https://youtu.be/Za_TV9-d3kA,201,Chullin 50b-51a: Reticulum Forensics
51a,video,NotebookLM,https://youtu.be/y-10MKgRwFc,202,Chullin 51a: The Logic of Impact
51a,video,NotebookLM,https://youtu.be/t5yE9cmVqeA,203,Chullin 51a-b: Testing Shattered Limbs
51a,audio,Elisha Graff,https://shiurim.yutorah.net/2019/63830/915683.MP3?redirect=download.yutorah.org,,
51b,video,NotebookLM,https://youtu.be/t5yE9cmVqeA,203,Chullin 51a-b: Testing Shattered Limbs
51b,video,NotebookLM,https://youtu.be/E9KGFMalf4w,204,Chullin 51b: The Falling Bull
51b,video,NotebookLM,https://youtu.be/KgNDmrRMvA0,205,Chullin 51b: Diagnosing the Fall
51b,video,NotebookLM,https://youtu.be/LvF_xbO7GF4,206,Chullin 51b: Anatomy of a Fall
51b,video,NotebookLM,https://youtu.be/iSfUklEc4bY,207,Chullin 51b-52a: Diagnosing the Fall
52a,video,NotebookLM,https://youtu.be/iSfUklEc4bY,207,Chullin 51b-52a: Diagnosing the Fall
52a,video,NotebookLM,https://youtu.be/QZtseWRPiUA,208,Chullin 52a: Fractured Rib Criteria
52a,video,NotebookLM,https://youtu.be/NWU60R7VxTQ,209,Chullin 52a: Legal Limit of Life
52a,video,NotebookLM,https://youtu.be/Ogng4xbC2Ek,210,Chullin 52a-b: Shmuel s Fatal Defects
52a,audio,Rabbi Ben Sugerman,https://shiurim.yutorah.net/2019/25593/915785.MP3?redirect=download.yutorah.org,,
52b,video,NotebookLM,https://youtu.be/Ogng4xbC2Ek,210,Chullin 52a-b: Shmuel s Fatal Defects
52b,video,NotebookLM,https://youtu.be/Y4vi0naSOp0,211,Chullin 52b: Parameters of Clawing
52b,video,NotebookLM,https://youtu.be/GFt2BZiHZt8,212,Chullin 52b-53a: Predatory Clawing
53a,video,NotebookLM,https://youtu.be/GFt2BZiHZt8,212,Chullin 52b-53a: Predatory Clawing
53a,video,NotebookLM,https://youtu.be/GNFT1OhyW6c,213,Chullin 53a: Legal Logic of Clawing
53a,video,NotebookLM,https://youtu.be/k0GjzLpncyM,214,Chullin 53a: Animal Clawing Traditions
53a,video,NotebookLM,https://youtu.be/Z_zpVa4_l_c,215,Chullin 53a: Fatal Clawing Rules
53a,video,NotebookLM,https://youtu.be/fqfUhIc2iOw,216,Chullin 53a: Legal Logic of Lion & Ox
53a,video,NotebookLM,https://youtu.be/XtvcK8MNlsc,217,Chullin 53a-b: Law of the Unknown
53a,audio,Michael Fruchter,https://shiurim.yutorah.net/2011/971/763328.MP3?redirect=download.yutorah.org,,
53b,video,NotebookLM,https://youtu.be/XtvcK8MNlsc,217,Chullin 53a-b: Law of the Unknown
53b,video,NotebookLM,https://youtu.be/xFKyzD2S7Vw,218,Chullin 53b-54a: Clawing Inspections
54a,video,NotebookLM,https://youtu.be/xFKyzD2S7Vw,218,Chullin 53b-54a: Clawing Inspections
54a,video,NotebookLM,https://youtu.be/0Y9Dbd2g3DU,219,Chullin 54a: Legal Bounds of Fatal Defects
54a,video,NotebookLM,https://youtu.be/4kJz5e38Xbk,220,Chullin 54a: Kosher Anatomical Defects
54a,video,NotebookLM,https://youtu.be/FDEfC_xfBZo,221,Chullin 54a-b: The Dislocated Femur
54a,audio,Rabbi Aryeh Lebowitz,https://shiurim.yutorah.net/2019/1109/915831.MP3?redirect=download.yutorah.org,,
54b,video,NotebookLM,https://youtu.be/FDEfC_xfBZo,221,Chullin 54a-b: The Dislocated Femur
54b,video,NotebookLM,https://youtu.be/XJUlJ4Lh7Zw,222,Chullin 54b: Ancient Law Explained
54b,video,NotebookLM,https://youtu.be/RKY-8YX6jLQ,223,Chullin 54b-55a: The Boundary of 'Until'
55a,video,NotebookLM,https://youtu.be/RKY-8YX6jLQ,223,Chullin 54b-55a: The Boundary of 'Until'
55a,video,NotebookLM,https://youtu.be/7IafjeZ5M8M,224,Chullin 55a: Legal Status of the Spleen
55a,video,NotebookLM,https://youtu.be/OmtAsDQPKKc,225,Chullin 55a-b: Anatomical Thresholds
55a,audio,Rabbi Aryeh Lebowitz,https://shiurim.yutorah.net/2019/1109/915897.MP3?redirect=download.yutorah.org,,
55b,video,NotebookLM,https://youtu.be/OmtAsDQPKKc,225,Chullin 55a-b: Anatomical Thresholds
55b,video,NotebookLM,https://youtu.be/kiRvAdo5Z0M,226,Chullin 55b: Lung vs. Kidney
55b,video,NotebookLM,https://youtu.be/RUCWwR0FwCs,227,Chullin 55b: Anatomy of a Fatal Defect
55b,video,NotebookLM,https://youtu.be/5tfTwBJhbeY,228,Chullin 55b: Halakhic Status: Removed Womb
55b,video,NotebookLM,https://youtu.be/jskb2u1ZPS4,229,Chullin 55b: Ancient Legal Diagnostics
55b,video,NotebookLM,https://youtu.be/Y9Wr_Uj0h2k,230,Chullin 55b-56a: Removed Hide: Legal Anatomy
56a,video,NotebookLM,https://youtu.be/Y9Wr_Uj0h2k,230,Chullin 55b-56a: Removed Hide: Legal Anatomy
56a,video,NotebookLM,https://youtu.be/NRgGHgMIo5s,231,Chullin 56a: Fatal Defects in Birds
56a,video,NotebookLM,https://youtu.be/C-S0XXZMrpQ,232,Chullin 56a-b: Forensic Anatomy: The Brain Membrane Dilemma
56a,audio,Rabbi Aryeh Lebowitz,https://shiurim.yutorah.net/2019/1109/915974.MP3?redirect=download.yutorah.org,,
56b,video,NotebookLM,https://youtu.be/C-S0XXZMrpQ,232,Chullin 56a-b: Forensic Anatomy: The Brain Membrane Dilemma
56b,video,NotebookLM,https://youtu.be/CljZJJf5S3E,233,Chullin 56b: Thermal Trauma Diagnostics: Unmasking the Invisible
56b,video,NotebookLM,https://youtu.be/DPiyyS0w_Kk,234,Chullin 56b: Trauma & Dietary Law
56b,video,NotebookLM,https://youtu.be/PDF1_p1mrmc,235,Chullin 56b: Halakhic Bird Anatomy
56b,video,NotebookLM,https://youtu.be/IFTUYCNVh5c,236,Chullin 56b: Precedent & Anatomy
56b,video,NotebookLM,https://youtu.be/QOIOy-cm0tY,237,Chullin 56b-57a: The Anatomy of Order
57a,video,NotebookLM,https://youtu.be/QOIOy-cm0tY,237,Chullin 56b-57a: The Anatomy of Order
57a,video,NotebookLM,https://youtu.be/lc2FixMwc3M,238,Chullin 57a: Anatomy of a Ruling
57a,video,NotebookLM,https://youtu.be/hmKnxstg53M,239,Chullin 57a-b: The Dislocated Femur
57a,audio,Rabbi Aryeh Lebowitz,https://shiurim.yutorah.net/2019/1109/916100.MP3?redirect=download.yutorah.org,,
57b,video,NotebookLM,https://youtu.be/hmKnxstg53M,239,Chullin 57a-b: The Dislocated Femur
57b,video,NotebookLM,https://youtu.be/no9CMWtIdXo,240,Chullin 57b: Researcher of Matters
57b,video,NotebookLM,https://youtu.be/lmfq56IkoHo,241,Chullin 57b-58a: Thresholds of Viability
58a,video,NotebookLM,https://youtu.be/lmfq56IkoHo,241,Chullin 57b-58a: Thresholds of Viability
58a,video,NotebookLM,https://youtu.be/n4rYaUoCcw4,242,Chullin 58a-b: Biology in Dietary Law
58a,audio,Rabbi Aryeh Lebowitz,https://shiurim.yutorah.net/2019/1109/916228.MP3?redirect=download.yutorah.org,,
58b,video,NotebookLM,https://youtu.be/n4rYaUoCcw4,242,Chullin 58a-b: Biology in Dietary Law
58b,video,NotebookLM,https://youtu.be/_p_nC2Ks3JI,243,Chullin 58b: Dietary Anomalies
58b,video,NotebookLM,https://youtu.be/oOgYAz5SAgE,244,Chullin 58b: The Legal Status of Down
58b,video,NotebookLM,https://youtu.be/P4xYXoXb2eo,245,Chullin 58b: Ritual Defect vs Life
58b,video,NotebookLM,https://youtu.be/jnte_yrFLyM,246,Chullin 58b-59a: Talmudic Toxicology
59a,video,NotebookLM,https://youtu.be/jnte_yrFLyM,246,Chullin 58b-59a: Talmudic Toxicology
59a,video,NotebookLM,https://youtu.be/kLwFoBYw6yc,247,Chullin 59a: Detecting Ancient Venom
59a,video,NotebookLM,https://youtu.be/r3wQUNmn7hY,248,Chullin 59a: Mishnaic Taxonomy
59a,video,NotebookLM,https://youtu.be/3urCLUq_-uM,249,Chullin 59a: Kosher Animal Forensics
59a,video,NotebookLM,https://youtu.be/Vo4kgp_olTQ,250,Chullin 59a-b: Animal Diagnostics
59a,audio,Rabbi Aryeh Lebowitz,https://shiurim.yutorah.net/2019/1109/916305.MP3?redirect=download.yutorah.org,,
59b,video,NotebookLM,https://youtu.be/Vo4kgp_olTQ,250,Chullin 59a-b: Animal Diagnostics
59b,video,NotebookLM,https://youtu.be/qzi249mLZOc,251,Chullin 59b: Emperor and the Lion
59b,video,NotebookLM,https://youtu.be/_pVl6udpDX8,252,Chullin 59b-60a: Seeing the Divine
60a,video,NotebookLM,https://youtu.be/_pVl6udpDX8,252,Chullin 59b-60a: Seeing the Divine
60a,video,NotebookLM,https://youtu.be/35aV5PhBYpM,253,Chullin 60a: The Emperor’s Banquet: A Lesson in Infinite Scale
60a,video,NotebookLM,https://youtu.be/gtG6HpaEIUQ,254,Chullin 60a: The Weight of a Divine Gift
60a,video,NotebookLM,https://youtu.be/7_ERRPZGO_4,255,Chullin 60a: The Anatomy of Creation
60a,video,NotebookLM,https://youtu.be/AYBXc-j0UlY,256,Chullin 60a-b: The Unspoken Command
60a,audio,Rabbi Aryeh Lebowitz,https://shiurim.yutorah.net/2011/1109/763431.MP3?redirect=download.yutorah.org,,
60b,video,NotebookLM,https://youtu.be/AYBXc-j0UlY,256,Chullin 60a-b: The Unspoken Command
60b,video,NotebookLM,https://youtu.be/qTXkCO72Z3E,257,"Chullin 60b: Two Kings, One Crown"
60b,video,NotebookLM,https://youtu.be/AKeIFIh_V48,258,Chullin 60b: Creation Contradiction
60b,video,NotebookLM,https://youtu.be/qKtZQDwIAGY,259,Chullin 60b: Hidden Architecture
60b,video,NotebookLM,https://youtu.be/EW_ok7bSJXs,260,Chullin 60b-62a: The Kosher Bird Dilemma
61a,video,NotebookLM,https://youtu.be/EW_ok7bSJXs,260,Chullin 60b-62a: The Kosher Bird Dilemma
61a,audio,Rabbi Aryeh Lebowitz,https://shiurim.yutorah.net/2019/1109/916358.MP3?redirect=download.yutorah.org,,
61b,video,NotebookLM,https://youtu.be/EW_ok7bSJXs,260,Chullin 60b-62a: The Kosher Bird Dilemma
62a,video,NotebookLM,https://youtu.be/EW_ok7bSJXs,260,Chullin 60b-62a: The Kosher Bird Dilemma
62a,video,NotebookLM,https://youtu.be/eGni4JYwKWc,261,Chullin 62a: The Scratching Bird
62a,video,NotebookLM,https://youtu.be/hRQP6v3Dffc,262,Chullin 62a-63a: Kosher Birds: Law & Anatomy
62a,audio,Rabbi Aryeh Lebowitz,https://shiurim.yutorah.net/2019/1109/916423.MP3?redirect=download.yutorah.org,,
62b,video,NotebookLM,https://youtu.be/hRQP6v3Dffc,262,Chullin 62a-63a: Kosher Birds: Law & Anatomy
63a,video,NotebookLM,https://youtu.be/hRQP6v3Dffc,262,Chullin 62a-63a: Kosher Birds: Law & Anatomy
63a,video,NotebookLM,https://youtu.be/wsS3H3i4A3c,263,Chullin 63a-b: Calculating Non-Kosher Birds
63a,audio,Rabbi Aryeh Lebowitz,https://shiurim.yutorah.net/2019/1109/916529.MP3?redirect=download.yutorah.org,,
63b,video,NotebookLM,https://youtu.be/wsS3H3i4A3c,263,Chullin 63a-b: Calculating Non-Kosher Birds
63b,video,NotebookLM,https://youtu.be/IYrCRvGmK0o,264,Chullin 63b: Categorization & Tradition
63b,video,NotebookLM,https://youtu.be/ve5L65BbHw0,265,Chullin 63b-64b: Kosher Egg Inspection
64a,video,NotebookLM,https://youtu.be/ve5L65BbHw0,265,Chullin 63b-64b: Kosher Egg Inspection
64a,audio,Rabbi Aryeh Lebowitz,https://shiurim.yutorah.net/2019/1109/916652.MP3?redirect=download.yutorah.org,,
64b,video,NotebookLM,https://youtu.be/ve5L65BbHw0,265,Chullin 63b-64b: Kosher Egg Inspection
64b,video,NotebookLM,https://youtu.be/RnL1SxOvCGk,266,Chullin 64b: Halakhic Status of Eggs
64b,video,NotebookLM,https://youtu.be/6tI1IvJESU4,267,Chullin 64b-65a: Deriving Non-Kosher Eggs
65a,video,NotebookLM,https://youtu.be/6tI1IvJESU4,267,Chullin 64b-65a: Deriving Non-Kosher Eggs
65a,video,NotebookLM,https://youtu.be/6tClKILb1hc,268,Chullin 65a: Kosher Birds Taxonomy
65a,video,NotebookLM,https://youtu.be/8rTaTjk8HFk,269,Chullin 65a-66a: Kosher Grasshopper Logic
65a,audio,Rabbi Aryeh Lebowitz,https://shiurim.yutorah.net/2019/1109/916749.MP3?redirect=download.yutorah.org,,
65b,video,NotebookLM,https://youtu.be/8rTaTjk8HFk,269,Chullin 65a-66a: Kosher Grasshopper Logic
66a,video,NotebookLM,https://youtu.be/8rTaTjk8HFk,269,Chullin 65a-66a: Kosher Grasshopper Logic
66a,audio,Rabbi Aryeh Lebowitz,https://shiurim.yutorah.net/2011/1109/763459.MP3?redirect=download.yutorah.org,,
66b,video,NotebookLM,https://youtu.be/Zj_0zuUE3nQ,271,Chullin 66b-67a: Deriving Water Laws
67a,video,NotebookLM,https://youtu.be/Zj_0zuUE3nQ,271,Chullin 66b-67a: Deriving Water Laws
67a,video,NotebookLM,https://youtu.be/09JfIN1Y8nA,272,Chullin 67a: Laws of Water Creatures
67a,video,NotebookLM,https://youtu.be/K6112JCbOHU,273,Chullin 67a: The Logic of Permission
67a,video,NotebookLM,https://youtu.be/SCUpXCO7uLY,274,Chullin 67a: Rav Huna s Beer Ruling
67a,video,NotebookLM,https://youtu.be/OOawTRmgCe8,275,Chullin 67a-b: Swarming Thing Laws
67a,audio,Rabbi Aryeh Lebowitz,https://shiurim.yutorah.net/2011/1109/763503.MP3?redirect=download.yutorah.org,,
67b,video,NotebookLM,https://youtu.be/OOawTRmgCe8,275,Chullin 67a-b: Swarming Thing Laws
67b,video,NotebookLM,https://youtu.be/JRQwMLsXpuA,276,Chullin 67b: Testing Legal Boundaries
68a,audio,Rabbi Aryeh Lebowitz,https://shiurim.yutorah.net/2011/1109/763567.MP3?redirect=download.yutorah.org,,
69a,audio,Rabbi Aryeh Lebowitz,https://shiurim.yutorah.net/2019/1109/917063.MP3?redirect=download.yutorah.org,,
70a,audio,Rabbi Aryeh Lebowitz,https://shiurim.yutorah.net/2019/1109/917158.MP3?redirect=download.yutorah.org,,
71a,audio,Rabbi Aryeh Lebowitz,https://shiurim.yutorah.net/2019/1109/917266.MP3?redirect=download.yutorah.org,,
72a,video,NotebookLM,https://youtu.be/CwaZjq8a2Aw,298,Chullin 72a: The Concealed Corpse
72a,video,NotebookLM,https://youtu.be/qXR83bJdhuM,299,Chullin 72a-b: Mishnaic Purity Rulings
72a,audio,Rabbi Aryeh Lebowitz,https://shiurim.yutorah.net/2019/1109/917387.MP3?redirect=download.yutorah.org,,
72b,video,NotebookLM,https://youtu.be/qXR83bJdhuM,299,Chullin 72a-b: Mishnaic Purity Rulings
72b,video,NotebookLM,https://youtu.be/qrP9-KLRXrg,300,Chullin 72b-73a: The Mechanics of Intent
73a,video,NotebookLM,https://youtu.be/qrP9-KLRXrg,300,Chullin 72b-73a: The Mechanics of Intent
73a,video,NotebookLM,https://youtu.be/sjap7F0F0ao,301,Chullin 73a: Impurity & Fatal Defect
73a,video,NotebookLM,https://youtu.be/6aLx--w7KKA,302,Chullin 73a: The Fetal Limb Dilemma
73a,video,NotebookLM,https://youtu.be/j3GP0Ijowy4,303,Chullin 73a-b: Legal Matrix of Limbs
73a,audio,Rabbi Aryeh Lebowitz,https://shiurim.yutorah.net/2019/1109/917496.MP3?redirect=download.yutorah.org,,
73b,video,NotebookLM,https://youtu.be/j3GP0Ijowy4,303,Chullin 73a-b: Legal Matrix of Limbs
73b,video,NotebookLM,https://youtu.be/bVCM3LHNsm0,304,Chullin 73b: Law of the Hanging Limb
73b,video,NotebookLM,https://youtu.be/pzm3aEFMli8,305,Chullin 73b: Status of a Hanging Limb
74a,video,NotebookLM,https://youtu.be/rCuGQ4rB9Ys,306,Chullin 74a: Status of Hanging Limb
74a,video,NotebookLM,https://youtu.be/JkzIR524d7Q,307,Chullin 74a: Status of a Hanging Limb
74a,video,NotebookLM,https://youtu.be/gLbQ1iRYj_I,308,Chullin 74a: The Extended Foreleg
74a,video,NotebookLM,https://youtu.be/haO61uNe6a0,309,Chullin 74a: Purity and Slaughter
74a,video,NotebookLM,https://youtu.be/VikD2NuE31c,310,Chullin 74a: The Legal Stress-Test
74a,video,NotebookLM,https://youtu.be/GTa1YO6WGqI,311,Chullin 74a-b: Fetal Status Rulings
74a,audio,Rabbi Aryeh Lebowitz,https://shiurim.yutorah.net/2011/1109/763742.MP3?redirect=download.yutorah.org,,
74b,video,NotebookLM,https://youtu.be/GTa1YO6WGqI,311,Chullin 74a-b: Fetal Status Rulings
74b,video,NotebookLM,https://youtu.be/RbP_RTuK17Q,312,Chullin 74b: Fetus in Slaughtered Animal
74b,video,NotebookLM,https://youtu.be/Gh92wQCPn3s,313,Chullin 74b: Status of Fetal Blood
74b,video,NotebookLM,https://youtu.be/1Yt2zXjmwho,314,Chullin 74b: The Living Meat Paradox: Stress-Testing Legal Analogies
74b,video,NotebookLM,https://youtu.be/VsbIFUGZH-E,315,Chullin 74b-75a: Ritual Impurity Boundaries
75a,video,NotebookLM,https://youtu.be/VsbIFUGZH-E,315,Chullin 74b-75a: Ritual Impurity Boundaries
75a,video,NotebookLM,https://youtu.be/QMMFQqHEkzI,316,Chullin 75a: Status of Expelled Fetus
75a,video,NotebookLM,https://youtu.be/9VLxYrMGCkw,317,"Chullin 75a-b: Unviable Mother, Live Fetus"
75a,audio,Rabbi Aryeh Lebowitz,https://shiurim.yutorah.net/2019/1109/917558.MP3?redirect=download.yutorah.org,,
75b,video,NotebookLM,https://youtu.be/9VLxYrMGCkw,317,"Chullin 75a-b: Unviable Mother, Live Fetus"
75b,video,NotebookLM,https://youtu.be/tbNYqIw4VcE,318,Chullin 75b: Rescued Fetus Debate
76a,video,NotebookLM,https://youtu.be/lOUBSys0ivk,320,Chullin 76a-b: The Cartography of the Flesh
76a,audio,Rabbi Aryeh Lebowitz,https://shiurim.yutorah.net/2019/1109/917650.MP3?redirect=download.yutorah.org,,
76b,video,NotebookLM,https://youtu.be/lOUBSys0ivk,320,Chullin 76a-b: The Cartography of the Flesh
76b,video,NotebookLM,https://youtu.be/N9X7ZH9FB9I,321,Chullin 76b: Convergence of Sinews
76b,video,NotebookLM,https://youtu.be/s3F_OvKQKNo,322,Chullin 76b: The Broken Bone Dispute
76b,video,NotebookLM,https://youtu.be/lmnCXtMylls,323,Chullin 76b: Broken Bone Mechanics
76b,video,NotebookLM,https://youtu.be/jvO1iLveVhc,324,Chullin 76b-77a: Anatomy of a Threshold
77a,video,NotebookLM,https://youtu.be/jvO1iLveVhc,324,Chullin 76b-77a: Anatomy of a Threshold
77a,video,NotebookLM,https://youtu.be/2d5CFFWNq04,325,Chullin 77a: Placenta in Mishnaic Law
77a,video,NotebookLM,https://youtu.be/Qq4HveG2VK8,326,Chullin 77a: Text vs
77a,video,NotebookLM,https://youtu.be/qG-9vC0JVYQ,327,Chullin 77a-b: The Donkey Hide Dilemma
77a,audio,Rabbi Aryeh Lebowitz,https://shiurim.yutorah.net/2019/1109/917752.MP3?redirect=download.yutorah.org,,
77b,video,NotebookLM,https://youtu.be/qG-9vC0JVYQ,327,Chullin 77a-b: The Donkey Hide Dilemma
77b,video,NotebookLM,https://youtu.be/F-8KYBx0lsk,328,Chullin 77b: The Unattached Placenta
77b,video,NotebookLM,https://youtu.be/4DKfWPpYT9w,329,Chullin 77b: The Placenta Probability
77b,video,NotebookLM,https://youtu.be/jAWEkDhT9d4,330,Chullin 77b: Sacred Probability
77b,video,NotebookLM,https://youtu.be/KXbFlAYNfMg,331,Chullin 77b-78a: Superstition vs
78a,video,NotebookLM,https://youtu.be/KXbFlAYNfMg,331,Chullin 77b-78a: Superstition vs
78a,video,NotebookLM,https://youtu.be/3xC5yExSJYk,332,Chullin 78a: Mother & Offspring Matrix
78a,video,NotebookLM,https://youtu.be/_aMVDPj5zW8,333,Chullin 78a-b: Textual Mechanics
78a,audio,Rabbi Aryeh Lebowitz,https://shiurim.yutorah.net/2019/1109/917853.MP3?redirect=download.yutorah.org,,
78b,video,NotebookLM,https://youtu.be/_aMVDPj5zW8,333,Chullin 78a-b: Textual Mechanics
78b,video,NotebookLM,https://youtu.be/HIiqCHtZu4g,334,Chullin 78b-79a: The Parentage Paradigm
79a,video,NotebookLM,https://youtu.be/HIiqCHtZu4g,334,Chullin 78b-79a: The Parentage Paradigm
79a,audio,Rabbi Aryeh Lebowitz,https://shiurim.yutorah.net/2019/1109/917956.MP3?redirect=download.yutorah.org,,
79b,video,NotebookLM,https://youtu.be/Owvqx5gXt4M,335,Chullin 79b-80a: Hybrids in Ancient Law
80a,video,NotebookLM,https://youtu.be/Owvqx5gXt4M,335,Chullin 79b-80a: Hybrids in Ancient Law
80a,video,NotebookLM,https://youtu.be/vgTe8PrZaDY,336,Chullin 80a: Taxonomic Dilemma
80a,video,NotebookLM,https://youtu.be/x5RZUfPdxSw,337,Chullin 80a: The Forest Goat Taxonomy
80a,video,NotebookLM,https://youtu.be/8mJjpAATCuY,338,Chullin 80a-b: Logic of Unfit Slaughter
80a,audio,Rabbi Aryeh Lebowitz,https://shiurim.yutorah.net/2011/1109/763941.MP3?redirect=download.yutorah.org,,
80b,video,NotebookLM,https://youtu.be/8mJjpAATCuY,338,Chullin 80a-b: Logic of Unfit Slaughter
80b,video,NotebookLM,https://youtu.be/mlIus4cf5lk,339,Chullin 80b-81a: The Missing Punishment
81a,video,NotebookLM,https://youtu.be/mlIus4cf5lk,339,Chullin 80b-81a: The Missing Punishment
81a,video,NotebookLM,https://youtu.be/8RiS4ccsCm8,340,Chullin 81a-b: Unfit Slaughter Explainer
81a,audio,Rabbi Aryeh Lebowitz,https://shiurim.yutorah.net/2011/1109/763976.MP3?redirect=download.yutorah.org,,
81b,video,NotebookLM,https://youtu.be/8RiS4ccsCm8,340,Chullin 81a-b: Unfit Slaughter Explainer
81b,video,NotebookLM,https://youtu.be/ov0EmZ67Ncg,341,Chullin 81b: Action vs Outcome
81b,video,NotebookLM,https://youtu.be/SPH2Xlst2-s,342,Chullin 81b: Overlapping Penalties
81b,video,NotebookLM,https://youtu.be/wDkaubepMOw,343,Chullin 81b-82a: The Point of No Return
82a,video,NotebookLM,https://youtu.be/wDkaubepMOw,343,Chullin 81b-82a: The Point of No Return
82a,video,NotebookLM,https://youtu.be/PvEmsKWvdS4,344,Chullin 82a: Rights vs Reality
82a,video,NotebookLM,https://youtu.be/m747z2IsJeM,345,Chullin 82a: Precedence vs Prohibition
82a,video,NotebookLM,https://youtu.be/eE85K_8zmFA,347,Chullin 82a-b: Textual Analysis
82a,audio,Rabbi Aryeh Lebowitz,https://shiurim.yutorah.net/2011/1109/764028.MP3?redirect=download.yutorah.org,,
82b,video,NotebookLM,https://youtu.be/eE85K_8zmFA,347,Chullin 82a-b: Textual Analysis
82b,video,NotebookLM,https://youtu.be/Css9CVv4JOs,348,Chullin 82b-83a: The Logic of Penalties
83a,video,NotebookLM,https://youtu.be/Css9CVv4JOs,348,Chullin 82b-83a: The Logic of Penalties
83a,video,NotebookLM,https://youtu.be/U7fmIgbv_iQ,349,Chullin 83a: The Festival Market Paradox
83a,video,NotebookLM,https://youtu.be/i5WrhM8enAY,350,Chullin 83a: Market Law & Marriage
83a,video,NotebookLM,https://youtu.be/b7yfC428qpQ,351,Chullin 83a: Festival Eve Acquisitions
83a,video,NotebookLM,https://youtu.be/6gkE7Qc9_Z4,352,Chullin 83a: Defining: One Day
83a,video,NotebookLM,https://youtu.be/unrYDmHxxbg,353,Chullin 83a: Timeline of: One Day
83a,audio,Rabbi Aryeh Lebowitz,https://shiurim.yutorah.net/2019/1109/918224.MP3?redirect=download.yutorah.org,,
83b,video,NotebookLM,https://youtu.be/l4dApS93tW4,354,Chullin 83b: Mother & Offspring Law
83b,video,NotebookLM,https://youtu.be/aBY_ZaJAZEU,355,Chullin 83b: Covering the Blood
83b,video,NotebookLM,https://youtu.be/wFUWnwp-xVQ,356,Chullin 83b-84a: Sacrificial Bird Exemption
84a,video,NotebookLM,https://youtu.be/wFUWnwp-xVQ,356,Chullin 83b-84a: Sacrificial Bird Exemption
84a,video,NotebookLM,https://youtu.be/Xq4_DlNSnYI,357,Chullin 84a: Blood Like Water
84a,video,NotebookLM,https://youtu.be/5EWXAJcwVZs,358,Chullin 84a-b: Economics of Appetite
84a,audio,Rabbi Aryeh Lebowitz,https://shiurim.yutorah.net/2019/1109/918365.MP3?redirect=download.yutorah.org,,
84b,video,NotebookLM,https://youtu.be/5EWXAJcwVZs,358,Chullin 84a-b: Economics of Appetite
84b,video,NotebookLM,https://youtu.be/k6v-FatwvVc,359,Chullin 84b: Overriding Shabbat
84b,video,NotebookLM,https://youtu.be/b_qmlQKTwiI,360,Chullin 84b-85a: Dismantling Inference
85a,video,NotebookLM,https://youtu.be/b_qmlQKTwiI,360,Chullin 84b-85a: Dismantling Inference
85a,video,NotebookLM,https://youtu.be/xpd6vzjmFOk,361,Chullin 85a: Chullin 85a: Exemptions
85a,video,NotebookLM,https://youtu.be/sK6y0M16HMI,362,Chullin 85a: Ineffective Slaughter
85a,video,NotebookLM,https://youtu.be/QVq30-1mIZ8,363,Chullin 85a: Covering the Blood
85a,audio,Rabbi Aryeh Lebowitz,https://shiurim.yutorah.net/2019/1109/918488.MP3?redirect=download.yutorah.org,,
85b,video,NotebookLM,https://youtu.be/3zZxMZ8JHh4,365,Chullin 85b-86a: The Agricultural Paradox: Hacking Ancient Law
86a,video,NotebookLM,https://youtu.be/3zZxMZ8JHh4,365,Chullin 85b-86a: The Agricultural Paradox: Hacking Ancient Law
86a,video,NotebookLM,https://youtu.be/mgYpwIQnArs,366,Chullin 86a: The Cosmic Paradox of Merit
86a,video,NotebookLM,https://youtu.be/O7mnHyQTs_o,367,Chullin 86a: Supervision and Intent
86a,video,NotebookLM,https://youtu.be/ymz_Goh4pFs,368,Chullin 86a-b: Unsupervised Slaughter
86a,audio,Rabbi Aryeh Lebowitz,https://shiurim.yutorah.net/2019/1109/918584.MP3?redirect=download.yutorah.org,,
86b,video,NotebookLM,https://youtu.be/ymz_Goh4pFs,368,Chullin 86a-b: Unsupervised Slaughter
86b,video,NotebookLM,https://youtu.be/CwXR92a2IXU,369,Chullin 86b: Resolving the Paradox
86b,video,NotebookLM,https://youtu.be/mHMzfTgkpXo,370,Chullin 86b: Mass Slaughter Rules
86b,video,NotebookLM,https://youtu.be/JnkUOTZBwSQ,371,Chullin 86b: The Law of Covering the Blood
86b,video,NotebookLM,https://youtu.be/vaIS8MDAdvk,372,Chullin 86b-87a: The Invisible Boundaries of Intention
87a,video,NotebookLM,https://youtu.be/vaIS8MDAdvk,372,Chullin 86b-87a: The Invisible Boundaries of Intention
87a,video,NotebookLM,https://youtu.be/C3NyKK0p1p0,373,Chullin 87a: Covering the Blood
87a,video,NotebookLM,https://youtu.be/UuXhn3YgKW8,374,Chullin 87a: The Value of a Blessing
87a,video,NotebookLM,https://youtu.be/S_NFKOKlIhg,375,Chullin 87a: Limits of Duty
87a,video,NotebookLM,https://youtu.be/dOSHN96w7ss,376,Chullin 87a: Nature & Obligation
87a,video,NotebookLM,https://youtu.be/dQBgAqB9SM0,377,Chullin 87a-b: Mechanics of Mixtures
87a,audio,Rabbi Aryeh Lebowitz,https://shiurim.yutorah.net/2019/1109/918683.MP3?redirect=download.yutorah.org,,
87b,video,NotebookLM,https://youtu.be/dQBgAqB9SM0,377,Chullin 87a-b: Mechanics of Mixtures
87b,video,NotebookLM,https://youtu.be/hUqMLKVUYO0,378,Chullin 87b: Mechanics of Mixtures
87b,video,NotebookLM,https://youtu.be/FQxZYR4gPpE,379,Chullin 87b-88a: Ritual Impurity Mechanics
88a,video,NotebookLM,https://youtu.be/FQxZYR4gPpE,379,Chullin 87b-88a: Ritual Impurity Mechanics
88a,video,NotebookLM,https://youtu.be/74cZulRZIKo,380,Chullin 88a: Parsing: Its Blood
88a,video,NotebookLM,https://youtu.be/1dsY_ZzU93k,381,Chullin 88a: The Law of Covering Blood
88a,video,NotebookLM,https://youtu.be/hV0mpWiMakE,382,Chullin 88a: Sand for Covering Blood
88a,video,NotebookLM,https://youtu.be/F6FCpXpy3pE,383,Chullin 88a-b: Covering the Blood
88a,audio,Rabbi Aryeh Lebowitz,https://shiurim.yutorah.net/2011/1109/764249.MP3?redirect=download.yutorah.org,,
88b,video,NotebookLM,https://youtu.be/F6FCpXpy3pE,383,Chullin 88a-b: Covering the Blood
88b,video,NotebookLM,https://youtu.be/suka4Zylci4,384,Chullin 88b: Defining Earth
88b,video,NotebookLM,https://youtu.be/mreQQRzJwpw,385,Chullin 88b-89a: The Architecture of Divine Reward
89a,video,NotebookLM,https://youtu.be/mreQQRzJwpw,385,Chullin 88b-89a: The Architecture of Divine Reward
89a,video,NotebookLM,https://youtu.be/W1CF_1QjR0Q,386,Chullin 89a: Nerves to Heaven
89a,video,NotebookLM,https://youtu.be/CT-yfqr3yU0,386,Chullin 89a: The Weight of Nothingness
89a,video,NotebookLM,https://youtu.be/aVWNldHKj5U,387,Chullin 89a-b: Legal Reality of Dust
89a,audio,Rabbi Aryeh Lebowitz,https://shiurim.yutorah.net/2019/1109/918749.MP3?redirect=download.yutorah.org,,
89b,video,NotebookLM,https://youtu.be/aVWNldHKj5U,387,Chullin 89a-b: Legal Reality of Dust
89b,video,NotebookLM,https://youtu.be/hqM-VjNav9c,388,Chullin 89b: Sciatic Nerve Rules
89b,video,NotebookLM,https://youtu.be/ZDOPslr8xqk,389,Chullin 89b-90a: Overlapping Prohibitions
90a,video,NotebookLM,https://youtu.be/ZDOPslr8xqk,389,Chullin 89b-90a: Overlapping Prohibitions
90a,video,NotebookLM,https://youtu.be/yuQHHnO9LRA,390,Chullin 90a-b: Sciatic Nerve on the Altar
90a,audio,Rabbi Aryeh Lebowitz,https://shiurim.yutorah.net/2019/1109/918835.MP3?redirect=download.yutorah.org,,
90b,video,NotebookLM,https://youtu.be/yuQHHnO9LRA,390,Chullin 90a-b: Sciatic Nerve on the Altar
90b,video,NotebookLM,https://youtu.be/RYu48Pj5dGI,392,Chullin 90b: Exaggerated Language
90b,video,NotebookLM,https://youtu.be/yjeQ0bfKdHk,392,Chullin 90b: Exaggerated Language
90b,video,NotebookLM,https://youtu.be/Pf6OvFSWRgI,393,Chullin 90b-91a: The Sciatic Nerve
91a,video,NotebookLM,https://youtu.be/Pf6OvFSWRgI,393,Chullin 90b-91a: The Sciatic Nerve
91a,video,NotebookLM,https://youtu.be/xy_U1PRkkK8,394,Chullin 91a: Anatomy of a Struggle
91a,video,NotebookLM,https://youtu.be/DvzwX772Jfo,394,Chullin 91a: Jacob s Wrestling Match
91a,video,NotebookLM,https://youtu.be/IAM7fvgyveQ,394,Chullin 91a: Jacob vs The Angel
91a,audio,Rabbi Aryeh Lebowitz,https://shiurim.yutorah.net/2019/1109/918967.MP3?redirect=download.yutorah.org,,
91b,video,NotebookLM,https://youtu.be/eqJoRRLtOB8,398,Chullin 91b: Stones vs
91b,video,NotebookLM,https://youtu.be/d99hUhR-uo0,399,Chullin 91b: Dimensions of Jacob s Ladder
91b,video,NotebookLM,https://youtu.be/KgqqIILmVi0,400,Chullin 91b: Ladder & The Angels: Rage
91b,video,NotebookLM,https://youtu.be/7OuXZdHQWhU,401,Chullin 91b: Jacob s Dream & Folded Earth
92a,video,NotebookLM,https://youtu.be/J7D8MCkI7sg,405,Chullin 92a: The Allegorical Prism
92a,video,NotebookLM,https://youtu.be/q3qR73ON6jA,406,Chullin 92a-b: Textual Deductions
92a,audio,Rabbi Aryeh Lebowitz,https://shiurim.yutorah.net/2019/1109/919073.MP3?redirect=download.yutorah.org,,
92b,video,NotebookLM,https://youtu.be/q3qR73ON6jA,406,Chullin 92a-b: Textual Deductions
92b,video,NotebookLM,https://youtu.be/6FmLb9HFcr4,407,Chullin 92b: Sciatic Nerve & Avian Anatomy
92b,video,NotebookLM,https://youtu.be/ifpi3EIPpKA,408,Chullin 92b: The Late-Term Fetus
92b,video,NotebookLM,https://youtu.be/xxm1WZgiI0U,409,Chullin 92b: Anatomy of Liability
92b,video,NotebookLM,https://youtu.be/60KuCrvtNIE,410,Chullin 92b-93a: Anatomy of Ancient Law
93a,video,NotebookLM,https://youtu.be/60KuCrvtNIE,410,Chullin 92b-93a: Anatomy of Ancient Law
93a,video,NotebookLM,https://youtu.be/P5iwb_mJIV4,411,Chullin 93a: Anatomy and the Law
93a,video,NotebookLM,https://youtu.be/W5RtKYoImnI,412,Chullin 93a: Anatomical Rulings
93a,video,NotebookLM,https://youtu.be/EddoYnsGxH0,413,Chullin 93a: Anatomical Halakha
93a,video,NotebookLM,https://youtu.be/WpTinmaiT1k,414,Chullin 93a: Prophecy in Ancient Texts
93a,video,NotebookLM,https://youtu.be/UFEEResqfzU,414,Chullin 93a: Anatomy of a Contradiction
93a,video,NotebookLM,https://youtu.be/RrgxDbp3j_Y,415,Chullin 93a-b: Status of Crushed Organs
93a,audio,Rabbi Aryeh Lebowitz,https://shiurim.yutorah.net/2019/1109/919167.MP3?redirect=download.yutorah.org,,
93b,video,NotebookLM,https://youtu.be/RrgxDbp3j_Y,415,Chullin 93a-b: Status of Crushed Organs
93b,video,NotebookLM,https://youtu.be/wLOYEkQ4cU8,416,Chullin 93b: Dietary Rules for Goats
93b,video,NotebookLM,https://youtu.be/18OABPB9eXM,417,"Chullin 93b: Heat, Blood, and Law"
93b,video,NotebookLM,https://youtu.be/8MYFP-m2IqA,418,Chullin 93b: The Thermodynamics of Purity
93b,video,NotebookLM,https://youtu.be/pmbusXcze3A,419,Chullin 93b: Sciatic Nerve Anatomy
93b,video,NotebookLM,https://youtu.be/SdlI-re41Pg,420,Chullin 93b: The Weight of the Barley Grain
93b,video,NotebookLM,https://youtu.be/_e2jOhLbrys,422,Chullin 93b: The Textual Autopsy
93b,video,NotebookLM,https://youtu.be/WfaBsjQBz3M,423,Chullin 93b: Anatomy of a Law
94a,video,NotebookLM,https://youtu.be/Chsoczgvimo,427,Chullin 94a: Deception & Tragedy
94a,video,NotebookLM,https://youtu.be/k5WQH4R_hXM,428,Chullin 94a-b: Ancient Meat Commerce
94a,audio,Rabbi Aryeh Lebowitz,https://shiurim.yutorah.net/2019/1109/919299.MP3?redirect=download.yutorah.org,,
94b,video,NotebookLM,https://youtu.be/k5WQH4R_hXM,428,Chullin 94a-b: Ancient Meat Commerce
94b,video,NotebookLM,https://youtu.be/DSz0urp6Bq8,429,Chullin 94b: Ethics of Self-Deception
95a,video,NotebookLM,https://youtu.be/zGGgxpllzz0,431,Chullin 95a: Unsupervised Meat Law
95a,video,NotebookLM,https://youtu.be/o4xsmcyaCmg,432,Chullin 95a-b: Ancient Food Security
95a,audio,Rabbi Simon Wolf,https://shiurim.yutorah.net/2019/14945/919415.MP3?redirect=download.yutorah.org,,
95b,video,NotebookLM,https://youtu.be/o4xsmcyaCmg,432,Chullin 95a-b: Ancient Food Security
95b,video,NotebookLM,https://youtu.be/UAfWBno-omA,433,Chullin 95b: Unsupervised Meat Paradox
95b,video,NotebookLM,https://youtu.be/gCqvzWpZYJw,435,Chullin 95b: Omens & Auspicious Signs
95b,video,NotebookLM,https://youtu.be/YOFEGiKWa8g,436,Chullin 95b: The Logic of Unobserved Meat
95b,video,NotebookLM,https://youtu.be/UAzirplStKA,437,Chullin 95b: Ancient Duel of Minds
95b,video,NotebookLM,https://youtu.be/p3U-4JChMQs,438,Chullin 95b-96a: Evidentiary Paradox
95b,video,NotebookLM,https://youtu.be/QX2X_8R2M8o,438,Chullin 95b-96a: Visual vs
96a,video,NotebookLM,https://youtu.be/p3U-4JChMQs,438,Chullin 95b-96a: Evidentiary Paradox
96a,video,NotebookLM,https://youtu.be/QX2X_8R2M8o,438,Chullin 95b-96a: Visual vs
96a,video,NotebookLM,https://youtu.be/bH03oRIAOnQ,439,Chullin 96a: Sciatic Nerve Prohibition
96a,video,NotebookLM,https://youtu.be/Va48L42HIcE,440,Chullin 96a: The Sciatic Nerve
96a,video,NotebookLM,https://youtu.be/QDj8fihcrQU,441,Chullin 96a-b: Sciatic Nerve Prohibition
96a,audio,Rabbi Aryeh Lebowitz,https://shiurim.yutorah.net/2019/1109/919380.MP3?redirect=download.yutorah.org,,
96b,video,NotebookLM,https://youtu.be/QDj8fihcrQU,441,Chullin 96a-b: Sciatic Nerve Prohibition
96b,video,NotebookLM,https://youtu.be/bfdjlr7Foic,442,Chullin 96b: Measuring Imparted Flavor
96b,video,NotebookLM,https://youtu.be/8SI4UbxDIb0,443,Chullin 96b-97a: Anatomy of Flavor Transfer
97a,video,NotebookLM,https://youtu.be/8SI4UbxDIb0,443,Chullin 96b-97a: Anatomy of Flavor Transfer
97a,video,NotebookLM,https://youtu.be/aJyo7mpdNL0,444,Chullin 97a: Forbidden Flavors in Mixtures
97a,audio,Rabbi Aryeh Lebowitz,https://shiurim.yutorah.net/2019/1109/919472.MP3?redirect=download.yutorah.org,,
97b,video,NotebookLM,https://youtu.be/pPq-R2K-UYw,446,Chullin 97b: The Exilarch s Salted Meat
97b,video,NotebookLM,https://youtu.be/Db6SkaFgt9s,447,Chullin 97b: The Sixty Times Ratio
97b,video,NotebookLM,https://youtu.be/-48KgRqWtYs,448,Chullin 97b: The Flavor Stress Test
97b,video,NotebookLM,https://youtu.be/O7lotbJJQ50,449,Chullin 97b: Math of Nullification
97b,video,NotebookLM,https://youtu.be/E7VcQ9b9K50,450,Chullin 97b: Volumetric Nullification
97b,video,NotebookLM,https://youtu.be/Mh2EzO-jrdQ,451,Chullin 97b-98a: The Logic of Flavor
98a,video,NotebookLM,https://youtu.be/Mh2EzO-jrdQ,451,Chullin 97b-98a: The Logic of Flavor
98a,video,NotebookLM,https://youtu.be/xV_bhaAXI50,453,Chullin 98a: Mathematics of Mixtures
98a,video,NotebookLM,https://youtu.be/PeiZ7jG0p0c,454,Chullin 98a: Nullifying Non-Kosher Food
98a,video,NotebookLM,https://youtu.be/Sf_gaAZYUEs,455,Chullin 98a-99a: The Math of Nullification
98a,audio,Rabbi Aryeh Lebowitz,https://shiurim.yutorah.net/2019/1109/919567.MP3?redirect=download.yutorah.org,,
98b,video,NotebookLM,https://youtu.be/Sf_gaAZYUEs,455,Chullin 98a-99a: The Math of Nullification
99a,video,NotebookLM,https://youtu.be/Sf_gaAZYUEs,455,Chullin 98a-99a: The Math of Nullification
99a,video,NotebookLM,https://youtu.be/pjTAYmSBiH4,456,Chullin 99a-b: Potency & Proportions
99a,audio,Rabbi Aryeh Lebowitz,https://shiurim.yutorah.net/2019/1109/919701.MP3?redirect=download.yutorah.org,,
99b,video,NotebookLM,https://youtu.be/pjTAYmSBiH4,456,Chullin 99a-b: Potency & Proportions
99b,video,NotebookLM,https://youtu.be/cPS3Vji1iOQ,457,Chullin 99b: Math of Nullification
99b,video,NotebookLM,https://youtu.be/SzGzOOsFcQ8,457,Chullin 99b: Flavor Transference Analysis
99b,video,NotebookLM,https://youtu.be/9fI-yy6tHEM,458,Chullin 99b: The Logic of Nullification
100a,video,NotebookLM,https://youtu.be/Ry2YBg_Y66E,459,Chullin 100a: Overriding the Majority: The Legal Logic of Significance
100a,video,NotebookLM,https://youtu.be/v8TQv3F1LoM,460,Chullin 100a-b: The Cascade Effect: Modeling Imparted Flavor and Nullifica
100a,audio,Rabbi Aryeh Lebowitz,https://shiurim.yutorah.net/2019/1109/919819.MP3?redirect=download.yutorah.org,,
100b,video,NotebookLM,https://youtu.be/v8TQv3F1LoM,460,Chullin 100a-b: The Cascade Effect: Modeling Imparted Flavor and Nullifica
100b,video,NotebookLM,https://youtu.be/X9jdKsOM5q8,461,Chullin 100b: Overlapping Prohibitions
100b,video,NotebookLM,https://youtu.be/75eLnjBGNJw,461,Chullin 100b: Sciatic Nerve Dispute
100b,video,NotebookLM,https://youtu.be/3AcxHA9vS0I,462,Chullin 100b: Sciatic Nerve & Sinai
100b,video,NotebookLM,https://youtu.be/cHAsUj0zg88,463,Chullin 100b-101a: Volumetric Thresholds
100b,video,NotebookLM,https://youtu.be/tPcKpfk0sks,463,Chullin 100b-101a: Sciatic Nerve Debate
101a,video,NotebookLM,https://youtu.be/cHAsUj0zg88,463,Chullin 100b-101a: Volumetric Thresholds
101a,video,NotebookLM,https://youtu.be/tPcKpfk0sks,463,Chullin 100b-101a: Sciatic Nerve Debate
101a,video,NotebookLM,https://youtu.be/T83mtOlDsm0,464,Chullin 101a-b: Legal Layering Logic
101a,audio,Rabbi Aryeh Lebowitz,https://shiurim.yutorah.net/2019/1109/919969.MP3?redirect=download.yutorah.org,,
101b,video,NotebookLM,https://youtu.be/T83mtOlDsm0,464,Chullin 101a-b: Legal Layering Logic
101b,video,NotebookLM,https://youtu.be/HYm0oncSLew,465,Chullin 101b: When Holy Days Collide
101b,video,NotebookLM,https://youtu.be/HOv90NwqXq4,467,Chullin 101b-102a: Severed Limb Prohibition
102a,video,NotebookLM,https://youtu.be/HOv90NwqXq4,467,Chullin 101b-102a: Severed Limb Prohibition
102a,video,NotebookLM,https://youtu.be/Hebv9FymlVs,468,Chullin 102a: Limb Law & The Gentile
102a,audio,Rabbi Aryeh Lebowitz,https://shiurim.yutorah.net/2011/1109/764692.MP3?redirect=download.yutorah.org,,
102b,video,NotebookLM,https://youtu.be/GXGdWiH7F2g,470,Chullin 102b: Power of Intention
103a,audio,Rabbi Aryeh Lebowitz,https://shiurim.yutorah.net/2019/1109/920022.MP3?redirect=download.yutorah.org,,
104a,audio,Rabbi Aryeh Lebowitz,https://shiurim.yutorah.net/2019/1109/920103.MP3?redirect=download.yutorah.org,,
105a,audio,Rabbi Aryeh Lebowitz,https://shiurim.yutorah.net/2019/1109/920243.MP3?redirect=download.yutorah.org,,
105b,video,NotebookLM,https://youtu.be/KQuiUyfAvUY,492,Chullin 105b: The Tactical Table
106a,audio,Rabbi Aryeh Lebowitz,https://shiurim.yutorah.net/2019/1109/920365.MP3?redirect=download.yutorah.org,,
107a,video,NotebookLM,https://youtu.be/M_GowL51KZY,500,Chullin 107a: Mechanics of Handwashing
107a,audio,Rabbi Aryeh Lebowitz,https://shiurim.yutorah.net/2019/1109/920497.MP3?redirect=download.yutorah.org,,
107b,video,NotebookLM,https://youtu.be/3RIQ7HnDcGU,505,Chullin 107b: Handwashing Dilemma
107b,video,NotebookLM,https://youtu.be/_wlfcDtIAF4,506,Chullin 107b: Meal Etiquette Protocols
107b,video,NotebookLM,https://youtu.be/XDNYkTdEsFY,508,Chullin 107b: Meat & Dairy Proximity
107b,video,NotebookLM,https://youtu.be/DbSe6iBvy7k,509,Chullin 107b: Mechanics of Cold Contact
107b,video,NotebookLM,https://youtu.be/cLQ7qrYr3Z4,510,Chullin 107b: Table Boundaries
107b,video,NotebookLM,https://youtu.be/LD1-E_dU8mg,511,Chullin 107b-108a: Danger of Exceptions
108a,video,NotebookLM,https://youtu.be/LD1-E_dU8mg,511,Chullin 107b-108a: Danger of Exceptions
108a,video,NotebookLM,https://youtu.be/IvtWaeEX-QI,512,Chullin 108a: Measuring The Mix
108a,video,NotebookLM,https://youtu.be/CS-r60TKZOs,513,Chullin 108a-108b: Meat and Milk Law Cascade
108a,audio,Rabbi Aryeh Lebowitz,https://shiurim.yutorah.net/2019/1109/920626.MP3?redirect=download.yutorah.org,,
108b,video,NotebookLM,https://youtu.be/CS-r60TKZOs,513,Chullin 108a-108b: Meat and Milk Law Cascade
108b,video,NotebookLM,https://youtu.be/znc4ApsSXp4,514,Chullin 108b: Fractions of Liability
108b,video,NotebookLM,https://youtu.be/y7tHzXSBIhM,515,Chullin 108b-109a: Mechanics of the Mix
109a,video,NotebookLM,https://youtu.be/y7tHzXSBIhM,515,Chullin 108b-109a: Mechanics of the Mix
109a,video,NotebookLM,https://youtu.be/l_qORn30hKY,516,Chullin 109a: Physics of the Pot
109a,video,NotebookLM,https://youtu.be/ZFdpCOw5IB8,517,Chullin 109a: Anatomy & Law: Udder & Heart
109a,audio,Rabbi Moshe D. Tendler,https://shiurim.yutorah.net/2011/5863/766371.MP3?redirect=download.yutorah.org,,
109b,video,NotebookLM,https://youtu.be/4bci9JqrKkg,518,Chullin 109b: The Untorn Udder
109b,video,NotebookLM,https://youtu.be/af1JI-O1myw,519,Chullin 109b: Mechanics of Udder Prep
109b,video,NotebookLM,https://youtu.be/Jb4NeKcuDZQ,520,Chullin 109b-110a: The Architecture of Desire
110a,video,NotebookLM,https://youtu.be/Jb4NeKcuDZQ,520,Chullin 109b-110a: The Architecture of Desire
110a,video,NotebookLM,https://youtu.be/Jr8jgTjyons,521,Chullin 110a: Fencing the Valley
110a,video,NotebookLM,https://youtu.be/w0sHCIh4PSQ,522,Chullin 110a: Trust at Dinner Table
110a,video,NotebookLM,https://youtu.be/eKJns2zQH1o,523,Chullin 110a-110b: The Legal Showdown in Sura
110a,audio,Rabbi Aryeh Lebowitz,https://shiurim.yutorah.net/2019/1109/920694.MP3?redirect=download.yutorah.org,,
110b,video,NotebookLM,https://youtu.be/eKJns2zQH1o,523,Chullin 110a-110b: The Legal Showdown in Sura
110b,video,NotebookLM,https://youtu.be/bQwyIqycugw,524,"Chullin 110b-111a: Blood, Liver & Culinary Law"
111a,video,NotebookLM,https://youtu.be/bQwyIqycugw,524,"Chullin 110b-111a: Blood, Liver & Culinary Law"
111a,video,NotebookLM,https://youtu.be/iBgXi9a1Beg,525,Chullin 111a: Preparing the Liver
111a,video,NotebookLM,https://youtu.be/ZstfGz3xtsE,526,Chullin 111a-111b: Physics & Law of the Spit
111a,audio,Rabbi Aryeh Lebowitz,https://shiurim.yutorah.net/2019/1109/920779.MP3?redirect=download.yutorah.org,,
111b,video,NotebookLM,https://youtu.be/ZstfGz3xtsE,526,Chullin 111a-111b: Physics & Law of the Spit
111b,video,NotebookLM,https://youtu.be/cDsr1ZR4Bqk,527,Chullin 111b: Temperature Mechanics
111b,video,NotebookLM,https://youtu.be/lYTD9oJJmrE,528,Chullin 111b: Flavor Transfer Law
111b,video,NotebookLM,https://youtu.be/bmaUidK5-dk,529,Chullin 111b-112a: The Borders of the Table
112a,video,NotebookLM,https://youtu.be/bmaUidK5-dk,529,Chullin 111b-112a: The Borders of the Table
112a,video,NotebookLM,https://youtu.be/44EL0zP1hhg,530,Chullin 112a: Salt vs Vinegar Physics
112a,video,NotebookLM,https://youtu.be/V1J1AWEZgbM,531,Chullin 112a: Halakhic Forensics
112a,video,NotebookLM,https://youtu.be/zlBpvEbqU40,532,Chullin 112a: The Sanguine Stain
112a,video,NotebookLM,https://youtu.be/-8WvJ0BxbKg,533,Chullin 112a-112b: Meat Drippings Mechanics
112a,audio,Rabbi Aryeh Lebowitz,https://shiurim.yutorah.net/2019/1109/920878.MP3?redirect=download.yutorah.org,,
112b,video,NotebookLM,https://youtu.be/-8WvJ0BxbKg,533,Chullin 112a-112b: Meat Drippings Mechanics
112b,video,NotebookLM,https://youtu.be/F2nF2O0cfBE,534,Chullin 112b-113a: Mechanics of Salting
113a,video,NotebookLM,https://youtu.be/F2nF2O0cfBE,534,Chullin 112b-113a: Mechanics of Salting
113a,video,NotebookLM,https://youtu.be/vuqt6r-SJoo,535,Chullin 113a: Ridding Meat of Blood
113a,video,NotebookLM,https://youtu.be/E5on8zyVBhU,536,Chullin 113a: The Mechanics of Salting Meat
113a,video,NotebookLM,https://youtu.be/er-0lQ7czjA,537,Chullin 113a: Interrupted Slaughter
113a,video,NotebookLM,https://youtu.be/FGVCRhRqNAk,538,Chullin 113a: Poultry & Cheese Law
113a,video,NotebookLM,https://youtu.be/OSG0r7QUt00,540,Chullin 113a: Defining Meat and Milk Rules
113a,video,NotebookLM,https://youtu.be/LTsPlvCAS00,541,Chullin 113a-113b: The Scope of 'Kid'
113a,audio,Rabbi Aryeh Lebowitz,https://shiurim.yutorah.net/2019/1109/920997.MP3?redirect=download.yutorah.org,,
113b,video,NotebookLM,https://youtu.be/LTsPlvCAS00,541,Chullin 113a-113b: The Scope of 'Kid'
113b,video,NotebookLM,https://youtu.be/u1B57bM4lvQ,542,Chullin 113b: Legal Matrix of Meat & Milk
113b,video,NotebookLM,https://youtu.be/DBIUurfrcWc,543,Chullin 113b: Defining Mother's Milk
113b,video,NotebookLM,https://youtu.be/rpirW2RdyBw,544,Chullin 113b-114a: Overlapping Prohibitions
114a,video,NotebookLM,https://youtu.be/rpirW2RdyBw,544,Chullin 113b-114a: Overlapping Prohibitions
114a,video,NotebookLM,https://youtu.be/B8D4PkpMLa0,545,Chullin 114a: Legal Status of Whey
114a,video,NotebookLM,https://youtu.be/d8XOXH68IqQ,546,Chullin 114a: Logic of the Dinner Table
114a,video,NotebookLM,https://youtu.be/uMu65vaJsS0,547,"Chullin 114a-114b: Meat, Milk & Logic"
114a,audio,Rabbi Aryeh Lebowitz,https://shiurim.yutorah.net/2019/1109/921074.MP3?redirect=download.yutorah.org,,
114b,video,NotebookLM,https://youtu.be/uMu65vaJsS0,547,"Chullin 114a-114b: Meat, Milk & Logic"
114b,video,NotebookLM,https://youtu.be/qKx3cW5OnjQ,548,Chullin 114b: Dietary & Commerce Laws
114b,video,NotebookLM,https://youtu.be/PQ_EAcnILNo,549,Chullin 114b-115a: Prohibited Product Paradox
115a,video,NotebookLM,https://youtu.be/PQ_EAcnILNo,549,Chullin 114b-115a: Prohibited Product Paradox
115a,video,NotebookLM,https://youtu.be/f57hrSxS_6Q,550,Chullin 115a-115b: Meat & Milk: Source Code
115a,audio,Rabbi Aryeh Lebowitz,https://shiurim.yutorah.net/2019/1109/921117.MP3?redirect=download.yutorah.org,,
115b,video,NotebookLM,https://youtu.be/f57hrSxS_6Q,550,Chullin 115a-115b: Meat & Milk: Source Code
115b,video,NotebookLM,https://youtu.be/jVTphivLfgg,552,Chullin 115b-116a: Meat & Milk Law Deduction
115b,video,NotebookLM,https://youtu.be/yCFYHtwOvLY,647,Chullin 115b: The Paradox of the Hidden Connection
116a,video,NotebookLM,https://youtu.be/jVTphivLfgg,552,Chullin 115b-116a: Meat & Milk Law Deduction
116a,video,NotebookLM,https://youtu.be/5rj352cf7RE,553,Chullin 116a: Boundaries of Benefit
116a,video,NotebookLM,https://youtu.be/xTUaKeeCIAc,554,Chullin 116a: Meat & Milk Legal Puzzle
116a,video,NotebookLM,https://youtu.be/36eqiwR8fqw,555,Chullin 116a: The Law of the Plate
116a,video,NotebookLM,https://youtu.be/K1lCNYWOSc4,556,Chullin 116a-116b: Ancient Dietary Law
116a,audio,Rabbi Simon Wolf,https://shiurim.yutorah.net/2019/14945/921184.MP3?redirect=download.yutorah.org,,
116b,video,NotebookLM,https://youtu.be/4bu07mHzDL4,557,Chullin 116b: The Law of the Stomach
116b,video,NotebookLM,https://youtu.be/K1lCNYWOSc4,556,Chullin 116a-116b: Ancient Dietary Law
116b,video,NotebookLM,https://youtu.be/JbzSZ-Rk5r8,558,Chullin 116b: Ancient Cheese Paradox
116b,video,NotebookLM,https://youtu.be/_FEs9qSIXMg,559,Chullin 116b: The Status of Rennet
116b,video,NotebookLM,https://youtu.be/7Qo6VgLrpAg,560,Chullin 116b-117a: Fat vs Blood Stringencies
117a,video,NotebookLM,https://youtu.be/7Qo6VgLrpAg,560,Chullin 116b-117a: Fat vs Blood Stringencies
117a,video,NotebookLM,https://youtu.be/Xf5BK3IMb9M,561,Chullin 117a: The Law of Forbidden Fat
117a,video,NotebookLM,https://youtu.be/BWImlVdn6KM,562,Chullin 117a: Sheep Tail Dilemma
117a,video,NotebookLM,https://youtu.be/9bhR9rhjtUc,563,Chullin 117a-117b: The Legal Firewall of the Ancient Temple
117a,audio,Rabbi Aryeh Lebowitz,https://shiurim.yutorah.net/2019/1109/921148.MP3?redirect=download.yutorah.org,,
117b,video,NotebookLM,https://youtu.be/9bhR9rhjtUc,563,Chullin 117a-117b: The Legal Firewall of the Ancient Temple
117b,video,NotebookLM,https://youtu.be/hF_ZayJwUZ4,564,Chullin 117b: Boundaries of Impurity
117b,video,NotebookLM,https://youtu.be/y8amTlZf5tI,565,Chullin 117b-118a: Impurity: Handles vs. Covers
118a,video,NotebookLM,https://youtu.be/y8amTlZf5tI,565,Chullin 117b-118a: Impurity: Handles vs. Covers
118a,video,NotebookLM,https://youtu.be/I4INp96mNDs,566,Chullin 118a-118b: Laws of Appendages
118a,audio,Rabbi Aryeh Lebowitz,https://shiurim.yutorah.net/2019/1109/921208.MP3?redirect=download.yutorah.org,,
118b,video,NotebookLM,https://youtu.be/I4INp96mNDs,566,Chullin 118a-118b: Laws of Appendages
118b,video,NotebookLM,https://youtu.be/4TgZUKz_-30,567,Chullin 118b: The Boundaries Of Food
118b,video,NotebookLM,https://youtu.be/4UuIkD7WwyE,568,Chullin 118b: Boundaries of Impurity
118b,video,NotebookLM,https://youtu.be/_W4nZYHHz9o,569,Chullin 118b-119a: Thresholds of Impurity
119a,video,NotebookLM,https://youtu.be/_W4nZYHHz9o,569,Chullin 118b-119a: Thresholds of Impurity
119a,video,NotebookLM,https://youtu.be/8d0G7Vc1aLg,570,Chullin 119a: Legume Architecture
119a,video,NotebookLM,https://youtu.be/0RCMdWgdE0w,571,Chullin 119a-119b: When Abstract Law Meets Ancient Legend
119a,audio,Rabbi Aryeh Lebowitz,https://shiurim.yutorah.net/2019/1109/921273.MP3?redirect=download.yutorah.org,,
119b,video,NotebookLM,https://youtu.be/0RCMdWgdE0w,571,Chullin 119a-119b: When Abstract Law Meets Ancient Legend
119b,video,NotebookLM,https://youtu.be/7LNvu0JJass,572,Chullin 119b: The Anatomy of Impurity
119b,video,NotebookLM,https://youtu.be/IgamenvWzeY,573,Chullin 119b-120a: The Funnel of Legal Logic
120a,video,NotebookLM,https://youtu.be/rSQWitFBJKE,576,Chullin 120a: Liquid Liability
120a,video,NotebookLM,https://youtu.be/IgamenvWzeY,573,Chullin 119b-120a: The Funnel of Legal Logic
120a,video,NotebookLM,https://youtu.be/y0lRA76knXY,574,Chullin 120a: Volume and Impurity
120a,video,NotebookLM,https://youtu.be/lubauNRs4aA,575,Chullin 120a: Food: Spices & Residue
120a,video,NotebookLM,https://youtu.be/os6fdJ68xKc,577,Chullin 120a: Logic of Prohibitions
120a,video,NotebookLM,https://youtu.be/XzNyehFd5ik,578,Chullin 120a-120b: Creeping Animal Laws
120a,audio,Rabbi Aryeh Lebowitz,https://shiurim.yutorah.net/2019/1109/921372.MP3?redirect=download.yutorah.org,,
120b,video,NotebookLM,https://youtu.be/XzNyehFd5ik,578,Chullin 120a-120b: Creeping Animal Laws
120b,video,NotebookLM,https://youtu.be/xsVItv-0ZQo,579,Chullin 120b: Status of Extracted Liquids
120b,video,NotebookLM,https://youtu.be/gG5tCh_qpdY,580,Chullin 120b-121a: Extracting the Law
121a,video,NotebookLM,https://youtu.be/gG5tCh_qpdY,580,Chullin 120b-121a: Extracting the Law
121a,video,NotebookLM,https://youtu.be/P3H2SCL9TNo,581,Chullin 121a: Anatomy & Intent
121a,video,NotebookLM,https://youtu.be/ZEVRyva84ro,582,Chullin 121a: Limits of Impurity
121a,video,NotebookLM,https://youtu.be/JpDyJJsxcII,583,Chullin 121a-121b: The Twitching Animal
121a,audio,Rabbi Aryeh Lebowitz,https://shiurim.yutorah.net/2019/1109/921503.MP3?redirect=download.yutorah.org,,
121b,video,NotebookLM,https://youtu.be/JpDyJJsxcII,583,Chullin 121a-121b: The Twitching Animal
121b,video,NotebookLM,https://youtu.be/giWGpLiCZ1U,584,Chullin 121b: Twitching Animal Status
121b,video,NotebookLM,https://youtu.be/6f1XAoFQGj8,585,Chullin 121b: Slaughter & Impurity
122a,video,NotebookLM,https://youtu.be/LECaSEOtF1w,588,Chullin 122a: Halakha of Skin and Flesh
122a,video,NotebookLM,https://youtu.be/7v45bOu71nE,588,Chullin 122a: Skin or Flesh? Impurity Law
122a,video,NotebookLM,https://youtu.be/DtmWzdq51VA,588,"Chullin 122a: Skin, Flesh & Impurity"
122a,audio,Rabbi Aryeh Lebowitz,https://shiurim.yutorah.net/2019/1109/921622.MP3?redirect=download.yutorah.org,,
122b,video,NotebookLM,https://youtu.be/78ZXdmWf1s0,595,Chullin 122b: Impure Creeping Animals
122b,video,NotebookLM,https://youtu.be/ub1yKR4UCro,596,Chullin 122b: Animal Skins Law
122b,video,NotebookLM,https://youtu.be/4dXezKeoyvY,597,Chullin 122b-123a: The Spatial Logic of Four Mil
122b,video,NotebookLM,https://youtu.be/H3_nKJWoZBw,593,Chullin 122b: The Minority Opinion in Mishnaic Disguise: Anatomy of a Legal Illusion
122b,video,NotebookLM,https://youtu.be/JOH1s2K6D_s,594,Chullin 122b: Anatomical Jurisprudence: Defining the Hide of the Hooves
123a,video,NotebookLM,https://youtu.be/4dXezKeoyvY,597,Chullin 122b-123a: The Spatial Logic of Four Mil
123a,video,NotebookLM,https://youtu.be/bwh4RV-aN7E,598,Chullin 123a: The Legion’s Secret
123a,video,NotebookLM,https://youtu.be/CWBjOB1iJGE,599,Chullin 123a: Laws of Flaying & Impurity
123a,video,NotebookLM,https://youtu.be/O2uijZf9ows,600,Chullin 123a: Mechanics of Impurity
123a,video,NotebookLM,https://youtu.be/ZXWeJ_t_DPU,601,Chullin 123a: Dimensions of Purity
123a,video,NotebookLM,https://youtu.be/Dra1LenLNS0,602,Chullin 123a-123b: The Legal Stress Test
123a,audio,Rabbi Aryeh Lebowitz,https://shiurim.yutorah.net/2011/1109/764988.MP3?redirect=download.yutorah.org,,
123b,video,NotebookLM,https://youtu.be/Dra1LenLNS0,602,Chullin 123a-123b: The Legal Stress Test
123b,video,NotebookLM,https://youtu.be/QuY_bbhx9d8,603,Chullin 123b-124a: Anatomy of a Broken Object
124a,video,NotebookLM,https://youtu.be/OMxnFsGs65s,471,Chullin 124a: Mechanics of Dietary Law
124a,video,NotebookLM,https://youtu.be/IEneLPwPiNU,472,Chullin 124a: Overlapping Prohibitions
124a,video,NotebookLM,https://youtu.be/QuY_bbhx9d8,603,Chullin 123b-124a: Anatomy of a Broken Object
124a,video,NotebookLM,https://youtu.be/dplBWkqzv3Y,604,Chullin 124a: Architecture of Purity
124a,video,NotebookLM,https://youtu.be/xU7HKR_nyQI,605,Chullin 124a: The Anatomy of an Oven
124a,video,NotebookLM,https://youtu.be/po10mcjSY5w,606,Chullin 124a: The Threshold of Utility
124a,video,NotebookLM,https://youtu.be/uHp2BSMx3IU,606,Chullin 124a: Utility & Ritual Impurity
124a,video,NotebookLM,https://youtu.be/YZxWBIw7d_4,607,Chullin 124a: Mechanics of Impurity
124a,video,NotebookLM,https://youtu.be/njO3fNN9YQg,608,Chullin 124a: Academic Peer Review
124a,audio,Rabbi Aryeh Lebowitz,https://shiurim.yutorah.net/2019/1109/921687.MP3?redirect=download.yutorah.org,,
124b,video,NotebookLM,https://youtu.be/Emc278BBY3A,473,Chullin 124b: Mechanics of Eating
124b,video,NotebookLM,https://youtu.be/z98iXv8AvL4,474,Chullin 124b: Anatomies of Consumption Calculating the Olive Bulk in To
124b,video,NotebookLM,https://youtu.be/jH47Gx1tk5U,475,Chullin 124b: Definition of Eating
124b,video,NotebookLM,https://youtu.be/GQAv624DnbE,476,Chullin 124b-125a: Meat Milk Separation
124b,video,NotebookLM,https://youtu.be/QTPJ605onY8,609,Chullin 124b: Divided Olive-Bulk Law
124b,video,NotebookLM,https://youtu.be/M4tN0tNG58Q,610,Chullin 124b: The Raven and the Apple Trees
124b,video,NotebookLM,https://youtu.be/kG9bdyOsGEo,611,Chullin 124b: Carrying Impurity
124b,video,NotebookLM,https://youtu.be/gmoxjUM80Yo,612,Chullin 124b-125a: Physics of the Thigh Bone
125a,video,NotebookLM,https://youtu.be/GQAv624DnbE,476,Chullin 124b-125a: Meat Milk Separation
125a,video,NotebookLM,https://youtu.be/EGzA97HjU-E,477,Chullin 125a: Classifying Meat Milk
125a,video,NotebookLM,https://youtu.be/Tys_b_vRPW4,478,Chullin 125a: Dinner Table Deductions
125a,video,NotebookLM,https://youtu.be/5-ydUWO2wzU,479,"Chullin 125a: Poultry, Cheese The Table"
125a,video,NotebookLM,https://youtu.be/0-lqO0jU6GQ,480,Chullin 125a-126a: The Weight of a Name
125a,video,NotebookLM,https://youtu.be/gmoxjUM80Yo,612,Chullin 124b-125a: Physics of the Thigh Bone
125a,video,NotebookLM,https://youtu.be/LLEs2fL8QM4,613,Chullin 125a: Talmudic Stress-Test
125a,video,NotebookLM,https://youtu.be/Yd1597z7B-g,614,Chullin 125a: Anatomy of Impurity
125a,video,NotebookLM,https://youtu.be/jzcL-61yewI,615,Chullin 125a: The Rattling Marrow
125a,video,NotebookLM,https://youtu.be/c6keRYU7s0w,616,Chullin 125a-126a: Physics of Impurity
125a,audio,Rabbi Aryeh Lebowitz,https://shiurim.yutorah.net/2019/1109/921760.MP3?redirect=download.yutorah.org,,
125b,video,NotebookLM,https://youtu.be/0-lqO0jU6GQ,480,Chullin 125a-126a: The Weight of a Name
125b,video,NotebookLM,https://youtu.be/c6keRYU7s0w,616,Chullin 125a-126a: Physics of Impurity
126a,video,NotebookLM,https://youtu.be/0-lqO0jU6GQ,480,Chullin 125a-126a: The Weight of a Name
126a,video,NotebookLM,https://youtu.be/o80OSIQBjvc,481,Chullin 126a: The Dinner Table Tribunal
126a,video,NotebookLM,https://youtu.be/bDAv5fZF8SE,482,Chullin 126a-126b: Talmudic Table Etiquette
126a,video,NotebookLM,https://youtu.be/c6keRYU7s0w,616,Chullin 125a-126a: Physics of Impurity
126a,video,NotebookLM,https://youtu.be/QGTKgPMqFqU,617,Chullin 126a: Law of the Threshold
126a,video,NotebookLM,https://youtu.be/Wzo0o7r60Ak,618,Chullin 126a-126b: Architecture of Impurity
126a,audio,Rabbi Aryeh Lebowitz,https://shiurim.yutorah.net/2019/1109/921868.MP3?redirect=download.yutorah.org,,
126b,video,NotebookLM,https://youtu.be/bDAv5fZF8SE,482,Chullin 126a-126b: Talmudic Table Etiquette
126b,video,NotebookLM,https://youtu.be/TkWTSkgceL4,483,Chullin 126b: Wiping the Mouth Mechanics
126b,video,NotebookLM,https://youtu.be/rVN4hTRV6dk,484,Chullin 126b: Meat Cheese Wait Times
126b,video,NotebookLM,https://youtu.be/RfVGugXbwSg,485,Chullin 126b: The Law of Residue
126b,video,NotebookLM,https://youtu.be/DI-fO0dXZgY,486,Chullin 126b: Text to Table Meat Dairy
126b,video,NotebookLM,https://youtu.be/usPJoKObfvM,487,Chullin 126b: The Hidden Silver Coin
126b,video,NotebookLM,https://youtu.be/IEj-ZJ-Jrg4,488,Chullin 126b-127a: Handwashing Hierarchy
126b,video,NotebookLM,https://youtu.be/Wzo0o7r60Ak,618,Chullin 126a-126b: Architecture of Impurity
126b,video,NotebookLM,https://youtu.be/DU0kOwrfSoE,619,Chullin 126b: The Protective Layer
126b,video,NotebookLM,https://youtu.be/kd_1QNNm3vk,620,Chullin 126b: Intent vs. Action
126b,video,NotebookLM,https://youtu.be/yjpdVEdjIx4,621,Chullin 126b: Biology & Impurity Law
126b,video,NotebookLM,https://youtu.be/LbGxdndz0t0,622,Chullin 126b: Anatomy of Impurity
126b,video,NotebookLM,https://youtu.be/AHFKRq330Vw,623,Chullin 126b: The Half-Earth Mouse
126b,video,NotebookLM,https://youtu.be/ZLuVCAGmiJY,624,Chullin 126b-127a: Law of the Sea Mouse
127a,video,NotebookLM,https://youtu.be/IEj-ZJ-Jrg4,488,Chullin 126b-127a: Handwashing Hierarchy
127a,video,NotebookLM,https://youtu.be/O9as1lVzqi0,489,Chullin 127a: Mechanics of the Meal
127a,video,NotebookLM,https://youtu.be/E0W3R-bE7-s,490,Chullin 127a: Navigating Middle Waters
127a,video,NotebookLM,https://youtu.be/5AdBh-6Cq80,491,Chullin 127a: Medical Mandate
127a,video,NotebookLM,https://youtu.be/YokQHWLOwiY,493,Chullin 127a-127b: Hidden Hazards at the Table
127a,video,NotebookLM,https://youtu.be/ZLuVCAGmiJY,624,Chullin 126b-127a: Law of the Sea Mouse
127a,video,NotebookLM,https://youtu.be/RohJ6ECPlKE,625,Chullin 127a: The Fatal Boundaries of Creation
127a,video,NotebookLM,https://youtu.be/2mATKLDs4mc,626,Chullin 127a: Animal Habitats & Law
127a,video,NotebookLM,https://youtu.be/KHXwZTrjVp4,627,Chullin 127a: The Ancient Babylonian Survival Guide
127a,video,NotebookLM,https://youtu.be/Bov3wtq3t9g,628,Chullin 127a: A Miraculous Calamity
127a,video,NotebookLM,https://youtu.be/1dSuMBp8Pes,629,Chullin 127a-127b: Partially Severed Limbs
127a,audio,Rabbi Aryeh Lebowitz,https://shiurim.yutorah.net/2019/1109/921973.MP3?redirect=download.yutorah.org,,
127b,video,NotebookLM,https://youtu.be/YokQHWLOwiY,493,Chullin 127a-127b: Hidden Hazards at the Table
127b,video,NotebookLM,https://youtu.be/pQpa-OV-rGc,494,Chullin 127b: Talmudic Consequences
127b,video,NotebookLM,https://youtu.be/LJTf05E9XK4,495,Chullin 127b-128a: Ritual Washing Hot Springs
127b,video,NotebookLM,https://youtu.be/1dSuMBp8Pes,629,Chullin 127a-127b: Partially Severed Limbs
127b,video,NotebookLM,https://youtu.be/cLAXOoax9B0,630,Chullin 127b: Dual Status Paradox
127b,video,NotebookLM,https://youtu.be/ezec52QmUuo,631,Chullin 127b-128a: The Legal Stress Test
128a,video,NotebookLM,https://youtu.be/LJTf05E9XK4,495,Chullin 127b-128a: Ritual Washing Hot Springs
128a,video,NotebookLM,https://youtu.be/qJ48qlPDKZQ,496,Chullin 128a: Handwashing Origins
128a,video,NotebookLM,https://youtu.be/iYOlURkfiv4,497,Chullin 128a: Legal Boundaries of Dining
128a,video,NotebookLM,https://youtu.be/3yz1AGzzzmQ,498,Chullin 128a: Anatomy of a Decree
128a,video,NotebookLM,https://youtu.be/d666ORZL1iU,500,Chullin 128a: Morning Stipulation
128a,video,NotebookLM,https://youtu.be/KsAOiYVaa6c,501,Chullin 128a: Handwashing Volumes
128a,video,NotebookLM,https://youtu.be/gWCkD7qPo28,502,Chullin 128a: Handwashing Criteria
128a,video,NotebookLM,https://youtu.be/ezec52QmUuo,631,Chullin 127b-128a: The Legal Stress Test
128a,video,NotebookLM,https://youtu.be/NJ0XYrYndZQ,632,Chullin 128a: Anatomy of a Handle
128a,video,NotebookLM,https://youtu.be/8DTnNXstfH8,633,Chullin 128a: Chronology of Intent
128a,video,NotebookLM,https://youtu.be/hCt7tBehoD8,633,Chullin 128a: Chronology of Intention
128a,video,NotebookLM,https://youtu.be/ZrcCOAPIPBQ,634,Chullin 128a: Timeline Of Slaughter
128a,video,NotebookLM,https://youtu.be/P5EjXVuWBVk,635,Chullin 128a: The Paradigm Shift
128a,video,NotebookLM,https://youtu.be/LZ72QAuGqtA,636,Chullin 128a: The Legal Paradox
128a,video,NotebookLM,https://youtu.be/eMOtLOyHgUA,637,Chullin 128a: The Potted Cucumber
128a,audio,Rabbi Aryeh Lebowitz,https://shiurim.yutorah.net/2019/1109/922064.MP3?redirect=download.yutorah.org,,
128b,video,NotebookLM,https://youtu.be/cY9Je_FZ_80,503,Chullin 128b: Defining a Legal Vessel
128b,video,NotebookLM,https://youtu.be/6IGf2k6tQYI,504,Chullin 128b: The Cloth Loophole
128b,video,NotebookLM,https://youtu.be/etAIo4ctBq0,639,Chullin 128b: The Fig Tree Dilemma
128b,video,NotebookLM,https://youtu.be/mCa1S4yj_t0,640,Chullin 128b: Law of the Shared Stone
128b,video,NotebookLM,https://youtu.be/EtQlyuhYWF8,641,Chullin 128b: Purity of Flesh & Limbs
128b,video,NotebookLM,https://youtu.be/h9FeeumTEbY,642,Chullin 128b: Purity Laws: Creeping Animal
128b,video,NotebookLM,https://youtu.be/ZFb8aHZMEEo,647,Chullin 128b-129a: The Paradox of the Hidden Connection
129a,video,NotebookLM,https://youtu.be/UGr7pChlhEk,644,Chullin 129a: Bread Chair Paradox
129a,video,NotebookLM,https://youtu.be/ZFb8aHZMEEo,647,Chullin 128b-129a: The Paradox of the Hidden Connection
129a,video,NotebookLM,https://youtu.be/CUyEyRCRhyI,647,Chullin 129a: The Paradox of the Hidden Connection
129a,video,NotebookLM,https://youtu.be/P3fFTu1kPVQ,647,Chullin 129a: Paradox of Protective Fat
129a,video,NotebookLM,https://youtu.be/FJDyN3L5sfU,648,Chullin 129a: A Roof of Seeds
129a,video,NotebookLM,https://youtu.be/BiCIZD41SJg,649,Chullin 129a-129b: Defining Food in Talmud
129a,audio,Rabbi Aryeh Lebowitz,https://shiurim.yutorah.net/2019/1109/922195.MP3?redirect=download.yutorah.org,,
129b,video,NotebookLM,https://youtu.be/BiCIZD41SJg,649,Chullin 129a-129b: Defining Food in Talmud
129b,video,NotebookLM,https://youtu.be/nni9CxHPh2E,650,Chullin 129b: The Severed Limb Case
129b,video,NotebookLM,https://youtu.be/-GSj1vSvFM0,651,Chullin 129b: The Collision of Logic and Lineage
129b,video,NotebookLM,https://youtu.be/rDcQWgsUWrQ,651,Chullin 129b: Logic vs. Tradition
129b,video,NotebookLM,https://youtu.be/LhXfVsoGKlY,652,Chullin 129b: Limb Impurity in Ancient Law
130a,video,NotebookLM,https://youtu.be/MHtQoPCDZVI,653,Chullin 130a: Gifts of the Priesthood
130a,video,NotebookLM,https://youtu.be/X3tBOKi8E4M,654,Chullin 130a: The Limits of Logic
130a,video,NotebookLM,https://youtu.be/tIivtDjcI7I,655,Chullin 130a-130b: Priestly Gifts Paradox
130a,audio,Rabbi Aryeh Lebowitz,https://shiurim.yutorah.net/2011/1109/765200.MP3?redirect=download.yutorah.org,,
130b,video,NotebookLM,https://youtu.be/tIivtDjcI7I,655,Chullin 130a-130b: Priestly Gifts Paradox
130b,video,NotebookLM,https://youtu.be/C5nrq-Vcv2M,656,Chullin 130b-131a: Legal Stress-Test
131a,video,NotebookLM,https://youtu.be/C5nrq-Vcv2M,656,Chullin 130b-131a: Legal Stress-Test
131a,video,NotebookLM,https://youtu.be/oXeAv9pNveU,657,Chullin 131a: The Snatching Levite
131a,video,NotebookLM,https://youtu.be/dgdLVVTNcrE,658,Chullin 131a-131b: Agricultural Charity
131a,audio,Rabbi Aryeh Lebowitz,https://shiurim.yutorah.net/2019/1109/922268.MP3?redirect=download.yutorah.org,,
131b,video,NotebookLM,https://youtu.be/dgdLVVTNcrE,658,Chullin 131a-131b: Agricultural Charity
132a,video,NotebookLM,https://youtu.be/FjGIYcSRONU,660,Chullin 132a: Classifying the Hybrid
132a,video,NotebookLM,https://youtu.be/ms0mxtOVp9Q,661,Chullin 132a: Logic of Exemptions
132a,video,NotebookLM,https://youtu.be/Wmr72yKIAfE,662,Chullin 132a-132b: The Mixed Herd Paradox
132a,audio,Rabbi Aryeh Lebowitz,https://shiurim.yutorah.net/2019/1109/922336.MP3?redirect=download.yutorah.org,,
132b,video,NotebookLM,https://youtu.be/AEJt251su9Q,528,Chullin 132b: The Anatomy of a Loophole
132b,video,NotebookLM,https://youtu.be/Wmr72yKIAfE,662,Chullin 132a-132b: The Mixed Herd Paradox
132b,video,NotebookLM,https://youtu.be/cgq2OMAgu2M,663,Chullin 132b: Liability & Priestly Gifts
132b,video,NotebookLM,https://youtu.be/5rF4hRWgcfg,665,Chullin 132b: The Anatomy of a Rabbinic Standoff
132b,video,NotebookLM,https://youtu.be/hPYCXDnYAf0,666,Chullin 132b: Priestly Gifts Division
132b,video,NotebookLM,https://youtu.be/7NRFfFVmsqw,667,Chullin 132b: Priestly Gifts Law
132b,video,NotebookLM,https://youtu.be/nfgcky5xIYc,668,Chullin 132b: Rules of Prominence
132b,video,NotebookLM,https://youtu.be/VS8MiCHfDos,669,Chullin 132b-133a: Expertise vs. Belief
133a,video,NotebookLM,https://youtu.be/VS8MiCHfDos,669,Chullin 132b-133a: Expertise vs. Belief
133a,video,NotebookLM,https://youtu.be/69Z9LVmIkvU,670,Chullin 133a: The Jaw Gift Hazard
133a,video,NotebookLM,https://youtu.be/7ohPIe7R9BU,671,Chullin 133a: The Priest's Gifts
133a,video,NotebookLM,https://youtu.be/pP9f27mWFi0,672,Chullin 133a: Consent & Coercion
133a,video,NotebookLM,https://youtu.be/7MweDzKMcnY,673,Chullin 133a: Ethics of Shared Wisdom
133a,video,NotebookLM,https://youtu.be/jw3uf4-EO9U,674,Chullin 133a-133b: Laws of Public Perception
133a,audio,Rabbi Aryeh Lebowitz,https://shiurim.yutorah.net/2019/1109/922423.MP3?redirect=download.yutorah.org,,
133b,video,NotebookLM,https://youtu.be/jw3uf4-EO9U,674,Chullin 133a-133b: Laws of Public Perception
133b,video,NotebookLM,https://youtu.be/9MFtEiJJc6Q,675,Chullin 133b: Ancient Meat Market Laws
133b,video,NotebookLM,https://youtu.be/fMwivQ-IDHY,677,Chullin 133b: The Priestly Gifts
133b,video,NotebookLM,https://youtu.be/Enzvdgrq--w,679,Chullin 133b-134a: Anatomy of Ancient Law
133b,video,NotebookLM,https://youtu.be/-VUjxA53cgQ,678,Chullin 133b: Property and Liability
134a,video,NotebookLM,https://youtu.be/Enzvdgrq--w,679,Chullin 133b-134a: Anatomy of Ancient Law
134a,video,NotebookLM,https://youtu.be/MebLpm4p6dc,680,Chullin 134a: The Paradox of Divine Property
134a,video,NotebookLM,https://youtu.be/CsZDDORYpdw,681,Chullin 134a: The Legal Stress Test
134a,video,NotebookLM,https://youtu.be/Z3kQ9Q1RgnI,682,Chullin 134a-134b: The Convert's Cow Mystery
134a,audio,Rabbi Aryeh Lebowitz,https://shiurim.yutorah.net/2019/1109/922691.MP3?redirect=download.yutorah.org,,
134b,video,NotebookLM,https://youtu.be/Z3kQ9Q1RgnI,682,Chullin 134a-134b: The Convert's Cow Mystery
134b,video,NotebookLM,https://youtu.be/CFjn4qRyyto,683,Chullin 134b: The Logic of Ancient Law
134b,video,NotebookLM,https://youtu.be/grOt_mJGAjw,684,Chullin 134b: Ancient Law in Practice
134b,video,NotebookLM,https://youtu.be/a2g2l6pKrVk,685,Chullin 134b: Anatomy of Obligation
134b,video,NotebookLM,https://youtu.be/5mr_OGr4QMA,686,Chullin 134b: Anatomy of a Law
135a,video,NotebookLM,https://youtu.be/sgiqqA0uK-0,688,Chullin 135a: First Shearing: A Case Brief
135a,video,NotebookLM,https://youtu.be/693esQY_qW4,689,Chullin 135a: Temple's Wool Paradox
135a,video,NotebookLM,https://youtu.be/6jl3wlN3XLM,690,Chullin 135a-135b: Decoding Shared Ownership
135a,audio,Rabbi Aryeh Lebowitz,https://shiurim.yutorah.net/2019/1109/922621.MP3?redirect=download.yutorah.org,,
135b,video,NotebookLM,https://youtu.be/C_Oqtg6X3xg,691,Chullin 135b-136a: The Legal Case Study
135b,video,NotebookLM,https://youtu.be/6jl3wlN3XLM,690,Chullin 135a-135b: Decoding Shared Ownership
136a,video,NotebookLM,https://youtu.be/C_Oqtg6X3xg,691,Chullin 135b-136a: The Legal Case Study
136a,video,NotebookLM,https://youtu.be/UgS9tPXZQOE,692,Chullin 136a-136b: The Architecture of Humility
136a,audio,Rabbi Aryeh Lebowitz,https://shiurim.yutorah.net/2019/1109/922749.MP3?redirect=download.yutorah.org,,
136b,video,NotebookLM,https://youtu.be/UgS9tPXZQOE,692,Chullin 136a-136b: The Architecture of Humility
136b,video,NotebookLM,https://youtu.be/2CeKia3mS9Q,693,Chullin 136b: First Fleece Law Explained
136b,video,NotebookLM,https://youtu.be/cQp_okj7Le0,694,Chullin 136b-137a: First Sheared Wool
137a,video,NotebookLM,https://youtu.be/sS_67IXE-W4,695,Chullin 137a: The Legal Funnel
137a,video,NotebookLM,https://youtu.be/lBsx-_E7eAo,696,Chullin 137a: The Legal Precedent
137a,video,NotebookLM,https://youtu.be/v4hezCF3tjY,697,Chullin 137a: The Flock Formula
137a,video,NotebookLM,https://youtu.be/8vIknLkXczM,698,Chullin 137a-137b: Law & Tradition
137a,video,NotebookLM,https://youtu.be/cQp_okj7Le0,694,Chullin 136b-137a: First Sheared Wool
137a,audio,Rabbi Aryeh Lebowitz,https://shiurim.yutorah.net/2011/1109/765470.MP3?redirect=download.yutorah.org,,
137b,video,NotebookLM,https://youtu.be/8vIknLkXczM,698,Chullin 137a-137b: Law & Tradition
137b,video,NotebookLM,https://youtu.be/qAzoJftPkRM,699,Chullin 137b: Defining Any Amount
137b,video,NotebookLM,https://youtu.be/yr1WVKoarPU,700,Chullin 137b: The 1/60th Baseline
137b,video,NotebookLM,https://youtu.be/VfGIRM_TYOU,701,Chullin 137b: The Fire and the Fleece
137b,video,NotebookLM,https://youtu.be/2AVBHER0F-M,702,Chullin 137b-138a: Resolving Wool Math
138a,video,NotebookLM,https://youtu.be/2AVBHER0F-M,702,Chullin 137b-138a: Resolving Wool Math
138a,video,NotebookLM,https://youtu.be/yP9zylHMqDE,704,Chullin 138a: Deriving Minimum Wool
138a,video,NotebookLM,https://youtu.be/InZdbZglMy8,705,Chullin 138a: Ownership & First Fleece
138a,video,NotebookLM,https://youtu.be/WxrnHWUejqI,706,Chullin 138a-138b: First Sheared Wool Law
138a,audio,Rabbi Aryeh Lebowitz,https://shiurim.yutorah.net/2019/1109/922826.MP3?redirect=download.yutorah.org,,
138b,video,NotebookLM,https://youtu.be/WxrnHWUejqI,706,Chullin 138a-138b: First Sheared Wool Law
138b,video,NotebookLM,https://youtu.be/j17X8lU10do,707,Chullin 138b: The Boundaries of the Wild
139a,audio,Rabbi Aryeh Lebowitz,https://shiurim.yutorah.net/2019/1109/922887.MP3?redirect=download.yutorah.org,,
140a,audio,Rabbi Aryeh Lebowitz,https://shiurim.yutorah.net/2019/1109/922997.MP3?redirect=download.yutorah.org,,
140b,video,NotebookLM,https://youtu.be/i-3k5o31L0w,721,Chullin 140b: The Male Pheasant CaseThe Male Pheasant Case721_
140b,video,NotebookLM,https://youtu.be/oVpbsUrHW8M,724,Chullin 140b-141a: Geometry of Liability
141a,video,NotebookLM,https://youtu.be/oVpbsUrHW8M,724,Chullin 140b-141a: Geometry of Liability
141a,video,NotebookLM,https://youtu.be/tnHRsNLMsec,727,Chullin 141a: The Erased Name & The Mother Bird727_
141a,video,NotebookLM,https://youtu.be/8xf4eQRWpKQ,729,Chullin 141a-141b: Logic of Lashes
141a,audio,Rabbi Aryeh Lebowitz,https://shiurim.yutorah.net/2011/1109/765602.MP3?redirect=download.yutorah.org,,
141b,video,NotebookLM,https://youtu.be/8xf4eQRWpKQ,729,Chullin 141a-141b: Logic of Lashes
141b,video,NotebookLM,https://youtu.be/jLhO7Y1zbFU,733,Chullin 141b: Split-Second Ownership
141b,video,NotebookLM,https://youtu.be/5P4EQsesUxo,734,Chullin 141b-142a: The Dovecote Dilemma
142a,video,NotebookLM,https://youtu.be/5P4EQsesUxo,734,Chullin 141b-142a: The Dovecote Dilemma
142a,audio,Rabbi Aryeh Lebowitz,https://shiurim.yutorah.net/2019/1109/923182.MP3?redirect=download.yutorah.org,,
