Source,Target,Type,Weight,Sugyot,Relation,Corpus,Tractates,ExampleRecord
2582,121,Directed,360,222,dialectic,bavli,arakhin;avodah_zarah;bava_batra;bava_kamma;bava_metzia;bekhorot;berakhot;chullin;eruvin;gittin;horayot;keritot;ketubot;kiddushin;makkot;megillah;menachot;moed_katan;nazir;nedarim;niddah;pesachim;rosh_hashanah;sanhedrin;shabbat;shevuot;sotah;sukkah;taanit;temurah;yevamot;yoma;zevachim,arakhin.sugya141:0
121,1764,Directed,356,243,dialectic,bavli,arakhin;avodah_zarah;bava_batra;bava_kamma;bava_metzia;beitzah;bekhorot;berakhot;chagigah;chullin;eruvin;gittin;horayot;ketubot;kiddushin;makkot;megillah;meilah;menachot;moed_katan;nazir;nedarim;niddah;pesachim;rosh_hashanah;sanhedrin;shabbat;shevuot;sotah;sukkah;taanit;temurah;yevamot;yoma;zevachim,arakhin.sugya058:21
121,2582,Directed,264,179,dialectic,bavli,arakhin;avodah_zarah;bava_batra;bava_kamma;bava_metzia;beitzah;berakhot;chullin;eruvin;gittin;horayot;keritot;ketubot;kiddushin;makkot;megillah;menachot;moed_katan;nazir;nedarim;niddah;pesachim;rosh_hashanah;sanhedrin;shabbat;shevuot;sotah;sukkah;taanit;temurah;yevamot;yoma;zevachim,arakhin.sugya091:82
121,2581,Directed,233,123,dialectic,bavli,arakhin;avodah_zarah;bava_batra;bava_kamma;bava_metzia;beitzah;berakhot;chullin;eruvin;gittin;keritot;ketubot;kiddushin;megillah;menachot;moed_katan;nazir;nedarim;niddah;pesachim;rosh_hashanah;sanhedrin;shabbat;shevuot;sukkah;taanit;yevamot;yoma;zevachim,arakhin.sugya091:84
2582,2285,Directed,220,133,dialectic,bavli,avodah_zarah;bava_batra;bava_kamma;bava_metzia;beitzah;berakhot;chullin;eruvin;gittin;horayot;keritot;ketubot;kiddushin;menachot;moed_katan;nazir;nedarim;niddah;pesachim;rosh_hashanah;sanhedrin;shabbat;shevuot;temurah;yevamot;yoma;zevachim,avodah_zarah.sugya214:59
1570,2879,Directed,176,92,dialectic,bavli,avodah_zarah;bava_batra;bava_kamma;bava_metzia;beitzah;bekhorot;berakhot;chagigah;chullin;eruvin;gittin;ketubot;kiddushin;makkot;meilah;menachot;moed_katan;nazir;niddah;pesachim;rosh_hashanah;sanhedrin;shabbat;sukkah;taanit;temurah;yevamot;yoma;zevachim,avodah_zarah.sugya173:11
1764,121,Directed,175,122,dialectic,bavli,arakhin;avodah_zarah;bava_batra;bava_kamma;bava_metzia;beitzah;bekhorot;berakhot;chullin;eruvin;gittin;horayot;ketubot;kiddushin;megillah;meilah;menachot;moed_katan;nazir;nedarim;niddah;pesachim;sanhedrin;shabbat;shevuot;sotah;sukkah;taanit;temurah;yevamot;yoma;zevachim,arakhin.sugya105:16
2285,2582,Directed,157,96,dialectic,bavli,avodah_zarah;bava_batra;bava_kamma;bava_metzia;beitzah;berakhot;chullin;eruvin;gittin;horayot;keritot;ketubot;kiddushin;menachot;moed_katan;nedarim;pesachim;rosh_hashanah;sanhedrin;shabbat;shevuot;temurah;yevamot;yoma;zevachim,avodah_zarah.sugya214:60
2879,1570,Directed,147,80,dialectic,bavli,avodah_zarah;bava_batra;bava_kamma;bava_metzia;beitzah;bekhorot;chagigah;chullin;eruvin;gittin;ketubot;kiddushin;makkot;meilah;menachot;moed_katan;nazir;niddah;pesachim;rosh_hashanah;sanhedrin;shabbat;shevuot;sukkah;taanit;temurah;yevamot;yoma;zevachim,avodah_zarah.sugya173:12
2581,121,Directed,135,67,dialectic,bavli,arakhin;avodah_zarah;bava_batra;bava_kamma;bava_metzia;beitzah;berakhot;chullin;eruvin;gittin;ketubot;kiddushin;menachot;pesachim;rosh_hashanah;sanhedrin;shabbat;shevuot;sukkah;yevamot;yoma;zevachim,arakhin.sugya091:87
2518,121,Directed,104,78,dialectic,bavli,arakhin;bava_batra;bava_kamma;bava_metzia;bekhorot;berakhot;chagigah;chullin;eruvin;gittin;keritot;ketubot;kiddushin;makkot;megillah;meilah;menachot;moed_katan;nazir;nedarim;niddah;pesachim;rosh_hashanah;sanhedrin;shabbat;shevuot;sotah;sukkah;taanit;temurah;yevamot;yoma;zevachim,arakhin.sugya129:16
121,2518,Directed,90,73,dialectic,bavli,arakhin;bava_batra;bava_kamma;bava_metzia;beitzah;bekhorot;berakhot;chagigah;chullin;eruvin;keritot;ketubot;kiddushin;makkot;megillah;meilah;menachot;moed_katan;nazir;niddah;pesachim;rosh_hashanah;sanhedrin;shabbat;shevuot;sotah;sukkah;taanit;temurah;yevamot;yoma;zevachim,arakhin.sugya129:18
2647,571,Directed,88,72,dialectic,bavli,arakhin;avodah_zarah;bava_batra;bava_kamma;bava_metzia;beitzah;bekhorot;berakhot;chullin;eruvin;gittin;ketubot;kiddushin;menachot;moed_katan;nedarim;niddah;pesachim;sanhedrin;shabbat;shevuot;sukkah;yevamot;zevachim,arakhin.sugya172:57
2518,2582,Directed,83,70,dialectic,bavli,arakhin;avodah_zarah;bava_batra;bava_kamma;bava_metzia;bekhorot;berakhot;chullin;eruvin;gittin;horayot;ketubot;kiddushin;makkot;megillah;menachot;moed_katan;nazir;nedarim;niddah;pesachim;sanhedrin;shabbat;shevuot;sukkah;temurah;yevamot;yoma;zevachim,arakhin.sugya234:2
2582,2681,Directed,80,60,dialectic,bavli,avodah_zarah;bava_batra;bava_kamma;bava_metzia;chagigah;eruvin;gittin;horayot;ketubot;kiddushin;menachot;nazir;nedarim;niddah;pesachim;sanhedrin;shabbat;shevuot;temurah;yevamot;yoma;zevachim,avodah_zarah.sugya188:2
571,2647,Directed,79,63,dialectic,bavli,arakhin;bava_batra;bava_kamma;bava_metzia;beitzah;bekhorot;berakhot;chullin;eruvin;gittin;ketubot;meilah;menachot;moed_katan;nedarim;pesachim;sanhedrin;shabbat;shevuot;sukkah;taanit;yevamot;yoma;zevachim,arakhin.sugya172:60
1952,1017,Directed,72,42,dialectic,bavli,avodah_zarah;bava_kamma;beitzah;bekhorot;berakhot;chullin;keritot;menachot;moed_katan;nedarim;niddah;pesachim;rosh_hashanah;sanhedrin;shabbat;sotah;sukkah;temurah;zevachim,avodah_zarah.sugya035:44
571,514,Directed,59,38,dialectic,bavli,bava_batra;bava_kamma;bava_metzia;beitzah;berakhot;chullin;gittin;ketubot;kiddushin;menachot;moed_katan;rosh_hashanah;sanhedrin;shabbat;shevuot;yevamot,bava_batra.sugya045:30
1017,1952,Directed,58,33,dialectic,bavli,avodah_zarah;bava_kamma;beitzah;bekhorot;berakhot;chullin;keritot;menachot;moed_katan;nedarim;niddah;pesachim;rosh_hashanah;sanhedrin;shabbat;sotah;sukkah;temurah;zevachim,avodah_zarah.sugya035:45
571,297,Directed,58,47,dialectic,bavli,avodah_zarah;bava_batra;bava_kamma;bava_metzia;bekhorot;berakhot;chullin;eruvin;keritot;ketubot;makkot;megillah;menachot;nedarim;niddah;pesachim;sanhedrin;shabbat;shevuot;temurah;zevachim,avodah_zarah.sugya121:16
1527,417,Directed,55,32,dialectic,bavli,bava_batra;bava_metzia;chullin;eruvin;gittin;keritot;kiddushin;menachot;niddah;pesachim;rosh_hashanah;sanhedrin;shevuot;taanit;zevachim,bava_batra.sugya249:25
121,867,Directed,54,30,dialectic,bavli,avodah_zarah;bava_batra;bava_kamma;bava_metzia;bekhorot;berakhot;chullin;eruvin;keritot;kiddushin;nazir;pesachim;sanhedrin;shabbat;temurah;yevamot;yoma;zevachim,avodah_zarah.sugya045:9
2582,2518,Directed,53,43,dialectic,bavli,avodah_zarah;bava_kamma;bava_metzia;bekhorot;berakhot;chullin;eruvin;gittin;horayot;ketubot;makkot;megillah;menachot;moed_katan;nazir;nedarim;niddah;pesachim;shevuot;temurah;yevamot;yoma;zevachim,avodah_zarah.sugya064:4
571,2582,Directed,51,35,dialectic,bavli,avodah_zarah;bava_batra;bava_kamma;bava_metzia;chagigah;chullin;gittin;ketubot;kiddushin;menachot;nedarim;niddah;pesachim;sanhedrin;shabbat;shevuot;sotah;yevamot;zevachim,avodah_zarah.sugya296:30
297,571,Directed,50,39,dialectic,bavli,bava_batra;bava_kamma;bava_metzia;berakhot;chullin;eruvin;gittin;keritot;ketubot;makkot;megillah;menachot;nedarim;pesachim;sanhedrin;shabbat;shevuot;temurah;zevachim,bava_batra.sugya345:2
1764,2581,Directed,47,28,dialectic,bavli,bava_batra;bava_kamma;bava_metzia;beitzah;chullin;eruvin;ketubot;meilah;menachot;moed_katan;nedarim;pesachim;sanhedrin;shabbat;yevamot;zevachim,bava_batra.sugya381:2
2582,1345,Directed,46,33,dialectic,bavli,avodah_zarah;bava_kamma;bekhorot;chullin;eruvin;gittin;ketubot;kiddushin;makkot;niddah;pesachim;shabbat;shevuot;sukkah;yevamot;yoma,avodah_zarah.sugya259:117
867,121,Directed,44,27,dialectic,bavli,avodah_zarah;bava_batra;bava_kamma;bava_metzia;bekhorot;berakhot;chullin;eruvin;keritot;kiddushin;nazir;pesachim;sanhedrin;shabbat;temurah;yevamot;yoma;zevachim,avodah_zarah.sugya045:10
417,1527,Directed,43,23,dialectic,bavli,bava_batra;chullin;eruvin;kiddushin;menachot;niddah;pesachim;rosh_hashanah;sanhedrin;shevuot;taanit;zevachim,bava_batra.sugya249:24
2465,417,Directed,41,25,dialectic,bavli,avodah_zarah;bava_kamma;bava_metzia;berakhot;gittin;keritot;meilah;menachot;nazir;nedarim;pesachim;rosh_hashanah;sanhedrin;yevamot;zevachim,avodah_zarah.sugya056:9
2763,2578,Directed,41,32,dialectic,bavli,avodah_zarah;bava_batra;bava_kamma;bava_metzia;bekhorot;berakhot;chullin;eruvin;ketubot;kiddushin;niddah;pesachim;sanhedrin;shabbat;taanit;yevamot,avodah_zarah.sugya137:2
2582,2578,Directed,40,31,dialectic,bavli,avodah_zarah;bava_batra;bava_kamma;chullin;eruvin;keritot;ketubot;kiddushin;makkot;menachot;niddah;pesachim;shevuot;sotah;yevamot;yoma;zevachim,avodah_zarah.sugya267:73
2582,2581,Directed,39,28,dialectic,bavli,bava_batra;bava_kamma;bava_metzia;beitzah;bekhorot;berakhot;chullin;eruvin;ketubot;menachot;nedarim;pesachim;sanhedrin;shabbat;shevuot;sukkah;temurah;zevachim,bava_batra.sugya146:9
2285,895,Directed,38,29,dialectic,bavli,arakhin;avodah_zarah;bava_batra;bava_kamma;bava_metzia;beitzah;bekhorot;berakhot;chullin;eruvin;gittin;ketubot;menachot;niddah;rosh_hashanah;shabbat;zevachim,arakhin.sugya079:11
121,1018,Directed,37,29,dialectic,bavli,bava_kamma;bava_metzia;beitzah;chagigah;chullin;eruvin;gittin;keritot;ketubot;kiddushin;nedarim;pesachim;rosh_hashanah;sanhedrin;shabbat;sukkah;yoma;zevachim,bava_kamma.sugya451:17
2582,1570,Directed,37,33,dialectic,bavli,avodah_zarah;bava_batra;bava_kamma;berakhot;chullin;eruvin;gittin;kiddushin;megillah;menachot;moed_katan;nedarim;niddah;rosh_hashanah;sanhedrin;shabbat;shevuot;sotah;yevamot;yoma;zevachim,avodah_zarah.sugya173:46
514,571,Directed,35,25,dialectic,bavli,bava_batra;bava_kamma;bava_metzia;beitzah;chullin;gittin;ketubot;kiddushin;menachot;moed_katan;rosh_hashanah;sanhedrin;shevuot;yevamot,bava_batra.sugya045:31
2582,1764,Directed,34,24,dialectic,bavli,bava_batra;bava_kamma;bava_metzia;bekhorot;chullin;eruvin;ketubot;kiddushin;menachot;nedarim;niddah;pesachim;sanhedrin;shabbat;sotah;yevamot;yoma,bava_batra.sugya480:8
2681,1345,Directed,33,18,dialectic,bavli,arakhin;bava_kamma;berakhot;eruvin;gittin;keritot;ketubot;menachot;nazir;pesachim;yoma;zevachim,arakhin.sugya129:20
2646,2582,Directed,33,27,dialectic,bavli,avodah_zarah;bava_batra;bava_kamma;berakhot;chullin;eruvin;gittin;makkot;megillah;menachot;nedarim;pesachim;sanhedrin;shabbat;shevuot;yevamot,avodah_zarah.sugya081:17
1345,2681,Directed,32,15,dialectic,bavli,arakhin;bava_batra;bava_kamma;berakhot;eruvin;keritot;ketubot;menachot;pesachim;yoma;zevachim,arakhin.sugya166:20
467,1570,Directed,32,24,dialectic,bavli,bava_batra;bava_kamma;bava_metzia;bekhorot;berakhot;chullin;eruvin;gittin;ketubot;makkot;nazir;rosh_hashanah;sanhedrin;temurah;yevamot,bava_batra.sugya164:22
918,2518,Directed,30,20,dialectic,bavli,avodah_zarah;bava_batra;bava_metzia;gittin;ketubot;makkot;niddah;pesachim;sanhedrin;shabbat;shevuot;yevamot;yoma,avodah_zarah.sugya280:44
1017,535,Directed,29,20,dialectic,bavli,avodah_zarah;bava_batra;bava_metzia;chullin;eruvin;gittin;kiddushin;menachot;niddah;pesachim;shabbat;taanit,avodah_zarah.sugya137:71
2582,2613,Directed,28,5,dialectic,bavli,bava_batra;bava_kamma;moed_katan;sanhedrin,bava_batra.sugya032:10
535,1017,Directed,27,18,dialectic,bavli,bava_batra;bava_metzia;chullin;gittin;kiddushin;menachot;niddah;pesachim;shabbat;taanit,bava_batra.sugya290:3
2582,2409,Directed,27,17,dialectic,bavli,bava_kamma;chullin;gittin;keritot;kiddushin;makkot;nazir;nedarim;pesachim;sanhedrin;yevamot;zevachim,bava_kamma.sugya024:47
1345,895,Directed,26,20,dialectic,bavli,avodah_zarah;bava_batra;bava_kamma;bava_metzia;bekhorot;berakhot;chullin;eruvin;pesachim;sanhedrin;shabbat;zevachim,avodah_zarah.sugya049:15
417,2465,Directed,26,16,dialectic,bavli,avodah_zarah;bava_kamma;bava_metzia;keritot;menachot;nazir;nedarim;pesachim;sanhedrin;sukkah;yevamot;zevachim,avodah_zarah.sugya056:10
571,2161,Directed,25,21,dialectic,bavli,bava_batra;bava_kamma;bava_metzia;bekhorot;berakhot;chullin;kiddushin;menachot;pesachim;shabbat;yevamot;zevachim,bava_batra.sugya472:98
2582,2763,Directed,25,22,dialectic,bavli,bava_batra;bava_kamma;bava_metzia;chagigah;chullin;gittin;ketubot;megillah;niddah;sanhedrin;shevuot;yevamot;yoma,bava_batra.sugya414:10
2582,2938,Directed,24,22,dialectic,bavli,avodah_zarah;bava_batra;bava_kamma;bava_metzia;bekhorot;eruvin;nazir;niddah;sanhedrin;shabbat;shevuot;sotah;yevamot,avodah_zarah.sugya259:15
2582,1017,Directed,23,18,dialectic,bavli,bava_batra;bava_kamma;bava_metzia;bekhorot;chullin;gittin;keritot;nedarim;sanhedrin;shabbat;sukkah;yevamot;yoma;zevachim,bava_batra.sugya080:24
2578,534,Directed,23,19,dialectic,bavli,avodah_zarah;bava_batra;bava_kamma;bava_metzia;beitzah;chullin;gittin;keritot;ketubot;kiddushin;nazir;sanhedrin;sukkah;yoma,avodah_zarah.sugya241:22
2613,2582,Directed,23,5,dialectic,bavli,bava_batra;bava_kamma;moed_katan;sanhedrin,bava_batra.sugya032:11
2582,977,Directed,23,15,dialectic,bavli,bava_kamma;bava_metzia;chullin;keritot;makkot;menachot;nazir;nedarim;niddah;sanhedrin;shabbat;yevamot,bava_kamma.sugya312:23
121,2602,Directed,22,14,dialectic,bavli,bava_kamma;bekhorot;berakhot;eruvin;ketubot;menachot;shabbat;zevachim,bava_kamma.sugya234:1
2938,2285,Directed,22,13,dialectic,bavli,avodah_zarah;bava_batra;bava_kamma;bekhorot;eruvin;ketubot;menachot;sanhedrin;shabbat;yoma;zevachim,avodah_zarah.sugya295:9
2298,2582,Directed,22,19,dialectic,bavli,avodah_zarah;bava_batra;berakhot;chullin;eruvin;ketubot;niddah;sanhedrin;shabbat;shevuot;temurah;yevamot,avodah_zarah.sugya259:112
571,2518,Directed,22,18,dialectic,bavli,arakhin;bava_batra;bava_metzia;bekhorot;chagigah;chullin;gittin;ketubot;menachot;sanhedrin;shabbat;yevamot;zevachim,arakhin.sugya111:26
2581,1345,Directed,21,10,dialectic,bavli,bava_kamma;eruvin;nedarim;pesachim;shabbat;shevuot;yevamot;yoma,bava_kamma.sugya440:4
2581,1764,Directed,21,11,dialectic,bavli,bava_kamma;bava_metzia;eruvin;moed_katan;pesachim;shabbat;sotah,bava_kamma.sugya246:14
895,2285,Directed,21,17,dialectic,bavli,arakhin;bava_batra;bava_kamma;bava_metzia;beitzah;berakhot;eruvin;gittin;ketubot;menachot,arakhin.sugya079:10
534,2578,Directed,21,19,dialectic,bavli,avodah_zarah;bava_batra;bava_kamma;bava_metzia;beitzah;chullin;gittin;ketubot;menachot;nazir;sanhedrin;sukkah;yoma,avodah_zarah.sugya241:20
2582,895,Directed,21,16,dialectic,bavli,bava_metzia;berakhot;chullin;kiddushin;meilah;menachot;nedarim;rosh_hashanah;shabbat;shevuot;temurah;zevachim,bava_metzia.sugya142:35
1017,1570,Directed,20,16,dialectic,bavli,bava_batra;berakhot;chullin;eruvin;ketubot;niddah;shabbat;yoma;zevachim,bava_batra.sugya472:40
1764,2763,Directed,20,18,dialectic,bavli,arakhin;bava_batra;bava_metzia;berakhot;chullin;ketubot;kiddushin;megillah;nedarim;niddah;pesachim;shabbat;yevamot,arakhin.sugya155:12
2582,467,Directed,20,18,dialectic,bavli,avodah_zarah;bava_batra;bava_metzia;bekhorot;chullin;keritot;makkot;menachot;nazir;pesachim;shabbat;sukkah;yevamot;zevachim,avodah_zarah.sugya215:13
121,1017,Directed,19,18,dialectic,bavli,bava_kamma;beitzah;chullin;ketubot;menachot;moed_katan;niddah;shabbat;shevuot;yoma;zevachim,bava_kamma.sugya084:43
1088,1508,Directed,19,14,dialectic,bavli,bava_kamma;chullin;horayot;ketubot;menachot;moed_katan;niddah;pesachim;sanhedrin;shabbat;shevuot,bava_kamma.sugya338:7
1345,2581,Directed,19,8,dialectic,bavli,bava_kamma;chullin;eruvin;nedarim;pesachim;shevuot;yevamot,bava_kamma.sugya200:0
535,1570,Directed,19,13,dialectic,bavli,avodah_zarah;bava_batra;bava_metzia;chullin;gittin;makkot;sanhedrin;shabbat;zevachim,avodah_zarah.sugya137:72
571,2581,Directed,19,15,dialectic,bavli,avodah_zarah;bava_batra;bava_kamma;bava_metzia;eruvin;ketubot;menachot;moed_katan;sanhedrin;shabbat,avodah_zarah.sugya049:23
918,2582,Directed,19,16,dialectic,bavli,arakhin;avodah_zarah;bava_metzia;eruvin;horayot;ketubot;kiddushin;nazir;pesachim;yoma;zevachim,arakhin.sugya137:103
2285,1394,Directed,18,6,dialectic,bavli,bava_batra;bava_metzia;eruvin;kiddushin;niddah;shabbat,bava_batra.sugya167:12
1394,2285,Directed,18,3,dialectic,bavli,bava_batra;bava_metzia;kiddushin,bava_batra.sugya167:13
2582,2298,Directed,18,13,dialectic,bavli,bava_batra;berakhot;eruvin;ketubot;sanhedrin;shabbat;sukkah;temurah,bava_batra.sugya376:53
2938,2578,Directed,18,15,dialectic,bavli,bava_kamma;bava_metzia;bekhorot;berakhot;eruvin;niddah;shevuot;yevamot,bava_kamma.sugya182:0
2582,2646,Directed,18,14,dialectic,bavli,bava_batra;bava_kamma;bekhorot;berakhot;eruvin;makkot;pesachim;sanhedrin;shabbat;yevamot,bava_batra.sugya048:151
2646,571,Directed,18,13,dialectic,bavli,bava_metzia;berakhot;chullin;eruvin;megillah;menachot;moed_katan;nedarim;shabbat;yoma;zevachim,bava_metzia.sugya292:49
2647,304,Directed,18,16,dialectic,bavli,bava_kamma;bava_metzia;beitzah;chullin;menachot;nedarim;sanhedrin;shevuot;zevachim,bava_kamma.sugya034:29
121,2398,Directed,17,9,dialectic,bavli,bava_metzia;beitzah;chullin;eruvin;temurah;yoma,bava_metzia.sugya126:5
2582,1394,Directed,17,13,dialectic,bavli,bava_batra;bava_kamma;berakhot;gittin;ketubot;kiddushin;pesachim;rosh_hashanah;sanhedrin;shabbat;sukkah;zevachim,bava_batra.sugya071:2
1570,535,Directed,17,12,dialectic,bavli,avodah_zarah;bava_batra;bava_metzia;chullin;gittin;makkot;sanhedrin;yevamot;zevachim,avodah_zarah.sugya241:85
2285,2938,Directed,17,12,dialectic,bavli,avodah_zarah;bava_batra;bava_kamma;eruvin;gittin;ketubot;shabbat;temurah;yoma,avodah_zarah.sugya295:10
121,1570,Directed,16,16,dialectic,bavli,avodah_zarah;bava_kamma;bava_metzia;berakhot;chullin;eruvin;gittin;kiddushin;megillah;menachot;nazir;niddah;pesachim;shabbat,avodah_zarah.sugya173:41
2602,121,Directed,16,10,dialectic,bavli,bekhorot;berakhot;eruvin;ketubot;menachot;shabbat;zevachim,bekhorot.sugya358:19
2285,1345,Directed,16,10,dialectic,bavli,bava_batra;bava_kamma;beitzah;bekhorot;eruvin;ketubot;shevuot;sukkah;yoma,bava_batra.sugya414:60
1764,1345,Directed,16,11,dialectic,bavli,berakhot;chullin;ketubot;kiddushin;niddah;pesachim;rosh_hashanah;sanhedrin;shabbat;yevamot;zevachim,berakhot.sugya320:54
2830,1395,Directed,16,14,dialectic,bavli,bava_batra;keritot;menachot;nedarim;pesachim;sanhedrin;sotah;yoma,bava_batra.sugya047:14
1764,895,Directed,16,16,dialectic,bavli,bava_kamma;bava_metzia;beitzah;berakhot;chullin;eruvin;menachot;niddah;pesachim;shabbat;sukkah;taanit,bava_kamma.sugya450:6
1764,2582,Directed,16,13,dialectic,bavli,bava_metzia;berakhot;chullin;eruvin;menachot;nedarim;pesachim;shabbat;yevamot,bava_metzia.sugya142:38
2285,2409,Directed,16,11,dialectic,bavli,avodah_zarah;bava_batra;bava_kamma;bava_metzia;chullin;gittin;makkot;pesachim;shabbat;zevachim,avodah_zarah.sugya231:45
2398,2582,Directed,16,10,dialectic,bavli,bava_kamma;bava_metzia;bekhorot;chullin;eruvin;pesachim;shabbat;sukkah,bava_kamma.sugya455:23
571,2646,Directed,16,11,dialectic,bavli,bava_batra;bava_metzia;berakhot;eruvin;megillah;menachot;moed_katan;shabbat;yoma;zevachim,bava_batra.sugya169:1
1508,1088,Directed,15,11,dialectic,bavli,avodah_zarah;bava_kamma;horayot;ketubot;megillah;moed_katan;niddah;pesachim;sanhedrin,avodah_zarah.sugya137:80
1088,2578,Directed,15,13,dialectic,bavli,berakhot;chullin;keritot;moed_katan;nazir;pesachim;sanhedrin;shabbat;shevuot;yevamot;yoma,berakhot.sugya110:3
1657,1395,Directed,15,13,dialectic,bavli,arakhin;avodah_zarah;bava_batra;bekhorot;horayot;keritot;kiddushin;menachot;nazir;shabbat;zevachim,arakhin.sugya106:2
1508,520,Directed,15,3,dialectic,bavli,avodah_zarah;sanhedrin,avodah_zarah.sugya025:11
1570,467,Directed,15,10,dialectic,bavli,bava_batra;bava_kamma;bekhorot;berakhot;chullin;gittin;ketubot;yevamot,bava_batra.sugya028:1
1657,2068,Directed,15,10,dialectic,bavli,bekhorot;chullin;kiddushin;pesachim;shabbat;yoma,bekhorot.sugya069:10
2582,2398,Directed,15,11,dialectic,bavli,bava_kamma;bava_metzia;chullin;eruvin;gittin;pesachim;shabbat;sukkah;yevamot;yoma,bava_kamma.sugya455:21
2518,2763,Directed,15,14,dialectic,bavli,arakhin;bava_batra;chullin;eruvin;ketubot;kiddushin;menachot,arakhin.sugya133:17
2518,918,Directed,15,9,dialectic,bavli,bava_batra;chullin;niddah;pesachim;sanhedrin;yevamot,bava_batra.sugya097:17
2578,2763,Directed,15,13,dialectic,bavli,arakhin;avodah_zarah;bava_kamma;bava_metzia;berakhot;chullin;eruvin;ketubot;pesachim;yevamot,arakhin.sugya155:18
467,2578,Directed,15,10,dialectic,bavli,bava_kamma;beitzah;chullin;eruvin;menachot;shabbat;yevamot;zevachim,bava_kamma.sugya389:0
2581,895,Directed,15,12,dialectic,bavli,avodah_zarah;bava_batra;bava_kamma;chullin;eruvin;kiddushin;niddah;shevuot,avodah_zarah.sugya049:19
2582,2879,Directed,15,14,dialectic,bavli,bava_metzia;chullin;gittin;meilah;menachot;niddah;pesachim;sanhedrin;shabbat;temurah;zevachim,bava_metzia.sugya191:27
6,895,Directed,15,10,dialectic,bavli,bava_kamma;chullin;gittin;ketubot;nazir;nedarim;niddah;sotah,bava_kamma.sugya435:12
1017,2582,Directed,14,10,dialectic,bavli,bava_metzia;chullin;keritot;megillah;nazir;niddah;sanhedrin;sukkah;yevamot;yoma,bava_metzia.sugya140:6
2578,1088,Directed,14,11,dialectic,bavli,bava_batra;berakhot;chullin;keritot;moed_katan;nazir;pesachim;yevamot;yoma,bava_batra.sugya138:25
121,1345,Directed,14,12,dialectic,bavli,berakhot;gittin;kiddushin;meilah;menachot;nedarim;sanhedrin;taanit;yevamot;yoma;zevachim,berakhot.sugya320:58
2938,1345,Directed,14,11,dialectic,bavli,bava_metzia;berakhot;chagigah;eruvin;gittin;keritot;shabbat;yevamot;yoma;zevachim,bava_metzia.sugya460:18
2409,1394,Directed,14,9,dialectic,bavli,avodah_zarah;beitzah;chullin;kiddushin;pesachim;sanhedrin,avodah_zarah.sugya231:7
2763,1394,Directed,14,10,dialectic,bavli,bava_kamma;bava_metzia;chagigah;chullin;keritot;kiddushin;nedarim;niddah;shabbat;yevamot,bava_kamma.sugya338:4
1395,2068,Directed,14,14,dialectic,bavli,bava_kamma;bava_metzia;bekhorot;berakhot;kiddushin;menachot;pesachim;shabbat;sukkah;yoma,bava_kamma.sugya124:2
571,1570,Directed,14,13,dialectic,bavli,avodah_zarah;berakhot;chullin;eruvin;gittin;makkot;moed_katan;pesachim;shabbat;sukkah;yoma,avodah_zarah.sugya019:14
17,2763,Directed,14,4,dialectic,bavli,berakhot;chullin;ketubot;zevachim,berakhot.sugya151:40
1885,2285,Directed,14,4,dialectic,bavli,berakhot;megillah;sanhedrin;taanit,berakhot.sugya052:0
2285,1885,Directed,14,4,dialectic,bavli,berakhot;megillah;sanhedrin;taanit,berakhot.sugya052:1
2582,194,Directed,14,14,dialectic,bavli,arakhin;bava_batra;bava_metzia;berakhot;chullin;gittin;makkot;meilah;pesachim;sanhedrin;shabbat;yevamot;yoma,arakhin.sugya044:32
207,2582,Directed,14,10,dialectic,bavli,eruvin;gittin;ketubot;megillah;shabbat;shevuot;zevachim,eruvin.sugya135:0
2161,571,Directed,14,12,dialectic,bavli,bava_batra;bava_metzia;bekhorot;berakhot;chullin;gittin;kiddushin;menachot;zevachim,bava_batra.sugya472:100
2518,2578,Directed,14,14,dialectic,bavli,bava_batra;bava_kamma;bava_metzia;berakhot;chullin;ketubot;makkot;sanhedrin;sotah,bava_batra.sugya060:43
2582,918,Directed,14,12,dialectic,bavli,arakhin;avodah_zarah;bava_metzia;eruvin;horayot;kiddushin;nazir;pesachim;sanhedrin;yoma,arakhin.sugya137:110
304,2647,Directed,14,12,dialectic,bavli,bava_kamma;bava_metzia;bekhorot;nedarim;sanhedrin;zevachim,bava_kamma.sugya034:28
267,571,Directed,14,12,dialectic,bavli,bava_batra;bava_metzia;chullin;ketubot;nazir;nedarim;pesachim,bava_batra.sugya147:10
1018,121,Directed,13,12,dialectic,bavli,bava_metzia;chullin;eruvin;kiddushin;nedarim;pesachim;sanhedrin;sukkah;yoma,bava_metzia.sugya223:16
2398,121,Directed,13,8,dialectic,bavli,beitzah;bekhorot;chullin;eruvin;temurah;yoma,beitzah.sugya216:11
2581,1394,Directed,13,10,dialectic,bavli,eruvin;gittin;pesachim;shabbat;yevamot;zevachim,eruvin.sugya049:19
520,1508,Directed,13,3,dialectic,bavli,avodah_zarah;sanhedrin,avodah_zarah.sugya025:10
1508,2032,Directed,13,9,dialectic,bavli,berakhot;chullin;kiddushin;menachot;shabbat;yevamot;zevachim,berakhot.sugya391:11
534,1570,Directed,13,7,dialectic,bavli,arakhin;chullin;kiddushin;meilah;nedarim;sanhedrin,arakhin.sugya137:39
1764,2578,Directed,13,12,dialectic,bavli,bava_metzia;eruvin;horayot;ketubot;kiddushin;makkot;menachot;sanhedrin;shabbat;yevamot,bava_metzia.sugya458:11
194,2582,Directed,13,12,dialectic,bavli,bava_kamma;chullin;gittin;makkot;meilah;nedarim;pesachim;shabbat;yoma,bava_kamma.sugya156:29
2465,1979,Directed,13,11,dialectic,bavli,bekhorot;berakhot;chagigah;chullin;kiddushin;nedarim;sanhedrin;shevuot;yevamot,bekhorot.sugya078:0
1979,2465,Directed,13,12,dialectic,bavli,chagigah;kiddushin;nedarim;sanhedrin;shevuot;sotah;yevamot;yoma;zevachim,chagigah.sugya058:71
1091,1570,Directed,12,9,dialectic,bavli,bava_batra;bava_kamma;bava_metzia;bekhorot;berakhot;sanhedrin;shabbat;temurah,bava_batra.sugya366:1
2896,1508,Directed,12,11,dialectic,bavli,arakhin;avodah_zarah;bava_batra;beitzah;gittin;ketubot;menachot;shabbat;zevachim,arakhin.sugya044:45
2518,1570,Directed,12,12,dialectic,bavli,bekhorot;berakhot;chullin;horayot;ketubot;rosh_hashanah;sanhedrin;shevuot;sotah;sukkah;temurah,bekhorot.sugya284:9
2581,2409,Directed,12,7,dialectic,bavli,moed_katan;pesachim;sanhedrin;shabbat;yevamot;yoma,moed_katan.sugya101:15
571,267,Directed,12,11,dialectic,bavli,bava_batra;bava_metzia;chullin;eruvin;nazir;nedarim;pesachim,bava_batra.sugya468:3
276,2938,Directed,12,4,dialectic,bavli,bava_batra;sanhedrin,bava_batra.sugya241:12
1017,1091,Directed,11,7,dialectic,bavli,bava_kamma;berakhot;gittin;zevachim,bava_kamma.sugya461:48
1570,1091,Directed,11,9,dialectic,bavli,bava_batra;bava_kamma;bava_metzia;bekhorot;berakhot;sanhedrin;shabbat;temurah,bava_batra.sugya366:3
121,139,Directed,11,9,dialectic,bavli,bava_batra;berakhot;chullin;eruvin;keritot;ketubot;pesachim;shabbat,bava_batra.sugya411:6
121,2938,Directed,11,10,dialectic,bavli,bava_batra;bava_kamma;bava_metzia;beitzah;chullin;ketubot;kiddushin;yevamot,bava_batra.sugya447:59
121,2578,Directed,11,11,dialectic,bavli,beitzah;bekhorot;berakhot;chullin;eruvin;ketubot;makkot;menachot;yevamot,beitzah.sugya002:152
1764,1394,Directed,11,10,dialectic,bavli,avodah_zarah;bava_metzia;berakhot;menachot;shabbat;yevamot;yoma,avodah_zarah.sugya259:92
2032,1508,Directed,11,9,dialectic,bavli,berakhot;chullin;ketubot;kiddushin;shabbat;yevamot;zevachim,berakhot.sugya391:10
1527,829,Directed,11,6,dialectic,bavli,bava_kamma;bekhorot;berakhot;horayot;rosh_hashanah,bava_kamma.sugya311:1
1804,571,Directed,11,10,dialectic,bavli,avodah_zarah;bava_batra;bava_kamma;bava_metzia;gittin;ketubot;kiddushin;shevuot,avodah_zarah.sugya259:26
571,1804,Directed,11,10,dialectic,bavli,avodah_zarah;bava_batra;bava_kamma;bava_metzia;gittin;ketubot;kiddushin;shevuot,avodah_zarah.sugya259:27
2582,1952,Directed,11,6,dialectic,bavli,bava_kamma;bekhorot;chullin;menachot;sanhedrin;shabbat,bava_kamma.sugya228:11
2206,2582,Directed,11,10,dialectic,bavli,bava_batra;chullin;eruvin;gittin;nedarim;shabbat;zevachim,bava_batra.sugya413:39
2581,2285,Directed,11,9,dialectic,bavli,avodah_zarah;bava_batra;bava_metzia;beitzah;chagigah;shabbat;yevamot;zevachim,avodah_zarah.sugya241:39
2744,2518,Directed,11,8,dialectic,bavli,bava_batra;bava_metzia;ketubot;nedarim;pesachim,bava_batra.sugya028:26
2738,2578,Directed,11,9,dialectic,bavli,avodah_zarah;bekhorot;menachot;niddah;yevamot;yoma,avodah_zarah.sugya241:24
2578,895,Directed,11,10,dialectic,bavli,bava_kamma;chullin;eruvin;keritot;ketubot;kiddushin;megillah;yoma,bava_kamma.sugya098:2
2647,2582,Directed,11,10,dialectic,bavli,bava_kamma;bava_metzia;gittin;menachot;sanhedrin;shabbat;yevamot;yoma,bava_kamma.sugya026:20
571,2744,Directed,11,8,dialectic,bavli,chullin;ketubot;kiddushin;menachot;nedarim;pesachim,chullin.sugya193:77
895,6,Directed,11,8,dialectic,bavli,bava_kamma;chullin;gittin;ketubot;nedarim;niddah;sotah;zevachim,bava_kamma.sugya435:13
1017,2581,Directed,10,8,dialectic,bavli,berakhot;eruvin;menachot;pesachim;shabbat;shevuot;yevamot,berakhot.sugya237:0
1394,1017,Directed,10,3,dialectic,bavli,berakhot;niddah;shabbat,berakhot.sugya387:2
121,343,Directed,10,9,dialectic,bavli,bava_batra;bava_kamma;bava_metzia;chullin;gittin;moed_katan;taanit;yevamot,bava_batra.sugya116:1
121,2763,Directed,10,10,dialectic,bavli,bava_batra;bava_metzia;eruvin;gittin;menachot;rosh_hashanah;shabbat;yevamot,bava_batra.sugya165:7
895,1345,Directed,10,9,dialectic,bavli,avodah_zarah;bava_kamma;bava_metzia;bekhorot;berakhot;gittin;pesachim;zevachim,avodah_zarah.sugya049:16
1345,2285,Directed,10,5,dialectic,bavli,bava_batra;bava_kamma;eruvin;ketubot;sukkah,bava_batra.sugya414:58
1394,2763,Directed,10,8,dialectic,bavli,bava_kamma;bava_metzia;chagigah;keritot;ketubot;niddah;shabbat,bava_kamma.sugya338:3
2266,1395,Directed,10,9,dialectic,bavli,bava_batra;bava_kamma;megillah;sanhedrin;sotah;temurah;zevachim,bava_batra.sugya398:126
2068,1395,Directed,10,8,dialectic,bavli,bava_metzia;berakhot;pesachim;shabbat;sukkah;yoma,bava_metzia.sugya501:2
1395,2830,Directed,10,8,dialectic,bavli,menachot;nedarim;pesachim;sanhedrin;sotah;yoma,menachot.sugya401:6
2465,1527,Directed,10,10,dialectic,bavli,berakhot;chullin;keritot;makkot;nedarim;pesachim;rosh_hashanah,berakhot.sugya220:69
1527,2465,Directed,10,10,dialectic,bavli,keritot;makkot;nazir;nedarim;rosh_hashanah,keritot.sugya086:3
1570,1814,Directed,10,8,dialectic,bavli,avodah_zarah;bava_batra;makkot;rosh_hashanah;shabbat;yevamot,avodah_zarah.sugya137:73
92,1570,Directed,10,8,dialectic,bavli,berakhot;makkot;rosh_hashanah;shevuot;sotah;temurah;zevachim,berakhot.sugya192:19
2763,17,Directed,10,4,dialectic,bavli,berakhot;chullin;ketubot;zevachim,berakhot.sugya151:39
1952,92,Directed,10,8,dialectic,bavli,bava_batra;bava_metzia;gittin;shabbat;shevuot;temurah,bava_batra.sugya442:17
2173,571,Directed,10,9,dialectic,bavli,bava_kamma;bava_metzia;bekhorot;chullin;gittin;ketubot;makkot;shabbat,bava_kamma.sugya394:90
2285,2581,Directed,10,8,dialectic,bavli,bava_batra;bava_metzia;beitzah;chagigah;eruvin;gittin;pesachim;shabbat,bava_batra.sugya525:4
2582,917,Directed,10,6,dialectic,bavli,bava_kamma;berakhot;nedarim;pesachim;shevuot;zevachim,bava_kamma.sugya517:24
917,2582,Directed,10,8,dialectic,bavli,bava_kamma;berakhot;nedarim;niddah;pesachim;zevachim,bava_kamma.sugya517:25
2938,276,Directed,10,3,dialectic,bavli,bava_batra;sanhedrin,bava_batra.sugya241:10
467,2879,Directed,10,9,dialectic,bavli,bava_kamma;chullin;ketubot;makkot;menachot;yevamot;zevachim,bava_kamma.sugya316:17
571,2938,Directed,10,8,dialectic,bavli,bava_batra;eruvin;menachot;moed_katan;pesachim;shabbat;yevamot;zevachim,bava_batra.sugya411:21
1017,1394,Directed,9,3,dialectic,bavli,berakhot;niddah;shabbat,berakhot.sugya387:1
2298,1094,Directed,9,5,dialectic,bavli,arakhin;bava_batra;berakhot;moed_katan;pesachim,arakhin.sugya137:13
121,1952,Directed,9,8,dialectic,bavli,bekhorot;megillah;menachot;shabbat;yoma;zevachim,bekhorot.sugya020:20
1345,1570,Directed,9,8,dialectic,bavli,eruvin;meilah;nedarim;pesachim;shevuot;sukkah;yoma;zevachim,eruvin.sugya370:6
2465,1383,Directed,9,6,dialectic,bavli,bekhorot;keritot;kiddushin;menachot;nazir;sanhedrin,bekhorot.sugya117:3
1508,1986,Directed,9,6,dialectic,bavli,avodah_zarah;bava_metzia;ketubot;niddah;shabbat,avodah_zarah.sugya164:1
1986,1508,Directed,9,7,dialectic,bavli,avodah_zarah;bava_metzia;ketubot;sanhedrin;shabbat,avodah_zarah.sugya164:2
485,1508,Directed,9,6,dialectic,bavli,bava_batra;berakhot;moed_katan;nedarim;pesachim;temurah,bava_batra.sugya048:127
1570,92,Directed,9,8,dialectic,bavli,avodah_zarah;bava_kamma;berakhot;makkot;rosh_hashanah;shabbat;sotah,avodah_zarah.sugya092:12
2582,207,Directed,9,6,dialectic,bavli,eruvin;gittin;ketubot;shabbat;shevuot,eruvin.sugya135:4
2164,2647,Directed,9,5,dialectic,bavli,bava_kamma;chullin;pesachim;temurah;zevachim,bava_kamma.sugya096:53
2647,2198,Directed,9,9,dialectic,bavli,bava_metzia;beitzah;bekhorot;shabbat;yoma,bava_metzia.sugya435:19
2409,2285,Directed,9,7,dialectic,bavli,bava_kamma;bava_metzia;berakhot;chullin;gittin;makkot,bava_kamma.sugya024:69
6,2409,Directed,9,8,dialectic,bavli,bava_metzia;chullin;gittin;kiddushin;pesachim,bava_metzia.sugya016:21
2465,829,Directed,9,9,dialectic,bavli,berakhot;chullin;keritot;makkot;pesachim;rosh_hashanah;sanhedrin;yevamot,berakhot.sugya319:13
2518,993,Directed,9,7,dialectic,bavli,bava_batra;bava_metzia;gittin;sanhedrin;shabbat;zevachim,bava_batra.sugya129:0
2518,2879,Directed,9,8,dialectic,bavli,bava_kamma;beitzah;bekhorot;eruvin;keritot;niddah;pesachim;shabbat,bava_kamma.sugya153:14
927,2518,Directed,9,9,dialectic,bavli,bava_metzia;horayot;menachot;niddah;pesachim;zevachim,bava_metzia.sugya279:30
895,2578,Directed,9,8,dialectic,bavli,bava_kamma;chullin;eruvin;ketubot;megillah;menachot;yoma,bava_kamma.sugya098:1
2578,2738,Directed,9,8,dialectic,bavli,bekhorot;berakhot;menachot;niddah;yevamot;yoma,bekhorot.sugya259:1
2582,571,Directed,9,4,dialectic,bavli,meilah;niddah;zevachim,meilah.sugya002:54
895,2596,Directed,9,8,dialectic,bavli,bava_kamma;beitzah;berakhot;chullin;moed_katan;nedarim;niddah;shabbat,bava_kamma.sugya457:14
47,495,Directed,9,5,dialectic,bavli,bava_kamma;bava_metzia;niddah;pesachim;yevamot,bava_kamma.sugya064:0
571,895,Directed,9,7,dialectic,bavli,avodah_zarah;bava_batra;beitzah;chullin;menachot;shabbat;yevamot,avodah_zarah.sugya248:3
1017,534,Directed,8,7,dialectic,bavli,avodah_zarah;bava_kamma;beitzah;chullin;meilah;rosh_hashanah;zevachim,avodah_zarah.sugya054:39
1017,1764,Directed,8,6,dialectic,bavli,bava_batra;berakhot;kiddushin;shabbat;yevamot;yoma,bava_batra.sugya447:132
1017,92,Directed,8,7,dialectic,bavli,bava_kamma;berakhot;kiddushin;moed_katan;sanhedrin;sukkah;zevachim,bava_kamma.sugya144:26
495,1091,Directed,8,5,dialectic,bavli,arakhin;chullin;niddah;yevamot,arakhin.sugya020:7
1091,495,Directed,8,3,dialectic,bavli,chullin;niddah;temurah,chullin.sugya012:11
1094,2298,Directed,8,5,dialectic,bavli,arakhin;bava_batra;berakhot;pesachim;shabbat,arakhin.sugya137:14
121,895,Directed,8,7,dialectic,bavli,arakhin;bava_metzia;kiddushin;niddah;temurah;yevamot,arakhin.sugya243:14
1345,977,Directed,8,5,dialectic,bavli,berakhot;nazir;sanhedrin;shabbat,berakhot.sugya341:37
1345,2578,Directed,8,8,dialectic,bavli,eruvin;menachot;niddah;pesachim;shevuot;yevamot,eruvin.sugya002:49
1394,2409,Directed,8,6,dialectic,bavli,avodah_zarah;beitzah;chullin;kiddushin;sanhedrin,avodah_zarah.sugya231:3
1395,1657,Directed,8,8,dialectic,bavli,arakhin;bava_batra;horayot;keritot;menachot;sukkah;zevachim,arakhin.sugya111:2
2298,1570,Directed,8,7,dialectic,bavli,arakhin;bava_batra;menachot;niddah;rosh_hashanah;shabbat;zevachim,arakhin.sugya241:67
1764,1570,Directed,8,8,dialectic,bavli,arakhin;gittin;keritot;sanhedrin;shabbat;yevamot,arakhin.sugya017:8
1570,2830,Directed,8,6,dialectic,bavli,chullin;kiddushin;menachot;shevuot;yevamot;zevachim,chullin.sugya382:18
1764,2938,Directed,8,7,dialectic,bavli,bava_metzia;eruvin;gittin;ketubot;shabbat;sotah;zevachim,bava_metzia.sugya221:18
92,1952,Directed,8,6,dialectic,bavli,bava_batra;bava_metzia;pesachim;shabbat;shevuot,bava_batra.sugya442:21
1952,467,Directed,8,8,dialectic,bavli,bava_metzia;chullin;kiddushin;menachot;sotah;zevachim,bava_metzia.sugya441:5
2298,2296,Directed,8,6,dialectic,bavli,bava_batra;berakhot;chullin;taanit,bava_batra.sugya431:45
2298,2578,Directed,8,6,dialectic,bavli,arakhin;bava_kamma;bava_metzia;bekhorot;sanhedrin;shabbat,arakhin.sugya031:0
2518,2938,Directed,8,7,dialectic,bavli,ketubot;menachot;moed_katan;pesachim;shabbat;yevamot,ketubot.sugya491:28
2578,467,Directed,8,6,dialectic,bavli,bava_kamma;chullin;eruvin;menachot;shabbat;yevamot,bava_kamma.sugya389:1
895,2581,Directed,8,6,dialectic,bavli,chullin;eruvin;niddah,chullin.sugya199:9
2582,417,Directed,8,8,dialectic,bavli,bava_kamma;chagigah;ketubot;kiddushin;megillah;menachot;nazir;zevachim,bava_kamma.sugya394:83
2681,2582,Directed,8,6,dialectic,bavli,bava_metzia;gittin;shevuot;yevamot,bava_metzia.sugya215:88
2582,2586,Directed,8,7,dialectic,bavli,bava_metzia;kiddushin;pesachim;sanhedrin;shabbat;temurah;yevamot,bava_metzia.sugya261:48
2596,895,Directed,8,8,dialectic,bavli,bava_kamma;beitzah;berakhot;chullin;moed_katan;nedarim;niddah;shabbat,bava_kamma.sugya457:13
2647,297,Directed,8,7,dialectic,bavli,bava_batra;bava_kamma;bekhorot;chullin;eruvin;pesachim;shabbat,bava_batra.sugya023:1
2763,895,Directed,8,5,dialectic,bavli,arakhin;chullin;gittin;menachot;zevachim,arakhin.sugya091:161
895,2763,Directed,8,5,dialectic,bavli,arakhin;chullin;gittin;menachot;zevachim,arakhin.sugya091:162
467,417,Directed,8,5,dialectic,bavli,bava_batra;kiddushin;shabbat,bava_batra.sugya213:15
2581,1017,Directed,7,5,dialectic,bavli,menachot;pesachim;shabbat;yevamot;zevachim,menachot.sugya389:12
1113,2763,Directed,7,5,dialectic,bavli,eruvin;ketubot;yevamot,eruvin.sugya368:48
571,121,Directed,7,7,dialectic,bavli,bava_kamma;gittin;pesachim;shabbat;sotah;zevachim,bava_kamma.sugya520:3
2582,1212,Directed,7,6,dialectic,bavli,bava_batra;bava_kamma;bekhorot;nedarim;sanhedrin;shabbat,bava_batra.sugya080:23
1345,2582,Directed,7,5,dialectic,bavli,bava_kamma;beitzah;chullin;keritot;kiddushin,bava_kamma.sugya438:28
977,1345,Directed,7,5,dialectic,bavli,berakhot;nazir;sanhedrin;shabbat,berakhot.sugya341:40
1345,2689,Directed,7,1,dialectic,bavli,chullin,chullin.sugya316:61
2689,1345,Directed,7,1,dialectic,bavli,chullin,chullin.sugya316:62
571,1345,Directed,7,6,dialectic,bavli,moed_katan;nazir;pesachim;shabbat;taanit;yevamot,moed_katan.sugya024:11
1952,140,Directed,7,4,dialectic,bavli,bava_kamma;chullin;nedarim;niddah,bava_kamma.sugya481:46
2578,1508,Directed,7,6,dialectic,bavli,avodah_zarah;bava_kamma;beitzah;ketubot;pesachim;shabbat,avodah_zarah.sugya137:13
1508,2896,Directed,7,7,dialectic,bavli,bava_batra;beitzah;gittin;ketubot;kiddushin;shabbat;zevachim,bava_batra.sugya029:7
2445,1570,Directed,7,3,dialectic,bavli,avodah_zarah;berakhot;menachot,avodah_zarah.sugya267:41
1952,1570,Directed,7,7,dialectic,bavli,bava_batra;kiddushin;moed_katan;pesachim;sanhedrin;yevamot;zevachim,bava_batra.sugya351:2
1570,534,Directed,7,6,dialectic,bavli,chullin;kiddushin;nedarim;sanhedrin;zevachim,chullin.sugya306:33
2582,1657,Directed,7,5,dialectic,bavli,bava_metzia;chullin;keritot;ketubot;temurah,bava_metzia.sugya290:24
1841,2582,Directed,7,2,dialectic,bavli,pesachim;zevachim,pesachim.sugya380:2
2582,1841,Directed,7,2,dialectic,bavli,pesachim;zevachim,pesachim.sugya380:3
6,1952,Directed,7,5,dialectic,bavli,beitzah;chullin;shabbat,beitzah.sugya134:52
1952,2879,Directed,7,5,dialectic,bavli,chullin;temurah;zevachim,chullin.sugya362:58
2156,571,Directed,7,5,dialectic,bavli,bava_batra;eruvin;gittin;kiddushin;yevamot,bava_batra.sugya400:21
2285,2681,Directed,7,6,dialectic,bavli,arakhin;bava_kamma;bava_metzia;bekhorot;eruvin;ketubot,arakhin.sugya251:38
2285,2586,Directed,7,6,dialectic,bavli,avodah_zarah;bava_batra;bekhorot;berakhot;gittin;shabbat,avodah_zarah.sugya214:62
571,2285,Directed,7,7,dialectic,bavli,bava_batra;beitzah;eruvin;menachot;nedarim;shabbat,bava_batra.sugya431:57
2285,2763,Directed,7,7,dialectic,bavli,bava_metzia;chullin;eruvin;kiddushin;shabbat;shevuot,bava_metzia.sugya026:7
2298,2763,Directed,7,6,dialectic,bavli,bekhorot;eruvin;niddah;shabbat;shevuot;sukkah,bekhorot.sugya161:48
2409,2582,Directed,7,5,dialectic,bavli,chullin;makkot;nazir;pesachim;sanhedrin,chullin.sugya386:149
829,2465,Directed,7,7,dialectic,bavli,keritot;makkot;pesachim;sukkah;yevamot,keritot.sugya086:2
2581,2578,Directed,7,6,dialectic,bavli,beitzah;eruvin;gittin;yevamot;zevachim,beitzah.sugya002:233
2582,286,Directed,7,6,dialectic,bavli,chullin;nazir;sanhedrin;shabbat;yevamot;yoma,chullin.sugya007:56
977,2582,Directed,7,6,dialectic,bavli,keritot;menachot;nazir;temurah;yevamot;zevachim,keritot.sugya131:7
571,2763,Directed,7,7,dialectic,bavli,avodah_zarah;bava_batra;chullin;eruvin;gittin;menachot;shevuot,avodah_zarah.sugya243:1
284,571,Directed,7,7,dialectic,bavli,bava_metzia;chullin;menachot;pesachim;yevamot,bava_metzia.sugya454:25
1017,1854,Directed,6,5,dialectic,bavli,bava_metzia;chullin;eruvin;gittin;yevamot,bava_metzia.sugya180:6
1017,467,Directed,6,5,dialectic,bavli,bekhorot;eruvin;niddah;sanhedrin;taanit,bekhorot.sugya043:13
1017,1345,Directed,6,3,dialectic,bavli,berakhot;yoma;zevachim,berakhot.sugya391:26
1017,2578,Directed,6,5,dialectic,bavli,chullin;eruvin;keritot;nedarim;zevachim,chullin.sugya128:33
343,121,Directed,6,6,dialectic,bavli,bava_batra;chullin;gittin;moed_katan;yevamot,bava_batra.sugya116:0
286,121,Directed,6,5,dialectic,bavli,bava_kamma;eruvin;gittin;shabbat;sukkah,bava_kamma.sugya015:13
49,121,Directed,6,2,dialectic,bavli,beitzah;gittin,beitzah.sugya103:0
121,49,Directed,6,2,dialectic,bavli,beitzah;gittin,beitzah.sugya103:1
121,1885,Directed,6,5,dialectic,bavli,beitzah;eruvin;kiddushin;megillah;yevamot,beitzah.sugya002:43
1345,2938,Directed,6,5,dialectic,bavli,avodah_zarah;berakhot;eruvin;gittin;yoma,avodah_zarah.sugya259:11
1345,2409,Directed,6,3,dialectic,bavli,berakhot;meilah;shabbat,berakhot.sugya451:8
1345,1764,Directed,6,3,dialectic,bavli,chullin;ketubot;menachot,chullin.sugya031:90
1624,1385,Directed,6,3,dialectic,bavli,nedarim;sotah;yoma,nedarim.sugya247:19
1512,2582,Directed,6,5,dialectic,bavli,nazir;shabbat;sotah;yevamot,nazir.sugya124:34
1527,1979,Directed,6,2,dialectic,bavli,avodah_zarah;bekhorot,avodah_zarah.sugya101:10
829,1527,Directed,6,3,dialectic,bavli,bekhorot;berakhot;horayot,bekhorot.sugya172:66
2938,1570,Directed,6,4,dialectic,bavli,avodah_zarah;bava_kamma;chullin;yevamot,avodah_zarah.sugya259:7
495,1570,Directed,6,4,dialectic,bavli,gittin;sanhedrin;yevamot;zevachim,gittin.sugya135:132
1570,495,Directed,6,4,dialectic,bavli,sanhedrin;yevamot;zevachim,sanhedrin.sugya129:50
553,1583,Directed,6,1,dialectic,bavli,gittin,gittin.sugya212:34
1583,553,Directed,6,1,dialectic,bavli,gittin,gittin.sugya212:35
2465,1593,Directed,6,4,dialectic,bavli,bekhorot;pesachim;rosh_hashanah;temurah,bekhorot.sugya212:0
1593,2465,Directed,6,6,dialectic,bavli,bekhorot;gittin;niddah;pesachim;temurah,bekhorot.sugya212:1
1764,2285,Directed,6,6,dialectic,bavli,bava_batra;chullin;eruvin;sanhedrin;shabbat,bava_batra.sugya149:8
1764,239,Directed,6,4,dialectic,bavli,bava_batra;keritot;shabbat,bava_batra.sugya299:11
2518,1764,Directed,6,5,dialectic,bavli,beitzah;shabbat;sukkah;yevamot,beitzah.sugya209:7
1764,495,Directed,6,4,dialectic,bavli,moed_katan;shabbat;yevamot,moed_katan.sugya059:45
1832,1952,Directed,6,6,dialectic,bavli,avodah_zarah;kiddushin;menachot;moed_katan;yoma;zevachim,avodah_zarah.sugya036:2
571,194,Directed,6,6,dialectic,bavli,bava_kamma;makkot;menachot;sanhedrin;shabbat,bava_kamma.sugya096:54
1954,6,Directed,6,1,dialectic,bavli,chullin,chullin.sugya172:27
2647,2164,Directed,6,5,dialectic,bavli,bava_metzia;chullin;kiddushin;pesachim;zevachim,bava_metzia.sugya443:26
2170,571,Directed,6,5,dialectic,bavli,avodah_zarah;bava_batra;ketubot;nedarim,avodah_zarah.sugya280:21
571,2170,Directed,6,4,dialectic,bavli,avodah_zarah;bava_batra;bava_metzia;nedarim,avodah_zarah.sugya280:23
2285,2453,Directed,6,3,dialectic,bavli,bava_batra;bava_metzia;chullin,bava_batra.sugya138:12
2298,2285,Directed,6,6,dialectic,bavli,beitzah;bekhorot;berakhot;eruvin,beitzah.sugya127:25
2298,895,Directed,6,5,dialectic,bavli,arakhin;avodah_zarah;eruvin;sotah;yoma,arakhin.sugya079:30
2518,2298,Directed,6,5,dialectic,bavli,bava_batra;bekhorot;keritot;rosh_hashanah;zevachim,bava_batra.sugya400:39
2582,239,Directed,6,6,dialectic,bavli,berakhot;keritot;ketubot;pesachim;shabbat;zevachim,berakhot.sugya127:3
2409,6,Directed,6,5,dialectic,bavli,bava_metzia;gittin;kiddushin,bava_metzia.sugya016:23
2735,2518,Directed,6,5,dialectic,bavli,horayot;nazir;niddah;taanit;yoma,horayot.sugya051:14
304,2582,Directed,6,6,dialectic,bavli,bava_kamma;bava_metzia;gittin;makkot;nazir,bava_kamma.sugya459:7
2668,2582,Directed,6,1,dialectic,bavli,eruvin,eruvin.sugya080:21
2582,2668,Directed,6,1,dialectic,bavli,eruvin,eruvin.sugya080:24
2582,2830,Directed,6,6,dialectic,bavli,gittin;keritot;makkot;menachot,gittin.sugya045:1
571,284,Directed,6,6,dialectic,bavli,bava_metzia;menachot;pesachim;yevamot,bava_metzia.sugya454:26
2879,467,Directed,6,3,dialectic,bavli,bava_kamma;menachot;zevachim,bava_kamma.sugya443:110
2938,2879,Directed,6,4,dialectic,bavli,bekhorot;chullin;kiddushin;yevamot,bekhorot.sugya098:7
571,467,Directed,6,4,dialectic,bavli,kiddushin;shabbat;yevamot,kiddushin.sugya022:13
571,6,Directed,6,6,dialectic,bavli,bava_metzia;meilah;menachot;niddah;yoma,bava_metzia.sugya187:94
6,571,Directed,6,6,dialectic,bavli,bekhorot;gittin;menachot;niddah;taanit,bekhorot.sugya364:29
1091,1017,Directed,5,5,dialectic,bavli,bava_kamma;berakhot;gittin;zevachim,bava_kamma.sugya461:49
92,1017,Directed,5,5,dialectic,bavli,berakhot;moed_katan;sanhedrin;sukkah;zevachim,berakhot.sugya369:72
1854,1017,Directed,5,4,dialectic,bavli,chullin;eruvin;gittin;yevamot,chullin.sugya003:134
1570,1022,Directed,5,2,dialectic,bavli,sanhedrin;yevamot,sanhedrin.sugya335:18
2582,1088,Directed,5,4,dialectic,bavli,bava_batra;berakhot;keritot;menachot,bava_batra.sugya138:28
47,1091,Directed,5,3,dialectic,bavli,bava_kamma;shevuot,bava_kamma.sugya461:23
2582,1094,Directed,5,3,dialectic,bavli,bava_metzia;nedarim;yevamot,bava_metzia.sugya026:4
2763,1113,Directed,5,4,dialectic,bavli,eruvin;ketubot;yevamot,eruvin.sugya368:49
121,1212,Directed,5,5,dialectic,bavli,avodah_zarah;bava_batra;bekhorot;chullin;keritot,avodah_zarah.sugya176:12
121,2445,Directed,5,5,dialectic,bavli,avodah_zarah;bekhorot;ketubot;shabbat,avodah_zarah.sugya296:16
121,229,Directed,5,2,dialectic,bavli,bava_batra;berakhot,bava_batra.sugya345:9
121,2285,Directed,5,4,dialectic,bavli,bava_batra;gittin;niddah,bava_batra.sugya402:39
139,121,Directed,5,4,dialectic,bavli,bava_batra;berakhot;eruvin;shabbat,bava_batra.sugya411:8
207,121,Directed,5,4,dialectic,bavli,bava_batra;bava_metzia;kiddushin;shabbat,bava_batra.sugya290:76
121,207,Directed,5,3,dialectic,bavli,bava_batra;shabbat,bava_batra.sugya290:78
918,121,Directed,5,4,dialectic,bavli,bava_kamma;eruvin;kiddushin;shabbat,bava_kamma.sugya015:22
121,977,Directed,5,3,dialectic,bavli,eruvin;shabbat,eruvin.sugya046:3
121,1394,Directed,5,4,dialectic,bavli,gittin;moed_katan;pesachim;shevuot,gittin.sugya074:13
1212,368,Directed,5,2,dialectic,bavli,bava_kamma;shabbat,bava_kamma.sugya283:32
1212,1570,Directed,5,4,dialectic,bavli,berakhot;gittin;ketubot,berakhot.sugya022:32
1375,2465,Directed,5,2,dialectic,bavli,bava_batra;sanhedrin,bava_batra.sugya033:109
2465,1375,Directed,5,2,dialectic,bavli,bava_batra;sanhedrin,bava_batra.sugya033:110
1383,2465,Directed,5,4,dialectic,bavli,bava_metzia;keritot;kiddushin;nazir,bava_metzia.sugya150:32
1385,1624,Directed,5,2,dialectic,bavli,sotah;yoma,sotah.sugya287:10
1395,2888,Directed,5,3,dialectic,bavli,berakhot;sanhedrin;yevamot,berakhot.sugya177:8
1395,2465,Directed,5,5,dialectic,bavli,chullin;sanhedrin;yoma;zevachim,chullin.sugya378:28
1731,1508,Directed,5,2,dialectic,bavli,avodah_zarah;niddah,avodah_zarah.sugya221:77
1979,1527,Directed,5,2,dialectic,bavli,avodah_zarah;gittin,avodah_zarah.sugya101:12
2582,1544,Directed,5,4,dialectic,bavli,bava_metzia;berakhot;eruvin;pesachim,bava_metzia.sugya215:111
1814,1570,Directed,5,4,dialectic,bavli,bava_batra;makkot;rosh_hashanah;shabbat,bava_batra.sugya039:23
2161,1570,Directed,5,4,dialectic,bavli,bava_kamma;bava_metzia;ketubot;yoma,bava_kamma.sugya299:22
1570,2578,Directed,5,4,dialectic,bavli,bava_metzia;chullin;yoma;zevachim,bava_metzia.sugya189:6
1570,2068,Directed,5,4,dialectic,bavli,bava_metzia;bekhorot;chagigah;chullin,bava_metzia.sugya355:11
2647,1570,Directed,5,5,dialectic,bavli,beitzah;bekhorot;eruvin;niddah,beitzah.sugya002:64
6,1570,Directed,5,4,dialectic,bavli,beitzah;gittin;nedarim,beitzah.sugya215:11
2839,1570,Directed,5,4,dialectic,bavli,berakhot;chullin;ketubot;nazir,berakhot.sugya288:0
2409,1570,Directed,5,3,dialectic,bavli,chagigah;nedarim;shabbat,chagigah.sugya074:52
1689,1570,Directed,5,4,dialectic,bavli,chullin;kiddushin;sanhedrin;yevamot,chullin.sugya208:24
2581,1570,Directed,5,5,dialectic,bavli,ketubot;megillah;menachot;shabbat;temurah,ketubot.sugya096:3
2465,1742,Directed,5,4,dialectic,bavli,bava_kamma;chagigah;sanhedrin;zevachim,bava_kamma.sugya156:17
1764,229,Directed,5,3,dialectic,bavli,bava_batra;shabbat,bava_batra.sugya345:8
571,1764,Directed,5,5,dialectic,bavli,bava_batra;kiddushin;pesachim;shabbat,bava_batra.sugya381:4
2938,1764,Directed,5,4,dialectic,bavli,bava_batra;chullin;sanhedrin;yevamot,bava_batra.sugya419:16
1764,2398,Directed,5,4,dialectic,bavli,chullin;eruvin;yoma,chullin.sugya390:81
1764,467,Directed,5,5,dialectic,bavli,chullin;shabbat;shevuot;sotah,chullin.sugya092:59
1952,1764,Directed,5,3,dialectic,bavli,shabbat;zevachim,shabbat.sugya710:0
1913,2681,Directed,5,1,dialectic,bavli,zevachim,zevachim.sugya340:34
2518,194,Directed,5,3,dialectic,bavli,ketubot;menachot,ketubot.sugya035:4
2518,1952,Directed,5,5,dialectic,bavli,chagigah;ketubot;nedarim;shabbat;yoma,chagigah.sugya028:22
1952,2582,Directed,5,3,dialectic,bavli,menachot;shabbat;yoma,menachot.sugya130:4
2139,571,Directed,5,1,dialectic,bavli,sanhedrin,sanhedrin.sugya509:51
571,2173,Directed,5,5,dialectic,bavli,bava_batra;bekhorot;gittin;ketubot;yevamot,bava_batra.sugya447:121
2198,2647,Directed,5,5,dialectic,bavli,bava_metzia;bekhorot;shabbat,bava_metzia.sugya290:44
2582,2206,Directed,5,5,dialectic,bavli,bava_batra;chullin;eruvin;gittin,bava_batra.sugya468:73
2241,92,Directed,5,1,dialectic,bavli,yevamot,yevamot.sugya148:21
92,2241,Directed,5,1,dialectic,bavli,yevamot,yevamot.sugya148:22
977,2285,Directed,5,4,dialectic,bavli,bava_batra;nazir;taanit;zevachim,bava_batra.sugya114:13
2285,600,Directed,5,3,dialectic,bavli,bava_batra;bava_metzia;chagigah,bava_batra.sugya126:11
2453,2285,Directed,5,4,dialectic,bavli,bava_batra;bava_metzia;chullin;ketubot,bava_batra.sugya138:11
2646,2298,Directed,5,2,dialectic,bavli,horayot;pesachim,horayot.sugya053:12
2298,2646,Directed,5,2,dialectic,bavli,horayot;pesachim,horayot.sugya053:13
977,2409,Directed,5,5,dialectic,bavli,chullin;kiddushin;nedarim;shabbat;yevamot,chullin.sugya090:88
2582,2445,Directed,5,5,dialectic,bavli,avodah_zarah;bava_kamma;bava_metzia;shabbat;yevamot,avodah_zarah.sugya296:18
2647,2518,Directed,5,5,dialectic,bavli,bava_batra;bava_metzia;menachot;pesachim;zevachim,bava_batra.sugya349:13
993,2518,Directed,5,4,dialectic,bavli,bava_metzia;gittin;niddah;zevachim,bava_metzia.sugya142:9
2582,2527,Directed,5,4,dialectic,bavli,bava_kamma;bava_metzia;rosh_hashanah;sanhedrin,bava_kamma.sugya370:2
2578,2594,Directed,5,4,dialectic,bavli,bava_batra;bava_kamma;bava_metzia;makkot,bava_batra.sugya157:2
2647,2578,Directed,5,5,dialectic,bavli,bava_batra;pesachim;shabbat;zevachim,bava_batra.sugya290:70
571,2578,Directed,5,5,dialectic,bavli,bekhorot;gittin;pesachim;shabbat;yevamot,bekhorot.sugya174:2
2581,2763,Directed,5,4,dialectic,bavli,bava_batra;eruvin;zevachim,bava_batra.sugya398:51
2581,2582,Directed,5,4,dialectic,bavli,bava_kamma;berakhot;menachot;zevachim,bava_kamma.sugya438:40
2582,92,Directed,5,4,dialectic,bavli,bava_metzia;makkot;sanhedrin;yevamot,bava_metzia.sugya030:6
571,2637,Directed,5,5,dialectic,bavli,ketubot;sotah;temurah;yevamot;zevachim,ketubot.sugya106:0
2639,2646,Directed,5,5,dialectic,bavli,bava_batra;shabbat;sukkah;yevamot;zevachim,bava_batra.sugya208:2
297,2647,Directed,5,5,dialectic,bavli,bava_batra;bava_kamma;eruvin;pesachim;shabbat,bava_batra.sugya023:0
918,2763,Directed,5,4,dialectic,bavli,bava_batra;chullin;eruvin;zevachim,bava_batra.sugya332:24
2938,2763,Directed,5,5,dialectic,bavli,bava_metzia;berakhot;niddah;shevuot,bava_metzia.sugya443:29
571,2879,Directed,5,4,dialectic,bavli,avodah_zarah;chullin;shabbat;yoma,avodah_zarah.sugya035:48
2938,895,Directed,5,5,dialectic,bavli,bava_batra;berakhot;rosh_hashanah;zevachim,bava_batra.sugya039:15
312,2938,Directed,5,2,dialectic,bavli,bava_batra;sanhedrin,bava_batra.sugya033:75
92,2957,Directed,5,4,dialectic,bavli,bava_batra;berakhot;gittin,bava_batra.sugya256:2
47,467,Directed,5,4,dialectic,bavli,bava_batra;beitzah;ketubot;zevachim,bava_batra.sugya425:18
495,47,Directed,5,3,dialectic,bavli,bava_metzia;niddah;yevamot,bava_metzia.sugya145:22
6,1017,Directed,4,3,dialectic,bavli,beitzah;chullin;gittin,beitzah.sugya215:13
1017,2938,Directed,4,3,dialectic,bavli,chullin;horayot;sanhedrin,chullin.sugya345:28
1017,121,Directed,4,4,dialectic,bavli,moed_katan;niddah;yoma;zevachim,moed_katan.sugya075:7
2075,1039,Directed,4,1,dialectic,bavli,makkot,makkot.sugya127:14
1039,2075,Directed,4,1,dialectic,bavli,makkot,makkot.sugya127:15
1570,1075,Directed,4,4,dialectic,bavli,eruvin;menachot;nazir;shabbat,eruvin.sugya092:13
1091,47,Directed,4,3,dialectic,bavli,bava_kamma;shevuot,bava_kamma.sugya461:28
1094,2582,Directed,4,2,dialectic,bavli,bava_metzia;nedarim,bava_metzia.sugya026:3
1146,2800,Directed,4,1,dialectic,bavli,bava_batra,bava_batra.sugya401:0
121,239,Directed,4,4,dialectic,bavli,avodah_zarah;bekhorot;gittin,avodah_zarah.sugya221:99
121,467,Directed,4,4,dialectic,bavli,bava_batra;bava_kamma;ketubot;yevamot,bava_batra.sugya411:7
194,121,Directed,4,4,dialectic,bavli,bava_kamma;ketubot;niddah;shabbat,bava_kamma.sugya156:28
121,2140,Directed,4,3,dialectic,bavli,bava_metzia;menachot,bava_metzia.sugya284:29
2647,121,Directed,4,3,dialectic,bavli,eruvin;shabbat;yoma,eruvin.sugya101:45
121,2409,Directed,4,4,dialectic,bavli,eruvin;nazir;pesachim;sanhedrin,eruvin.sugya273:64
121,2068,Directed,4,3,dialectic,bavli,ketubot;kiddushin;shabbat,ketubot.sugya480:0
121,140,Directed,4,2,dialectic,bavli,temurah,temurah.sugya030:17
1212,417,Directed,4,2,dialectic,bavli,bava_batra;bekhorot,bava_batra.sugya476:1
2445,1345,Directed,4,2,dialectic,bavli,bava_batra;berakhot,bava_batra.sugya241:15
1345,2178,Directed,4,2,dialectic,bavli,bava_metzia;ketubot,bava_metzia.sugya157:17
2409,1345,Directed,4,3,dialectic,bavli,berakhot;meilah;taanit,berakhot.sugya451:10
2298,1345,Directed,4,4,dialectic,bavli,horayot;shabbat;yevamot,horayot.sugya022:1
1362,2578,Directed,4,4,dialectic,bavli,eruvin,eruvin.sugya021:48
2578,1362,Directed,4,4,dialectic,bavli,eruvin,eruvin.sugya021:49
2788,1394,Directed,4,3,dialectic,bavli,avodah_zarah;bava_metzia;yevamot,avodah_zarah.sugya094:95
1394,895,Directed,4,4,dialectic,bavli,bava_batra;gittin;kiddushin;niddah,bava_batra.sugya150:23
2684,1394,Directed,4,4,dialectic,bavli,chullin;ketubot,chullin.sugya110:121
1394,1797,Directed,4,2,dialectic,bavli,kiddushin;sanhedrin,kiddushin.sugya126:5
2582,1395,Directed,4,4,dialectic,bavli,arakhin;pesachim;sukkah,arakhin.sugya016:13
140,1952,Directed,4,3,dialectic,bavli,bava_kamma;chullin;niddah,bava_kamma.sugya481:47
140,1570,Directed,4,3,dialectic,bavli,chullin;rosh_hashanah;temurah,chullin.sugya368:31
1508,1731,Directed,4,2,dialectic,bavli,avodah_zarah;niddah,avodah_zarah.sugya221:80
2330,1508,Directed,4,2,dialectic,bavli,bava_batra;berakhot,bava_batra.sugya413:41
478,1508,Directed,4,2,dialectic,bavli,bava_metzia;chullin,bava_metzia.sugya357:92
2508,1508,Directed,4,1,dialectic,bavli,chullin,chullin.sugya003:227
1508,1556,Directed,4,2,dialectic,bavli,megillah;yoma,megillah.sugya167:49
1508,1657,Directed,4,3,dialectic,bavli,niddah;sanhedrin;shabbat,niddah.sugya354:4
225,1527,Directed,4,1,dialectic,bavli,chullin,chullin.sugya182:0
1527,225,Directed,4,1,dialectic,bavli,chullin,chullin.sugya182:12
1570,2409,Directed,4,2,dialectic,bavli,chagigah;nedarim,chagigah.sugya074:54
1570,239,Directed,4,3,dialectic,bavli,kiddushin;yevamot;zevachim,kiddushin.sugya212:94
1689,467,Directed,4,2,dialectic,bavli,berakhot;niddah,berakhot.sugya249:46
1742,2465,Directed,4,4,dialectic,bavli,chagigah;sanhedrin;zevachim,chagigah.sugya060:93
1764,417,Directed,4,3,dialectic,bavli,avodah_zarah;bekhorot;pesachim,avodah_zarah.sugya083:126
1764,2409,Directed,4,3,dialectic,bavli,avodah_zarah;pesachim;shabbat,avodah_zarah.sugya083:155
2602,1764,Directed,4,2,dialectic,bavli,bava_batra;bava_kamma,bava_batra.sugya097:10
1764,2879,Directed,4,4,dialectic,bavli,berakhot;chullin;ketubot,berakhot.sugya155:5
895,1764,Directed,4,3,dialectic,bavli,berakhot;chullin;sukkah,berakhot.sugya204:15
977,1764,Directed,4,3,dialectic,bavli,ketubot;shabbat,ketubot.sugya156:3
1764,867,Directed,4,4,dialectic,bavli,kiddushin;pesachim;shabbat,kiddushin.sugya036:7
1764,1952,Directed,4,4,dialectic,bavli,nedarim;pesachim;shabbat,nedarim.sugya196:9
1781,2582,Directed,4,3,dialectic,bavli,bava_metzia;chullin;yevamot,bava_metzia.sugya355:17
2582,1781,Directed,4,3,dialectic,bavli,bava_metzia;chullin;yevamot,bava_metzia.sugya355:18
1784,2518,Directed,4,3,dialectic,bavli,eruvin;menachot;zevachim,eruvin.sugya165:13
2298,1885,Directed,4,3,dialectic,bavli,arakhin;moed_katan;sotah,arakhin.sugya048:18
194,2581,Directed,4,4,dialectic,bavli,arakhin;menachot;yevamot;zevachim,arakhin.sugya039:3
1952,2429,Directed,4,1,dialectic,bavli,bava_metzia,bava_metzia.sugya054:5
1952,6,Directed,4,4,dialectic,bavli,beitzah;shabbat,beitzah.sugya134:53
1954,2578,Directed,4,4,dialectic,bavli,beitzah;berakhot;eruvin;pesachim,beitzah.sugya105:1
1979,2068,Directed,4,2,dialectic,bavli,eruvin;sotah,eruvin.sugya025:27
571,2006,Directed,4,2,dialectic,bavli,chullin;megillah,chullin.sugya288:38
2647,2156,Directed,4,3,dialectic,bavli,berakhot;gittin;pesachim,berakhot.sugya316:13
571,2174,Directed,4,4,dialectic,bavli,chullin;gittin;zevachim,chullin.sugya333:14
2582,2190,Directed,4,3,dialectic,bavli,berakhot;chullin;shabbat,berakhot.sugya132:11
2190,2582,Directed,4,3,dialectic,bavli,berakhot;chullin;shabbat,berakhot.sugya132:14
2206,2578,Directed,4,4,dialectic,bavli,meilah;pesachim;sanhedrin;shabbat,meilah.sugya031:6
286,2285,Directed,4,2,dialectic,bavli,avodah_zarah;bava_kamma,avodah_zarah.sugya023:0
2285,911,Directed,4,3,dialectic,bavli,bava_batra;bava_kamma;chullin,bava_batra.sugya376:21
911,2285,Directed,4,3,dialectic,bavli,bava_batra;bava_kamma;gittin,bava_batra.sugya376:22
2586,2285,Directed,4,4,dialectic,bavli,bava_batra;berakhot;gittin;shabbat,bava_batra.sugya429:1
2285,873,Directed,4,2,dialectic,bavli,bava_batra;chullin,bava_batra.sugya468:59
2445,2285,Directed,4,4,dialectic,bavli,bava_batra;bekhorot;berakhot,bava_batra.sugya488:61
2296,2285,Directed,4,4,dialectic,bavli,bava_batra;ketubot;sanhedrin,bava_batra.sugya149:2
2285,867,Directed,4,2,dialectic,bavli,chullin;zevachim,chullin.sugya317:29
2596,2285,Directed,4,2,dialectic,bavli,ketubot;sukkah,ketubot.sugya446:57
2582,2296,Directed,4,4,dialectic,bavli,chullin;horayot;ketubot;shevuot,chullin.sugya269:8
2298,467,Directed,4,4,dialectic,bavli,bava_metzia;keritot;temurah,bava_metzia.sugya259:15
918,2298,Directed,4,2,dialectic,bavli,pesachim;sanhedrin,pesachim.sugya074:40
239,2879,Directed,4,4,dialectic,bavli,bekhorot;kiddushin;yevamot;yoma,bekhorot.sugya246:44
239,495,Directed,4,2,dialectic,bavli,chullin;pesachim,chullin.sugya364:15
495,239,Directed,4,2,dialectic,bavli,chullin;pesachim,chullin.sugya364:16
6,2398,Directed,4,4,dialectic,bavli,berakhot;ketubot;pesachim;tamid,berakhot.sugya490:74
2409,2581,Directed,4,3,dialectic,bavli,pesachim;shabbat;yoma,pesachim.sugya344:11
2582,2440,Directed,4,3,dialectic,bavli,bava_batra;bava_metzia;gittin,bava_batra.sugya414:78
2582,2465,Directed,4,3,dialectic,bavli,bava_kamma;gittin;horayot,bava_kamma.sugya156:22
2518,2581,Directed,4,4,dialectic,bavli,bekhorot;chullin;ketubot;pesachim,bekhorot.sugya300:75
2518,895,Directed,4,3,dialectic,bavli,chagigah;menachot;moed_katan,chagigah.sugya006:73
2518,927,Directed,4,4,dialectic,bavli,horayot;menachot;zevachim,horayot.sugya059:4
977,2578,Directed,4,3,dialectic,bavli,bava_kamma;eruvin;meilah,bava_kamma.sugya460:31
6,2578,Directed,4,1,dialectic,bavli,chullin,chullin.sugya172:29
926,2582,Directed,4,3,dialectic,bavli,avodah_zarah;bekhorot;chullin,avodah_zarah.sugya241:55
297,2582,Directed,4,4,dialectic,bavli,bava_kamma;chullin;sanhedrin;shevuot,bava_kamma.sugya178:11
2690,2646,Directed,4,1,dialectic,bavli,yoma,yoma.sugya260:81
2646,2690,Directed,4,1,dialectic,bavli,yoma,yoma.sugya260:82
2647,2763,Directed,4,4,dialectic,bavli,bava_kamma;bava_metzia;kiddushin;menachot,bava_kamma.sugya425:23
571,270,Directed,4,4,dialectic,bavli,bava_kamma;chullin;nedarim;sanhedrin,bava_kamma.sugya307:9
270,286,Directed,4,4,dialectic,bavli,bava_kamma;ketubot;makkot;sanhedrin,bava_kamma.sugya015:16
571,2830,Directed,4,4,dialectic,bavli,menachot;temurah,menachot.sugya393:81
2938,312,Directed,4,2,dialectic,bavli,bava_batra;sanhedrin,bava_batra.sugya033:76
913,2938,Directed,4,1,dialectic,bavli,kiddushin,kiddushin.sugya069:46
306,571,Directed,4,3,dialectic,bavli,bava_kamma;menachot,bava_kamma.sugya460:46
535,467,Directed,4,3,dialectic,bavli,bekhorot;eruvin;yevamot,bekhorot.sugya006:25
535,495,Directed,4,2,dialectic,bavli,gittin,gittin.sugya042:1
968,571,Directed,4,4,dialectic,bavli,avodah_zarah;beitzah;chullin;yevamot,avodah_zarah.sugya267:76
1017,2409,Directed,3,3,dialectic,bavli,avodah_zarah;berakhot;zevachim,avodah_zarah.sugya159:38
1017,2681,Directed,3,3,dialectic,bavli,avodah_zarah;bava_metzia;pesachim,avodah_zarah.sugya231:25
1764,1017,Directed,3,3,dialectic,bavli,bava_batra;chullin;eruvin,bava_batra.sugya467:118
1017,1212,Directed,3,3,dialectic,bavli,bava_batra;bava_kamma;rosh_hashanah,bava_batra.sugya080:0
2345,1017,Directed,3,1,dialectic,bavli,berakhot,berakhot.sugya222:11
1017,2345,Directed,3,1,dialectic,bavli,berakhot,berakhot.sugya222:12
1017,1395,Directed,3,3,dialectic,bavli,berakhot;shabbat;sukkah,berakhot.sugya329:3
1017,495,Directed,3,3,dialectic,bavli,chullin,chullin.sugya308:130
2938,1017,Directed,3,3,dialectic,bavli,chullin;eruvin;sanhedrin,chullin.sugya345:29
1017,600,Directed,3,2,dialectic,bavli,chullin;pesachim,chullin.sugya126:16
1017,99,Directed,3,3,dialectic,bavli,gittin;menachot;yoma,gittin.sugya373:18
2582,1018,Directed,3,2,dialectic,bavli,berakhot;shevuot,berakhot.sugya342:32
2582,1043,Directed,3,2,dialectic,bavli,chullin;niddah,chullin.sugya034:31
1570,1043,Directed,3,2,dialectic,bavli,chullin;kiddushin,chullin.sugya128:113
1952,1046,Directed,3,2,dialectic,bavli,menachot;sukkah,menachot.sugya326:4
1055,571,Directed,3,2,dialectic,bavli,bava_kamma;eruvin,bava_kamma.sugya303:12
2032,1088,Directed,3,1,dialectic,bavli,menachot,menachot.sugya270:33
535,1091,Directed,3,2,dialectic,bavli,shabbat;yevamot,shabbat.sugya878:3
895,1094,Directed,3,3,dialectic,bavli,chullin;kiddushin;shabbat,chullin.sugya282:145
1094,1345,Directed,3,2,dialectic,bavli,kiddushin;menachot,kiddushin.sugya212:4
1094,895,Directed,3,2,dialectic,bavli,kiddushin;shabbat,kiddushin.sugya231:4
547,1102,Directed,3,1,dialectic,bavli,shabbat,shabbat.sugya243:10
895,1127,Directed,3,3,dialectic,bavli,arakhin;bekhorot;ketubot,arakhin.sugya091:159
2800,1146,Directed,3,1,dialectic,bavli,bava_batra,bava_batra.sugya401:31
1164,2938,Directed,3,2,dialectic,bavli,bekhorot;shabbat,bekhorot.sugya348:7
121,417,Directed,3,3,dialectic,bavli,avodah_zarah;gittin;shabbat,avodah_zarah.sugya094:45
289,121,Directed,3,2,dialectic,bavli,avodah_zarah;bava_batra,avodah_zarah.sugya017:15
2752,121,Directed,3,2,dialectic,bavli,bava_batra;bava_kamma,bava_batra.sugya045:119
121,2934,Directed,3,3,dialectic,bavli,bava_batra;bava_metzia;bekhorot,bava_batra.sugya498:5
229,121,Directed,3,1,dialectic,bavli,berakhot,berakhot.sugya223:13
121,495,Directed,3,3,dialectic,bavli,chullin;megillah;sanhedrin,chullin.sugya316:147
6,121,Directed,3,2,dialectic,bavli,chullin,chullin.sugya020:10
121,6,Directed,3,2,dialectic,bavli,chullin,chullin.sugya020:11
121,124,Directed,3,2,dialectic,bavli,eruvin,eruvin.sugya256:6
1401,121,Directed,3,1,dialectic,bavli,shabbat,shabbat.sugya669:4
121,1401,Directed,3,1,dialectic,bavli,shabbat,shabbat.sugya669:5
1345,121,Directed,3,3,dialectic,bavli,taanit;yevamot;zevachim,taanit.sugya025:11
368,1212,Directed,3,2,dialectic,bavli,bava_kamma;shabbat,bava_kamma.sugya283:34
417,1212,Directed,3,1,dialectic,bavli,bekhorot,bekhorot.sugya008:111
895,1327,Directed,3,2,dialectic,bavli,rosh_hashanah,rosh_hashanah.sugya047:1
1345,2068,Directed,3,3,dialectic,bavli,avodah_zarah;chullin;ketubot,avodah_zarah.sugya045:1
2518,1345,Directed,3,3,dialectic,bavli,bava_batra;bekhorot,bava_batra.sugya398:142
1345,2445,Directed,3,1,dialectic,bavli,bava_batra,bava_batra.sugya241:16
2178,1345,Directed,3,2,dialectic,bavli,bava_metzia;ketubot,bava_metzia.sugya157:16
1345,1885,Directed,3,2,dialectic,bavli,berakhot,berakhot.sugya216:1
1885,1345,Directed,3,2,dialectic,bavli,berakhot,berakhot.sugya216:5
1345,2763,Directed,3,3,dialectic,bavli,eruvin;kiddushin;niddah,eruvin.sugya370:5
2647,1345,Directed,3,3,dialectic,bavli,menachot;sanhedrin;shabbat,menachot.sugya112:105
2285,1353,Directed,3,1,dialectic,bavli,temurah,temurah.sugya162:3
2285,1362,Directed,3,2,dialectic,bavli,bava_batra;chullin,bava_batra.sugya376:14
1742,1383,Directed,3,1,dialectic,bavli,zevachim,zevachim.sugya185:3
467,1385,Directed,3,3,dialectic,bavli,kiddushin;menachot;sotah,kiddushin.sugya153:0
1952,139,Directed,3,2,dialectic,bavli,shabbat;zevachim,shabbat.sugya641:23
1394,1764,Directed,3,2,dialectic,bavli,avodah_zarah;bava_metzia,avodah_zarah.sugya259:94
1394,239,Directed,3,2,dialectic,bavli,bava_kamma;gittin,bava_kamma.sugya394:3
239,1394,Directed,3,2,dialectic,bavli,bava_metzia;gittin,bava_metzia.sugya180:0
2161,1394,Directed,3,3,dialectic,bavli,beitzah;chullin;sukkah,beitzah.sugya191:2
895,1394,Directed,3,3,dialectic,bavli,chullin;gittin;kiddushin,chullin.sugya031:98
1394,2581,Directed,3,2,dialectic,bavli,eruvin,eruvin.sugya160:2
571,1394,Directed,3,3,dialectic,bavli,eruvin;pesachim;shabbat,eruvin.sugya185:12
1394,2594,Directed,3,3,dialectic,bavli,gittin;moed_katan;shabbat,gittin.sugya040:29
2594,1394,Directed,3,3,dialectic,bavli,gittin;moed_katan;shabbat,gittin.sugya040:31
911,1394,Directed,3,3,dialectic,bavli,ketubot;yevamot,ketubot.sugya046:0
1797,1394,Directed,3,2,dialectic,bavli,kiddushin;sanhedrin,kiddushin.sugya126:4
2225,1394,Directed,3,1,dialectic,bavli,kiddushin,kiddushin.sugya294:119
1394,1913,Directed,3,3,dialectic,bavli,pesachim;sanhedrin;yevamot,pesachim.sugya380:87
1913,1394,Directed,3,3,dialectic,bavli,pesachim;sanhedrin;yevamot,pesachim.sugya380:88
1570,1395,Directed,3,2,dialectic,bavli,beitzah;berakhot,beitzah.sugya002:56
2578,1395,Directed,3,2,dialectic,bavli,berakhot;yevamot,berakhot.sugya177:13
1544,1395,Directed,3,1,dialectic,bavli,gittin,gittin.sugya159:1
571,1395,Directed,3,2,dialectic,bavli,megillah;zevachim,megillah.sugya002:42
1395,1583,Directed,3,3,dialectic,bavli,menachot;rosh_hashanah;sukkah,menachot.sugya186:1
1423,2465,Directed,3,2,dialectic,bavli,shabbat;sotah,shabbat.sugya553:10
1441,2830,Directed,3,3,dialectic,bavli,menachot;zevachim,menachot.sugya016:42
1640,1508,Directed,3,2,dialectic,bavli,avodah_zarah;bava_batra,avodah_zarah.sugya137:75
1508,1640,Directed,3,2,dialectic,bavli,avodah_zarah;bava_batra,avodah_zarah.sugya137:76
1508,2330,Directed,3,2,dialectic,bavli,bava_batra;berakhot,bava_batra.sugya413:45
1508,2578,Directed,3,2,dialectic,bavli,bava_kamma;shabbat,bava_kamma.sugya511:11
1556,1508,Directed,3,1,dialectic,bavli,megillah,megillah.sugya167:50
2582,1508,Directed,3,3,dialectic,bavli,menachot;pesachim;sanhedrin,menachot.sugya102:18
1508,485,Directed,3,3,dialectic,bavli,nedarim;pesachim;temurah,nedarim.sugya154:14
1508,2830,Directed,3,2,dialectic,bavli,niddah;temurah,niddah.sugya354:5
1764,1508,Directed,3,3,dialectic,bavli,pesachim;yevamot;zevachim,pesachim.sugya032:84
92,1508,Directed,3,3,dialectic,bavli,sanhedrin;yoma;zevachim,sanhedrin.sugya008:5
2546,1527,Directed,3,2,dialectic,bavli,bekhorot;kiddushin,bekhorot.sugya172:56
2582,1527,Directed,3,3,dialectic,bavli,chagigah;ketubot;menachot,chagigah.sugya034:18
1527,2856,Directed,3,2,dialectic,bavli,chagigah;nazir,chagigah.sugya060:163
1952,1544,Directed,3,3,dialectic,bavli,avodah_zarah;chullin,avodah_zarah.sugya131:13
1544,1716,Directed,3,1,dialectic,bavli,chullin,chullin.sugya172:62
2795,1570,Directed,3,3,dialectic,bavli,avodah_zarah;kiddushin;niddah,avodah_zarah.sugya293:45
2285,1570,Directed,3,2,dialectic,bavli,bava_batra;chullin,bava_batra.sugya278:13
2594,1570,Directed,3,3,dialectic,bavli,bava_kamma;makkot;sukkah,bava_kamma.sugya057:10
1570,1657,Directed,3,3,dialectic,bavli,berakhot;nedarim;sotah,berakhot.sugya288:18
297,1570,Directed,3,3,dialectic,bavli,chullin;menachot;shabbat,chullin.sugya337:161
602,1570,Directed,3,2,dialectic,bavli,keritot;shabbat,keritot.sugya002:39
1570,2763,Directed,3,2,dialectic,bavli,kiddushin;moed_katan,kiddushin.sugya113:17
1570,417,Directed,3,2,dialectic,bavli,menachot;temurah,menachot.sugya051:1
59,1570,Directed,3,1,dialectic,bavli,rosh_hashanah,rosh_hashanah.sugya029:58
1570,1689,Directed,3,2,dialectic,bavli,sanhedrin;yevamot,sanhedrin.sugya166:17
1624,2888,Directed,3,1,dialectic,bavli,chullin,chullin.sugya201:29
2068,1657,Directed,3,2,dialectic,bavli,kiddushin;yoma,kiddushin.sugya296:134
1952,1689,Directed,3,3,dialectic,bavli,sanhedrin;zevachim,sanhedrin.sugya291:65
1745,2879,Directed,3,1,dialectic,bavli,rosh_hashanah,rosh_hashanah.sugya029:60
2285,1764,Directed,3,2,dialectic,bavli,bava_batra,bava_batra.sugya525:10
867,1764,Directed,3,3,dialectic,bavli,eruvin;shabbat;temurah,eruvin.sugya252:20
1781,1764,Directed,3,2,dialectic,bavli,eruvin;yevamot,eruvin.sugya336:6
2527,1764,Directed,3,1,dialectic,bavli,ketubot,ketubot.sugya096:18
1764,2527,Directed,3,1,dialectic,bavli,ketubot,ketubot.sugya096:21
2624,1764,Directed,3,3,dialectic,bavli,shabbat;yevamot,shabbat.sugya718:1
229,1764,Directed,3,2,dialectic,bavli,shabbat,shabbat.sugya905:2
92,1771,Directed,3,3,dialectic,bavli,shabbat;yoma,shabbat.sugya683:98
1772,2581,Directed,3,2,dialectic,bavli,bava_metzia,bava_metzia.sugya233:1
2581,1772,Directed,3,1,dialectic,bavli,bava_metzia,bava_metzia.sugya234:1
2582,1772,Directed,3,1,dialectic,bavli,bava_metzia,bava_metzia.sugya266:10
1952,1885,Directed,3,3,dialectic,bavli,beitzah;chullin;nedarim,beitzah.sugya134:49
1890,467,Directed,3,3,dialectic,bavli,bava_batra;chullin,bava_batra.sugya294:4
2681,1913,Directed,3,1,dialectic,bavli,zevachim,zevachim.sugya340:37
1915,92,Directed,3,3,dialectic,bavli,chullin;ketubot;pesachim,chullin.sugya165:13
92,1915,Directed,3,3,dialectic,bavli,chullin;ketubot;pesachim,chullin.sugya165:14
2285,194,Directed,3,3,dialectic,bavli,menachot;niddah;shabbat,menachot.sugya102:140
1952,368,Directed,3,3,dialectic,bavli,gittin;ketubot;nedarim,gittin.sugya240:16
1952,2578,Directed,3,3,dialectic,bavli,gittin;pesachim;shabbat,gittin.sugya004:9
2298,1952,Directed,3,2,dialectic,bavli,zevachim,zevachim.sugya427:25
895,1954,Directed,3,2,dialectic,bavli,bava_batra;niddah,bava_batra.sugya210:18
2465,1971,Directed,3,3,dialectic,bavli,chullin;nazir,chullin.sugya087:2
1971,2465,Directed,3,3,dialectic,bavli,ketubot;kiddushin,ketubot.sugya083:43
2006,2578,Directed,3,1,dialectic,bavli,chullin,chullin.sugya143:31
2578,2006,Directed,3,1,dialectic,bavli,chullin,chullin.sugya143:32
2006,571,Directed,3,1,dialectic,bavli,megillah,megillah.sugya022:18
2007,571,Directed,3,3,dialectic,bavli,berakhot;ketubot;menachot,berakhot.sugya186:5
467,2068,Directed,3,2,dialectic,bavli,bava_metzia;gittin,bava_metzia.sugya355:3
239,2068,Directed,3,1,dialectic,bavli,bekhorot,bekhorot.sugya061:1
2068,467,Directed,3,2,dialectic,bavli,gittin;temurah,gittin.sugya029:57
2156,2647,Directed,3,3,dialectic,bavli,bava_batra;gittin;pesachim,bava_batra.sugya095:7
2161,2647,Directed,3,3,dialectic,bavli,bava_batra;bava_metzia,bava_batra.sugya201:13
514,2161,Directed,3,3,dialectic,bavli,bava_metzia;berakhot;shabbat,bava_metzia.sugya055:58
2165,2285,Directed,3,3,dialectic,bavli,beitzah;sanhedrin;sotah,beitzah.sugya189:6
2173,2582,Directed,3,2,dialectic,bavli,bava_kamma;shabbat,bava_kamma.sugya276:7
2190,2409,Directed,3,2,dialectic,bavli,gittin;shabbat,gittin.sugya132:29
2206,296,Directed,3,2,dialectic,bavli,chullin;sanhedrin,chullin.sugya124:60
2763,2225,Directed,3,3,dialectic,bavli,eruvin;makkot;sukkah,eruvin.sugya010:24
2582,2237,Directed,3,2,dialectic,bavli,bava_batra;shevuot,bava_batra.sugya130:12
600,2285,Directed,3,2,dialectic,bavli,bava_batra;bava_metzia,bava_batra.sugya126:10
2681,2285,Directed,3,3,dialectic,bavli,bava_kamma;bava_metzia;eruvin,bava_kamma.sugya460:24
2518,2285,Directed,3,3,dialectic,bavli,bava_metzia;chullin;temurah,bava_metzia.sugya164:3
2285,2596,Directed,3,3,dialectic,bavli,beitzah;ketubot;sukkah,beitzah.sugya134:4
2285,495,Directed,3,2,dialectic,bavli,berakhot;shevuot,berakhot.sugya386:21
867,2285,Directed,3,1,dialectic,bavli,chullin,chullin.sugya317:28
873,2285,Directed,3,1,dialectic,bavli,chullin,chullin.sugya008:10
6,2285,Directed,3,2,dialectic,bavli,eruvin;ketubot,eruvin.sugya296:5
2285,2296,Directed,3,3,dialectic,bavli,ketubot;sanhedrin,ketubot.sugya482:19
2285,467,Directed,3,1,dialectic,bavli,zevachim,zevachim.sugya006:120
2582,229,Directed,3,2,dialectic,bavli,bava_batra;shabbat,bava_batra.sugya345:10
2298,2596,Directed,3,3,dialectic,bavli,bava_batra;menachot;shabbat,bava_batra.sugya425:8
571,2298,Directed,3,3,dialectic,bavli,bava_metzia;pesachim,bava_metzia.sugya443:22
2298,918,Directed,3,2,dialectic,bavli,pesachim;sanhedrin,pesachim.sugya074:44
2298,283,Directed,3,1,dialectic,bavli,shabbat,shabbat.sugya837:32
283,2298,Directed,3,1,dialectic,bavli,shabbat,shabbat.sugya837:33
2383,2647,Directed,3,3,dialectic,bavli,avodah_zarah;bava_kamma;zevachim,avodah_zarah.sugya214:44
2384,571,Directed,3,2,dialectic,bavli,ketubot;menachot,ketubot.sugya085:68
2581,239,Directed,3,2,dialectic,bavli,bava_batra;bekhorot,bava_batra.sugya299:10
239,2763,Directed,3,3,dialectic,bavli,bava_kamma;chullin;keritot,bava_kamma.sugya094:10
239,2578,Directed,3,3,dialectic,bavli,bava_kamma;ketubot;shevuot,bava_kamma.sugya094:9
2398,2578,Directed,3,2,dialectic,bavli,chullin;pesachim,chullin.sugya296:11
2398,6,Directed,3,3,dialectic,bavli,ketubot;pesachim;sanhedrin,ketubot.sugya048:11
2409,977,Directed,3,3,dialectic,bavli,chullin;shabbat;yevamot,chullin.sugya090:90
571,2409,Directed,3,2,dialectic,bavli,kiddushin;moed_katan,kiddushin.sugya192:28
2409,571,Directed,3,2,dialectic,bavli,sanhedrin;shabbat,sanhedrin.sugya147:50
2938,2445,Directed,3,3,dialectic,bavli,avodah_zarah;bava_metzia;temurah,avodah_zarah.sugya296:12
2445,2938,Directed,3,3,dialectic,bavli,avodah_zarah;bava_metzia;temurah,avodah_zarah.sugya296:9
2888,2465,Directed,3,3,dialectic,bavli,bava_batra;horayot;taanit,bava_batra.sugya483:3
2465,2888,Directed,3,3,dialectic,bavli,berakhot;horayot;taanit,berakhot.sugya490:4
2465,465,Directed,3,3,dialectic,bavli,berakhot;pesachim;zevachim,berakhot.sugya066:12
2830,2465,Directed,3,3,dialectic,bavli,niddah;pesachim;rosh_hashanah,niddah.sugya227:59
2497,2763,Directed,3,2,dialectic,bavli,moed_katan,moed_katan.sugya077:11
571,2502,Directed,3,2,dialectic,bavli,zevachim,zevachim.sugya005:45
2518,2744,Directed,3,2,dialectic,bavli,bava_batra;bava_metzia,bava_batra.sugya028:27
297,2518,Directed,3,3,dialectic,bavli,bava_metzia;ketubot;shevuot,bava_metzia.sugya305:11
2581,2518,Directed,3,2,dialectic,bavli,bekhorot;chullin,bekhorot.sugya300:74
343,2518,Directed,3,3,dialectic,bavli,chullin;pesachim;yevamot,chullin.sugya386:91
2518,286,Directed,3,2,dialectic,bavli,chullin;sanhedrin,chullin.sugya088:40
2518,2735,Directed,3,3,dialectic,bavli,chullin;nazir;niddah,chullin.sugya090:19
2533,2518,Directed,3,3,dialectic,bavli,ketubot;shevuot,ketubot.sugya003:222
270,2518,Directed,3,2,dialectic,bavli,sanhedrin;shabbat,sanhedrin.sugya311:141
2527,2582,Directed,3,2,dialectic,bavli,bava_kamma;bava_metzia,bava_kamma.sugya370:4
571,2533,Directed,3,2,dialectic,bavli,avodah_zarah;chullin,avodah_zarah.sugya121:7
2533,602,Directed,3,3,dialectic,bavli,bava_metzia;ketubot;yevamot,bava_metzia.sugya453:32
2540,495,Directed,3,1,dialectic,bavli,menachot,menachot.sugya132:0
495,2540,Directed,3,1,dialectic,bavli,menachot,menachot.sugya132:1
2582,2556,Directed,3,3,dialectic,bavli,bava_metzia;bekhorot;menachot,bava_metzia.sugya219:19
2594,2578,Directed,3,2,dialectic,bavli,bava_kamma;bava_metzia,bava_kamma.sugya409:0
2578,2720,Directed,3,2,dialectic,bavli,sanhedrin;yoma,sanhedrin.sugya255:62
2581,2681,Directed,3,3,dialectic,bavli,eruvin;menachot;zevachim,eruvin.sugya368:30
2581,467,Directed,3,3,dialectic,bavli,ketubot;shabbat;zevachim,ketubot.sugya027:45
2716,2582,Directed,3,3,dialectic,bavli,bava_metzia;gittin;keritot,bava_metzia.sugya473:115
2586,2582,Directed,3,3,dialectic,bavli,bava_metzia;pesachim;yoma,bava_metzia.sugya261:47
2582,2602,Directed,3,3,dialectic,bavli,beitzah;chullin;zevachim,beitzah.sugya036:9
2582,723,Directed,3,1,dialectic,bavli,berakhot,berakhot.sugya444:12
276,2582,Directed,3,2,dialectic,bavli,chullin;menachot,chullin.sugya088:5
2582,829,Directed,3,2,dialectic,bavli,ketubot;yevamot,ketubot.sugya027:70
2582,2795,Directed,3,3,dialectic,bavli,megillah;shevuot;zevachim,megillah.sugya035:4
2735,2582,Directed,3,3,dialectic,bavli,menachot;nazir;niddah,menachot.sugya047:9
286,2582,Directed,3,2,dialectic,bavli,sanhedrin;yevamot,sanhedrin.sugya310:154
2596,2616,Directed,3,1,dialectic,bavli,yevamot,yevamot.sugya054:27
2938,2631,Directed,3,3,dialectic,bavli,eruvin;shevuot,eruvin.sugya017:15
2631,2938,Directed,3,3,dialectic,bavli,eruvin;shevuot,eruvin.sugya017:16
2634,571,Directed,3,2,dialectic,bavli,bava_batra;menachot,bava_batra.sugya398:59
2646,2639,Directed,3,3,dialectic,bavli,shabbat;sukkah;zevachim,shabbat.sugya547:23
2646,2763,Directed,3,3,dialectic,bavli,bava_metzia;shabbat,bava_metzia.sugya103:0
304,2646,Directed,3,3,dialectic,bavli,bava_metzia;sanhedrin;zevachim,bava_metzia.sugya006:23
2646,2938,Directed,3,2,dialectic,bavli,bekhorot;moed_katan,bekhorot.sugya052:12
2646,304,Directed,3,2,dialectic,bavli,sanhedrin;zevachim,sanhedrin.sugya235:11
2647,881,Directed,3,2,dialectic,bavli,bava_batra;horayot,bava_batra.sugya206:11
2647,2938,Directed,3,2,dialectic,bavli,pesachim;yevamot,pesachim.sugya165:13
571,2681,Directed,3,2,dialectic,bavli,gittin;ketubot,gittin.sugya051:55
270,2763,Directed,3,2,dialectic,bavli,chullin;kiddushin,chullin.sugya317:56
977,2763,Directed,3,3,dialectic,bavli,bava_batra;kiddushin;shevuot,bava_batra.sugya156:13
2763,98,Directed,3,2,dialectic,bavli,bava_metzia;nazir,bava_metzia.sugya025:52
2763,467,Directed,3,3,dialectic,bavli,bava_metzia;chullin;menachot,bava_metzia.sugya221:4
2845,467,Directed,3,3,dialectic,bavli,bava_batra;bekhorot;ketubot,bava_batra.sugya276:17
286,343,Directed,3,2,dialectic,bavli,bava_kamma;gittin,bava_kamma.sugya014:5
286,2879,Directed,3,2,dialectic,bavli,shevuot;yoma,shevuot.sugya078:27
2938,917,Directed,3,2,dialectic,bavli,gittin;shabbat,gittin.sugya144:4
2938,913,Directed,3,1,dialectic,bavli,kiddushin,kiddushin.sugya069:47
322,859,Directed,3,1,dialectic,bavli,gittin,gittin.sugya032:26
417,375,Directed,3,3,dialectic,bavli,bava_metzia;eruvin;nedarim,bava_metzia.sugya240:81
375,417,Directed,3,3,dialectic,bavli,bava_metzia;eruvin;nedarim,bava_metzia.sugya240:82
571,417,Directed,3,3,dialectic,bavli,chullin;gittin;pesachim,chullin.sugya172:122
467,535,Directed,3,3,dialectic,bavli,bekhorot;eruvin;yevamot,bekhorot.sugya006:24
495,6,Directed,3,3,dialectic,bavli,bava_batra;shevuot,bava_batra.sugya118:11
6,495,Directed,3,3,dialectic,bavli,bava_batra;shevuot,bava_batra.sugya118:12
495,535,Directed,3,1,dialectic,bavli,gittin,gittin.sugya042:11
571,534,Directed,3,3,dialectic,bavli,bekhorot;shabbat;zevachim,bekhorot.sugya172:42
895,534,Directed,3,3,dialectic,bavli,keritot;ketubot;kiddushin,keritot.sugya096:6
895,571,Directed,3,2,dialectic,bavli,avodah_zarah;shabbat,avodah_zarah.sugya248:0
571,968,Directed,3,2,dialectic,bavli,avodah_zarah;yevamot,avodah_zarah.sugya267:77
571,918,Directed,3,3,dialectic,bavli,ketubot;nedarim;shabbat,ketubot.sugya207:40
571,92,Directed,3,2,dialectic,bavli,pesachim;sanhedrin,pesachim.sugya053:298
6,92,Directed,3,3,dialectic,bavli,bava_kamma;ketubot;sanhedrin,bava_kamma.sugya451:14
66,895,Directed,3,3,dialectic,bavli,gittin;sanhedrin;yevamot,gittin.sugya004:98
895,66,Directed,3,3,dialectic,bavli,gittin;sanhedrin;yevamot,gittin.sugya004:99
977,895,Directed,3,3,dialectic,bavli,bava_batra;kiddushin;nedarim,bava_batra.sugya150:27
534,1017,Directed,2,2,dialectic,bavli,avodah_zarah;zevachim,avodah_zarah.sugya054:40
1017,2445,Directed,2,2,dialectic,bavli,avodah_zarah;bava_metzia,avodah_zarah.sugya267:44
571,1017,Directed,2,2,dialectic,bavli,bava_batra;bava_kamma,bava_batra.sugya480:16
2285,1017,Directed,2,2,dialectic,bavli,bava_metzia;niddah,bava_metzia.sugya007:4
1017,1689,Directed,2,1,dialectic,bavli,bava_metzia,bava_metzia.sugya357:151
1689,1017,Directed,2,1,dialectic,bavli,bava_metzia,bava_metzia.sugya357:152
1017,1094,Directed,2,1,dialectic,bavli,berakhot,berakhot.sugya290:14
1345,1017,Directed,2,1,dialectic,bavli,berakhot,berakhot.sugya391:27
1017,911,Directed,2,1,dialectic,bavli,chullin,chullin.sugya386:177
495,1017,Directed,2,2,dialectic,bavli,chullin;zevachim,chullin.sugya034:44
1017,6,Directed,2,1,dialectic,bavli,chullin,chullin.sugya074:58
600,1017,Directed,2,2,dialectic,bavli,chullin;pesachim,chullin.sugya126:15
1017,371,Directed,2,1,dialectic,bavli,chullin,chullin.sugya143:102
1570,1017,Directed,2,2,dialectic,bavli,gittin;kiddushin,gittin.sugya135:120
1017,17,Directed,2,1,dialectic,bavli,ketubot,ketubot.sugya102:2
1017,368,Directed,2,2,dialectic,bavli,ketubot;niddah,ketubot.sugya154:31
1017,2879,Directed,2,2,dialectic,bavli,kiddushin;zevachim,kiddushin.sugya067:25
1017,895,Directed,2,1,dialectic,bavli,nedarim,nedarim.sugya116:1
1017,43,Directed,2,1,dialectic,bavli,shabbat,shabbat.sugya710:33
43,1017,Directed,2,1,dialectic,bavli,shabbat,shabbat.sugya710:34
1018,2582,Directed,2,2,dialectic,bavli,bava_batra;berakhot,bava_batra.sugya045:72
1764,1018,Directed,2,2,dialectic,bavli,eruvin;pesachim,eruvin.sugya444:9
1018,1764,Directed,2,2,dialectic,bavli,gittin;pesachim,gittin.sugya285:3
1018,895,Directed,2,1,dialectic,bavli,shabbat,shabbat.sugya633:0
286,1018,Directed,2,1,dialectic,bavli,sukkah,sukkah.sugya060:57
467,1043,Directed,2,2,dialectic,bavli,bava_batra;chullin,bava_batra.sugya294:1
1046,495,Directed,2,2,dialectic,bavli,beitzah;chullin,beitzah.sugya134:45
1046,1952,Directed,2,1,dialectic,bavli,sukkah,sukkah.sugya140:16
1051,2646,Directed,2,2,dialectic,bavli,bava_metzia;moed_katan,bava_metzia.sugya447:0
2646,1051,Directed,2,2,dialectic,bavli,bava_metzia;moed_katan,bava_metzia.sugya447:1
1051,2578,Directed,2,1,dialectic,bavli,zevachim,zevachim.sugya004:11
297,1055,Directed,2,1,dialectic,bavli,bava_kamma,bava_kamma.sugya303:0
571,1055,Directed,2,1,dialectic,bavli,eruvin,eruvin.sugya218:24
194,1075,Directed,2,1,dialectic,bavli,avodah_zarah,avodah_zarah.sugya231:40
2518,1075,Directed,2,2,dialectic,bavli,gittin;sanhedrin,gittin.sugya200:0
2582,1075,Directed,2,2,dialectic,bavli,horayot;menachot,horayot.sugya057:5
1624,1088,Directed,2,2,dialectic,bavli,berakhot;eruvin,berakhot.sugya150:2
1689,1088,Directed,2,1,dialectic,bavli,eruvin,eruvin.sugya180:21
121,1088,Directed,2,2,dialectic,bavli,menachot;niddah,menachot.sugya270:43
1088,1814,Directed,2,1,dialectic,bavli,yevamot,yevamot.sugya353:55
1151,1091,Directed,2,1,dialectic,bavli,bava_batra,bava_batra.sugya401:21
1091,1151,Directed,2,1,dialectic,bavli,bava_batra,bava_batra.sugya401:22
2795,1091,Directed,2,2,dialectic,bavli,chullin;menachot,chullin.sugya290:44
1091,1527,Directed,2,1,dialectic,bavli,temurah,temurah.sugya085:29
1094,2938,Directed,2,1,dialectic,bavli,eruvin,eruvin.sugya281:36
2938,1094,Directed,2,2,dialectic,bavli,eruvin;pesachim,eruvin.sugya281:37
1345,1094,Directed,2,2,dialectic,bavli,kiddushin;menachot,kiddushin.sugya212:5
1094,1570,Directed,2,2,dialectic,bavli,temurah;zevachim,temurah.sugya084:2
1102,547,Directed,2,1,dialectic,bavli,shabbat,shabbat.sugya243:11
1113,2879,Directed,2,2,dialectic,bavli,bava_metzia;temurah,bava_metzia.sugya014:4
2879,1113,Directed,2,2,dialectic,bavli,chullin;temurah,chullin.sugya143:125
1570,1113,Directed,2,1,dialectic,bavli,gittin,gittin.sugya135:51
1127,2578,Directed,2,2,dialectic,bavli,avodah_zarah;ketubot,avodah_zarah.sugya214:64
2578,1127,Directed,2,2,dialectic,bavli,avodah_zarah;ketubot,avodah_zarah.sugya214:65
1146,1885,Directed,2,1,dialectic,bavli,gittin,gittin.sugya228:33
1885,1146,Directed,2,1,dialectic,bavli,gittin,gittin.sugya228:34
2518,1164,Directed,2,1,dialectic,bavli,ketubot,ketubot.sugya396:1
1164,2518,Directed,2,1,dialectic,bavli,ketubot,ketubot.sugya396:2
1173,1986,Directed,2,1,dialectic,bavli,niddah,niddah.sugya051:26
1986,1173,Directed,2,1,dialectic,bavli,niddah,niddah.sugya051:27
2582,1176,Directed,2,1,dialectic,bavli,rosh_hashanah,rosh_hashanah.sugya112:11
1615,1176,Directed,2,1,dialectic,bavli,shevuot,shevuot.sugya024:11
1187,1394,Directed,2,2,dialectic,bavli,eruvin,eruvin.sugya332:0
1394,1187,Directed,2,2,dialectic,bavli,eruvin,eruvin.sugya332:1
2938,1192,Directed,2,1,dialectic,bavli,sukkah,sukkah.sugya199:56
1197,2285,Directed,2,1,dialectic,bavli,chullin,chullin.sugya031:56
121,289,Directed,2,2,dialectic,bavli,avodah_zarah;bava_batra,avodah_zarah.sugya017:16
2934,121,Directed,2,2,dialectic,bavli,bava_batra;bava_metzia,bava_batra.sugya498:4
121,2632,Directed,2,1,dialectic,bavli,bava_batra,bava_batra.sugya116:4
121,2465,Directed,2,2,dialectic,bavli,bava_kamma;bava_metzia,bava_kamma.sugya156:25
2170,121,Directed,2,2,dialectic,bavli,bava_metzia;menachot,bava_metzia.sugya032:8
121,2596,Directed,2,2,dialectic,bavli,bava_metzia;beitzah,bava_metzia.sugya126:8
2596,121,Directed,2,1,dialectic,bavli,beitzah,beitzah.sugya123:12
2298,121,Directed,2,2,dialectic,bavli,beitzah;sanhedrin,beitzah.sugya134:84
1570,121,Directed,2,2,dialectic,bavli,berakhot;sukkah,berakhot.sugya336:26
121,1915,Directed,2,2,dialectic,bavli,berakhot;zevachim,berakhot.sugya345:14
121,2830,Directed,2,2,dialectic,bavli,chagigah;keritot,chagigah.sugya016:12
1807,121,Directed,2,1,dialectic,bavli,chullin,chullin.sugya312:4
121,286,Directed,2,1,dialectic,bavli,chullin,chullin.sugya007:49
121,1544,Directed,2,2,dialectic,bavli,chullin;pesachim,chullin.sugya352:1
121,2406,Directed,2,1,dialectic,bavli,chullin,chullin.sugya134:16
2255,121,Directed,2,2,dialectic,bavli,eruvin;shabbat,eruvin.sugya444:16
121,2255,Directed,2,2,dialectic,bavli,eruvin;shabbat,eruvin.sugya444:17
2594,121,Directed,2,2,dialectic,bavli,eruvin;keritot,eruvin.sugya172:17
121,1913,Directed,2,2,dialectic,bavli,eruvin;pesachim,eruvin.sugya342:27
121,2788,Directed,2,1,dialectic,bavli,gittin,gittin.sugya040:1
2788,121,Directed,2,1,dialectic,bavli,gittin,gittin.sugya040:2
121,2681,Directed,2,2,dialectic,bavli,gittin;yoma,gittin.sugya051:47
121,205,Directed,2,1,dialectic,bavli,gittin,gittin.sugya089:15
2209,121,Directed,2,1,dialectic,bavli,gittin,gittin.sugya106:15
121,2586,Directed,2,1,dialectic,bavli,gittin,gittin.sugya295:10
121,881,Directed,2,1,dialectic,bavli,horayot,horayot.sugya002:12
2156,121,Directed,2,1,dialectic,bavli,kiddushin,kiddushin.sugya006:10
2928,121,Directed,2,1,dialectic,bavli,kiddushin,kiddushin.sugya310:10
2938,121,Directed,2,2,dialectic,bavli,moed_katan;shabbat,moed_katan.sugya065:7
2781,121,Directed,2,1,dialectic,bavli,niddah,niddah.sugya160:26
121,2781,Directed,2,1,dialectic,bavli,niddah,niddah.sugya160:34
121,2879,Directed,2,1,dialectic,bavli,pesachim,pesachim.sugya233:11
270,121,Directed,2,1,dialectic,bavli,sanhedrin,sanhedrin.sugya305:26
121,2624,Directed,2,2,dialectic,bavli,shabbat;yevamot,shabbat.sugya719:4
121,535,Directed,2,2,dialectic,bavli,shabbat,shabbat.sugya804:1
2173,121,Directed,2,1,dialectic,bavli,shabbat,shabbat.sugya564:13
121,571,Directed,2,2,dialectic,bavli,sukkah;zevachim,sukkah.sugya069:3
121,92,Directed,2,2,dialectic,bavli,sukkah;zevachim,sukkah.sugya006:62
121,1385,Directed,2,2,dialectic,bavli,sukkah;temurah,sukkah.sugya012:3
121,291,Directed,2,1,dialectic,bavli,temurah,temurah.sugya089:1
2879,1212,Directed,2,2,dialectic,bavli,avodah_zarah;shabbat,avodah_zarah.sugya031:3
1212,2879,Directed,2,2,dialectic,bavli,avodah_zarah;shabbat,avodah_zarah.sugya031:4
2298,1212,Directed,2,2,dialectic,bavli,sanhedrin,sanhedrin.sugya014:68
1213,2578,Directed,2,2,dialectic,bavli,kiddushin;menachot,kiddushin.sugya237:25
1213,2763,Directed,2,1,dialectic,bavli,kiddushin,kiddushin.sugya237:26
1213,2647,Directed,2,1,dialectic,bavli,niddah,niddah.sugya346:68
139,1213,Directed,2,1,dialectic,bavli,yevamot,yevamot.sugya207:123
124,2581,Directed,2,1,dialectic,bavli,bava_batra,bava_batra.sugya299:20
124,1764,Directed,2,1,dialectic,bavli,bava_batra,bava_batra.sugya299:21
2582,124,Directed,2,1,dialectic,bavli,bava_batra,bava_batra.sugya299:30
2582,1277,Directed,2,1,dialectic,bavli,pesachim,pesachim.sugya265:30
2578,1279,Directed,2,2,dialectic,bavli,eruvin;niddah,eruvin.sugya411:3
129,1345,Directed,2,1,dialectic,bavli,avodah_zarah,avodah_zarah.sugya045:0
129,2443,Directed,2,1,dialectic,bavli,shevuot,shevuot.sugya105:29
1290,2582,Directed,2,1,dialectic,bavli,chullin,chullin.sugya404:118
13,2763,Directed,2,1,dialectic,bavli,rosh_hashanah,rosh_hashanah.sugya038:63
1318,1345,Directed,2,2,dialectic,bavli,avodah_zarah;chullin,avodah_zarah.sugya029:9
1318,2578,Directed,2,1,dialectic,bavli,chullin,chullin.sugya186:103
571,1327,Directed,2,2,dialectic,bavli,avodah_zarah;beitzah,avodah_zarah.sugya054:21
1327,895,Directed,2,1,dialectic,bavli,rosh_hashanah,rosh_hashanah.sugya048:0
1345,2631,Directed,2,1,dialectic,bavli,bava_kamma,bava_kamma.sugya440:13
495,1345,Directed,2,1,dialectic,bavli,bava_metzia,bava_metzia.sugya157:25
1345,495,Directed,2,2,dialectic,bavli,bava_metzia;menachot,bava_metzia.sugya157:27
2300,1345,Directed,2,1,dialectic,bavli,bava_metzia,bava_metzia.sugya345:3
286,1345,Directed,2,2,dialectic,bavli,beitzah;gittin,beitzah.sugya179:10
2156,1345,Directed,2,2,dialectic,bavli,bekhorot;pesachim,bekhorot.sugya006:19
1345,2596,Directed,2,2,dialectic,bavli,berakhot;gittin,berakhot.sugya391:5
1345,1508,Directed,2,2,dialectic,bavli,chullin;niddah,chullin.sugya041:13
1345,239,Directed,2,2,dialectic,bavli,eruvin;yevamot,eruvin.sugya372:39
2735,1345,Directed,2,1,dialectic,bavli,keritot,keritot.sugya146:17
261,1345,Directed,2,1,dialectic,bavli,kiddushin,kiddushin.sugya343:11
1345,261,Directed,2,1,dialectic,bavli,kiddushin,kiddushin.sugya343:4
343,1345,Directed,2,2,dialectic,bavli,pesachim;taanit,pesachim.sugya378:52
1345,1527,Directed,2,1,dialectic,bavli,pesachim,pesachim.sugya045:0
1345,291,Directed,2,1,dialectic,bavli,pesachim,pesachim.sugya074:55
1345,1657,Directed,2,2,dialectic,bavli,rosh_hashanah;yevamot,rosh_hashanah.sugya031:26
1965,1345,Directed,2,1,dialectic,bavli,shabbat,shabbat.sugya475:14
1345,1385,Directed,2,1,dialectic,bavli,shabbat,shabbat.sugya551:24
1345,2527,Directed,2,1,dialectic,bavli,sotah,sotah.sugya205:16
2879,1345,Directed,2,1,dialectic,bavli,yevamot,yevamot.sugya358:27
1353,2285,Directed,2,1,dialectic,bavli,temurah,temurah.sugya162:4
1362,2285,Directed,2,2,dialectic,bavli,bava_batra;chullin,bava_batra.sugya376:15
1383,417,Directed,2,2,dialectic,bavli,gittin,gittin.sugya364:1
2582,1383,Directed,2,2,dialectic,bavli,gittin;sukkah,gittin.sugya364:8
829,1383,Directed,2,1,dialectic,bavli,pesachim,pesachim.sugya253:63
1383,829,Directed,2,1,dialectic,bavli,pesachim,pesachim.sugya253:64
1383,1742,Directed,2,1,dialectic,bavli,zevachim,zevachim.sugya185:4
139,867,Directed,2,2,dialectic,bavli,keritot;menachot,keritot.sugya136:17
139,1952,Directed,2,1,dialectic,bavli,shabbat,shabbat.sugya641:22
139,895,Directed,2,1,dialectic,bavli,shabbat,shabbat.sugya330:6
1394,2788,Directed,2,2,dialectic,bavli,avodah_zarah;bava_metzia,avodah_zarah.sugya094:97
2647,1394,Directed,2,2,dialectic,bavli,bava_metzia;nedarim,bava_metzia.sugya455:10
6,1394,Directed,2,2,dialectic,bavli,berakhot;eruvin,berakhot.sugya089:10
1394,6,Directed,2,2,dialectic,bavli,berakhot;eruvin,berakhot.sugya089:12
1777,1394,Directed,2,1,dialectic,bavli,berakhot,berakhot.sugya184:12
1394,1777,Directed,2,1,dialectic,bavli,berakhot,berakhot.sugya184:14
92,1394,Directed,2,2,dialectic,bavli,chullin;sanhedrin,chullin.sugya176:11
2938,1394,Directed,2,2,dialectic,bavli,eruvin;yevamot,eruvin.sugya022:0
2602,1394,Directed,2,1,dialectic,bavli,eruvin,eruvin.sugya350:10
2578,1394,Directed,2,1,dialectic,bavli,kiddushin,kiddushin.sugya339:10
1394,2578,Directed,2,1,dialectic,bavli,kiddushin,kiddushin.sugya339:11
1394,2045,Directed,2,2,dialectic,bavli,megillah;shabbat,megillah.sugya076:21
1890,1394,Directed,2,1,dialectic,bavli,menachot,menachot.sugya456:0
1764,1395,Directed,2,2,dialectic,bavli,eruvin;menachot,eruvin.sugya336:9
1985,1395,Directed,2,1,dialectic,bavli,niddah,niddah.sugya127:48
1986,1395,Directed,2,1,dialectic,bavli,sukkah,sukkah.sugya041:51
2409,1395,Directed,2,1,dialectic,bavli,yevamot,yevamot.sugya134:1
92,140,Directed,2,1,dialectic,bavli,shabbat,shabbat.sugya546:6
140,1544,Directed,2,1,dialectic,bavli,temurah,temurah.sugya031:3
140,467,Directed,2,1,dialectic,bavli,yevamot,yevamot.sugya092:13
2582,140,Directed,2,2,dialectic,bavli,zevachim,zevachim.sugya377:32
143,2582,Directed,2,2,dialectic,bavli,menachot;zevachim,menachot.sugya010:123
2518,1464,Directed,2,1,dialectic,bavli,ketubot,ketubot.sugya170:27
1464,2518,Directed,2,1,dialectic,bavli,ketubot,ketubot.sugya170:31
1482,1986,Directed,2,1,dialectic,bavli,ketubot,ketubot.sugya482:17
1508,2852,Directed,2,2,dialectic,bavli,eruvin;niddah,eruvin.sugya128:24
1570,1508,Directed,2,2,dialectic,bavli,gittin;ketubot,gittin.sugya135:78
1508,2846,Directed,2,2,dialectic,bavli,gittin;niddah,gittin.sugya327:10
1508,2465,Directed,2,2,dialectic,bavli,nazir;shevuot,nazir.sugya167:21
1508,1527,Directed,2,2,dialectic,bavli,yevamot;zevachim,yevamot.sugya447:3
1508,850,Directed,2,2,dialectic,bavli,yoma,yoma.sugya011:28
2582,1512,Directed,2,2,dialectic,bavli,nazir;yevamot,nazir.sugya124:36
1527,2546,Directed,2,1,dialectic,bavli,bekhorot,bekhorot.sugya172:57
2856,1527,Directed,2,2,dialectic,bavli,chagigah;nazir,chagigah.sugya060:164
1593,1527,Directed,2,2,dialectic,bavli,eruvin,eruvin.sugya016:52
1689,1527,Directed,2,1,dialectic,bavli,pesachim,pesachim.sugya045:13
467,1527,Directed,2,1,dialectic,bavli,pesachim,pesachim.sugya045:18
467,1544,Directed,2,2,dialectic,bavli,berakhot;megillah,berakhot.sugya152:0
1544,1689,Directed,2,1,dialectic,bavli,berakhot,berakhot.sugya249:12
2298,1544,Directed,2,1,dialectic,bavli,berakhot,berakhot.sugya249:18
1922,1544,Directed,2,2,dialectic,bavli,chullin;yoma,chullin.sugya112:50
1544,1922,Directed,2,2,dialectic,bavli,chullin;yoma,chullin.sugya112:51
1716,1544,Directed,2,1,dialectic,bavli,chullin,chullin.sugya172:60
2830,1544,Directed,2,1,dialectic,bavli,ketubot,ketubot.sugya342:44
1689,1544,Directed,2,2,dialectic,bavli,niddah,niddah.sugya119:10
1764,1544,Directed,2,2,dialectic,bavli,shabbat,shabbat.sugya709:2
2518,1544,Directed,2,2,dialectic,bavli,temurah;yoma,temurah.sugya031:0
1544,1742,Directed,2,1,dialectic,bavli,zevachim,zevachim.sugya127:3
47,1570,Directed,2,2,dialectic,bavli,arakhin;kiddushin,arakhin.sugya227:4
2681,1570,Directed,2,2,dialectic,bavli,bava_batra;bava_metzia,bava_batra.sugya533:0
1570,2582,Directed,2,1,dialectic,bavli,bava_kamma,bava_kamma.sugya125:15
207,1570,Directed,2,2,dialectic,bavli,bava_metzia;shabbat,bava_metzia.sugya473:125
2032,1570,Directed,2,1,dialectic,bavli,bava_metzia,bava_metzia.sugya191:56
1885,1570,Directed,2,2,dialectic,bavli,bava_metzia;temurah,bava_metzia.sugya259:6
239,1570,Directed,2,2,dialectic,bavli,bekhorot;yevamot,bekhorot.sugya348:2
2744,1570,Directed,2,2,dialectic,bavli,berakhot;pesachim,berakhot.sugya145:6
1570,2839,Directed,2,2,dialectic,bavli,berakhot;chullin,berakhot.sugya288:1
1570,2285,Directed,2,1,dialectic,bavli,eruvin,eruvin.sugya273:61
922,1570,Directed,2,2,dialectic,bavli,gittin,gittin.sugya185:15
1570,895,Directed,2,2,dialectic,bavli,menachot;yoma,menachot.sugya036:32
1570,2518,Directed,2,1,dialectic,bavli,menachot,menachot.sugya038:15
977,1570,Directed,2,2,dialectic,bavli,niddah,niddah.sugya064:20
1570,2824,Directed,2,1,dialectic,bavli,pesachim,pesachim.sugya202:53
1570,2465,Directed,2,2,dialectic,bavli,sanhedrin,sanhedrin.sugya526:8
1570,2586,Directed,2,1,dialectic,bavli,sanhedrin,sanhedrin.sugya311:153
304,1570,Directed,2,2,dialectic,bavli,shevuot;zevachim,shevuot.sugya132:4
1903,1570,Directed,2,2,dialectic,bavli,yoma;zevachim,yoma.sugya003:42
2582,1577,Directed,2,1,dialectic,bavli,bava_batra,bava_batra.sugya413:13
1764,1583,Directed,2,1,dialectic,bavli,gittin,gittin.sugya212:43
2582,1593,Directed,2,2,dialectic,bavli,eruvin;ketubot,eruvin.sugya178:0
2582,1624,Directed,2,2,dialectic,bavli,berakhot;sanhedrin,berakhot.sugya443:76
2888,1624,Directed,2,1,dialectic,bavli,chullin,chullin.sugya201:30
1624,2578,Directed,2,1,dialectic,bavli,makkot,makkot.sugya072:27
2578,1657,Directed,2,2,dialectic,bavli,bekhorot;taanit,bekhorot.sugya195:0
2518,1657,Directed,2,2,dialectic,bavli,makkot;pesachim,makkot.sugya030:1
2852,1657,Directed,2,1,dialectic,bavli,pesachim,pesachim.sugya377:30
2465,1657,Directed,2,1,dialectic,bavli,sanhedrin,sanhedrin.sugya219:131
571,1663,Directed,2,1,dialectic,bavli,taanit,taanit.sugya099:44
1663,571,Directed,2,1,dialectic,bavli,taanit,taanit.sugya099:45
495,1663,Directed,2,1,dialectic,bavli,zevachim,zevachim.sugya231:14
92,1689,Directed,2,2,dialectic,bavli,kiddushin;shabbat,kiddushin.sugya296:42
467,1689,Directed,2,1,dialectic,bavli,niddah,niddah.sugya097:79
2879,1689,Directed,2,1,dialectic,bavli,sanhedrin,sanhedrin.sugya059:5
1689,2879,Directed,2,1,dialectic,bavli,zevachim,zevachim.sugya033:10
17,895,Directed,2,1,dialectic,bavli,meilah,meilah.sugya013:19
17,2879,Directed,2,1,dialectic,bavli,niddah,niddah.sugya144:24
547,1742,Directed,2,2,dialectic,bavli,bava_batra;nedarim,bava_batra.sugya398:86
1742,417,Directed,2,2,dialectic,bavli,gittin,gittin.sugya364:2
1745,59,Directed,2,1,dialectic,bavli,rosh_hashanah,rosh_hashanah.sugya029:59
1764,2453,Directed,2,2,dialectic,bavli,arakhin;gittin,arakhin.sugya210:24
1764,2602,Directed,2,1,dialectic,bavli,bava_batra,bava_batra.sugya097:12
1764,911,Directed,2,2,dialectic,bavli,bava_kamma;niddah,bava_kamma.sugya517:9
1764,2913,Directed,2,2,dialectic,bavli,berakhot;sanhedrin,berakhot.sugya012:31
2398,1764,Directed,2,1,dialectic,bavli,chullin,chullin.sugya390:80
913,1764,Directed,2,1,dialectic,bavli,eruvin,eruvin.sugya039:0
918,1764,Directed,2,2,dialectic,bavli,ketubot;nedarim,ketubot.sugya207:30
1764,2830,Directed,2,2,dialectic,bavli,kiddushin;niddah,kiddushin.sugya089:8
2781,1764,Directed,2,2,dialectic,bavli,kiddushin;niddah,kiddushin.sugya098:5
1764,2781,Directed,2,2,dialectic,bavli,kiddushin;niddah,kiddushin.sugya098:6
1764,534,Directed,2,2,dialectic,bavli,nedarim;sanhedrin,nedarim.sugya263:8
1764,2596,Directed,2,2,dialectic,bavli,niddah;pesachim,niddah.sugya113:68
343,1764,Directed,2,2,dialectic,bavli,pesachim;shabbat,pesachim.sugya249:69
1764,92,Directed,2,1,dialectic,bavli,rosh_hashanah,rosh_hashanah.sugya002:89
1885,1764,Directed,2,2,dialectic,bavli,rosh_hashanah;shabbat,rosh_hashanah.sugya002:97
514,1764,Directed,2,1,dialectic,bavli,sanhedrin,sanhedrin.sugya202:3
1764,2681,Directed,2,2,dialectic,bavli,sanhedrin;temurah,sanhedrin.sugya231:29
1764,977,Directed,2,2,dialectic,bavli,sanhedrin,sanhedrin.sugya308:76
1764,2624,Directed,2,2,dialectic,bavli,shabbat;yevamot,shabbat.sugya719:0
1764,1885,Directed,2,2,dialectic,bavli,shabbat;yoma,shabbat.sugya775:2
2160,1764,Directed,2,2,dialectic,bavli,shabbat,shabbat.sugya877:3
2173,1764,Directed,2,1,dialectic,bavli,shabbat,shabbat.sugya564:12
1771,92,Directed,2,2,dialectic,bavli,shabbat;yoma,shabbat.sugya683:97
1772,2582,Directed,2,1,dialectic,bavli,bava_metzia,bava_metzia.sugya266:12
1781,2518,Directed,2,2,dialectic,bavli,arakhin;gittin,arakhin.sugya141:20
2518,1781,Directed,2,2,dialectic,bavli,arakhin;gittin,arakhin.sugya141:22
1802,2285,Directed,2,1,dialectic,bavli,bava_kamma,bava_kamma.sugya201:0
1804,2582,Directed,2,2,dialectic,bavli,bava_batra;bava_kamma,bava_batra.sugya110:48
1804,514,Directed,2,1,dialectic,bavli,bava_kamma,bava_kamma.sugya322:1
514,1804,Directed,2,1,dialectic,bavli,bava_kamma,bava_kamma.sugya322:4
1823,468,Directed,2,1,dialectic,bavli,kiddushin,kiddushin.sugya273:68
1840,2582,Directed,2,1,dialectic,bavli,eruvin,eruvin.sugya022:12
2578,1840,Directed,2,1,dialectic,bavli,sanhedrin,sanhedrin.sugya351:11
1840,2578,Directed,2,1,dialectic,bavli,sanhedrin,sanhedrin.sugya351:7
6,1885,Directed,2,1,dialectic,bavli,bava_batra,bava_batra.sugya514:46
1885,6,Directed,2,2,dialectic,bavli,bava_batra;temurah,bava_batra.sugya514:54
1885,2763,Directed,2,1,dialectic,bavli,bava_metzia,bava_metzia.sugya364:149
2582,1885,Directed,2,2,dialectic,bavli,chagigah;sanhedrin,chagigah.sugya034:19
1885,2465,Directed,2,2,dialectic,bavli,chullin;sukkah,chullin.sugya273:77
1885,495,Directed,2,1,dialectic,bavli,yoma,yoma.sugya155:102
495,1885,Directed,2,1,dialectic,bavli,yoma,yoma.sugya155:104
2285,1932,Directed,2,2,dialectic,bavli,chullin;menachot,chullin.sugya143:118
194,2465,Directed,2,2,dialectic,bavli,bava_kamma;berakhot,bava_kamma.sugya156:30
194,895,Directed,2,2,dialectic,bavli,bava_kamma;nazir,bava_kamma.sugya328:8
895,194,Directed,2,2,dialectic,bavli,bava_kamma;nazir,bava_kamma.sugya328:9
194,2879,Directed,2,2,dialectic,bavli,ketubot;zevachim,ketubot.sugya116:16
2298,194,Directed,2,2,dialectic,bavli,makkot;yoma,makkot.sugya148:6
2938,194,Directed,2,2,dialectic,bavli,menachot;shabbat,menachot.sugya007:23
2618,1952,Directed,2,1,dialectic,bavli,avodah_zarah,avodah_zarah.sugya059:4
297,1952,Directed,2,1,dialectic,bavli,bava_kamma,bava_kamma.sugya228:4
867,1952,Directed,2,2,dialectic,bavli,bekhorot;yoma,bekhorot.sugya087:11
1952,535,Directed,2,2,dialectic,bavli,chullin;gittin,chullin.sugya034:68
535,1952,Directed,2,2,dialectic,bavli,chullin;gittin,chullin.sugya034:69
1952,495,Directed,2,2,dialectic,bavli,chullin;gittin,chullin.sugya124:11
856,1952,Directed,2,1,dialectic,bavli,chullin,chullin.sugya186:181
2647,1952,Directed,2,2,dialectic,bavli,eruvin;zevachim,eruvin.sugya340:27
2938,1952,Directed,2,1,dialectic,bavli,ketubot,ketubot.sugya411:5
1952,867,Directed,2,2,dialectic,bavli,pesachim;yoma,pesachim.sugya200:27
2879,1952,Directed,2,1,dialectic,bavli,zevachim,zevachim.sugya227:18
2681,1954,Directed,2,1,dialectic,bavli,bava_batra,bava_batra.sugya488:38
1954,895,Directed,2,1,dialectic,bavli,bava_batra,bava_batra.sugya210:16
2578,1954,Directed,2,2,dialectic,bavli,berakhot;eruvin,berakhot.sugya217:26
6,1954,Directed,2,1,dialectic,bavli,chullin,chullin.sugya172:24
1954,2938,Directed,2,1,dialectic,bavli,niddah,niddah.sugya356:27
495,1975,Directed,2,2,dialectic,bavli,nedarim,nedarim.sugya193:2
1979,2885,Directed,2,2,dialectic,bavli,bava_batra;ketubot,bava_batra.sugya530:1
2885,1979,Directed,2,2,dialectic,bavli,bava_batra;ketubot,bava_batra.sugya530:2
2068,1979,Directed,2,1,dialectic,bavli,eruvin,eruvin.sugya025:28
2647,1998,Directed,2,2,dialectic,bavli,keritot;pesachim,keritot.sugya148:11
571,1998,Directed,2,2,dialectic,bavli,keritot;pesachim,keritot.sugya148:9
2005,2681,Directed,2,1,dialectic,bavli,sanhedrin,sanhedrin.sugya233:14
571,2007,Directed,2,2,dialectic,bavli,berakhot;ketubot,berakhot.sugya186:7
201,571,Directed,2,1,dialectic,bavli,chullin,chullin.sugya214:13
571,201,Directed,2,1,dialectic,bavli,chullin,chullin.sugya214:15
2763,2032,Directed,2,2,dialectic,bavli,berakhot;menachot,berakhot.sugya151:35
2032,2763,Directed,2,2,dialectic,bavli,berakhot;menachot,berakhot.sugya151:36
2578,2032,Directed,2,2,dialectic,bavli,ketubot;nedarim,ketubot.sugya166:1
2582,2068,Directed,2,2,dialectic,bavli,arakhin;pesachim,arakhin.sugya016:11
417,2068,Directed,2,2,dialectic,bavli,bava_metzia;nazir,bava_metzia.sugya355:6
2846,2068,Directed,2,2,dialectic,bavli,menachot;shabbat,menachot.sugya091:116
2068,2846,Directed,2,2,dialectic,bavli,menachot;shabbat,menachot.sugya091:117
2068,417,Directed,2,2,dialectic,bavli,nazir;temurah,nazir.sugya181:6
829,2068,Directed,2,1,dialectic,bavli,sotah,sotah.sugya093:1
2646,207,Directed,2,2,dialectic,bavli,eruvin;zevachim,eruvin.sugya135:8
267,2139,Directed,2,1,dialectic,bavli,chullin,chullin.sugya079:0
2139,267,Directed,2,1,dialectic,bavli,chullin,chullin.sugya079:1
571,2139,Directed,2,1,dialectic,bavli,sanhedrin,sanhedrin.sugya509:53
2156,2582,Directed,2,2,dialectic,bavli,bava_batra;bekhorot,bava_batra.sugya290:65
2161,2156,Directed,2,1,dialectic,bavli,berakhot,berakhot.sugya204:31
2156,2527,Directed,2,1,dialectic,bavli,pesachim,pesachim.sugya129:139
571,2158,Directed,2,1,dialectic,bavli,chullin,chullin.sugya124:35
2647,2161,Directed,2,2,dialectic,bavli,bava_batra,bava_batra.sugya201:12
2161,514,Directed,2,2,dialectic,bavli,bava_metzia;berakhot,bava_metzia.sugya055:61
827,2161,Directed,2,1,dialectic,bavli,ketubot,ketubot.sugya247:30
2161,2409,Directed,2,1,dialectic,bavli,shabbat,shabbat.sugya206:10
2161,2582,Directed,2,2,dialectic,bavli,shabbat;yevamot,shabbat.sugya473:8
2161,2879,Directed,2,1,dialectic,bavli,yevamot,yevamot.sugya015:111
2164,2518,Directed,2,2,dialectic,bavli,bava_metzia;zevachim,bava_metzia.sugya279:31
2285,2165,Directed,2,2,dialectic,bavli,sanhedrin;sotah,sanhedrin.sugya285:100
2174,2518,Directed,2,2,dialectic,bavli,berakhot;sotah,berakhot.sugya186:8
2174,993,Directed,2,2,dialectic,bavli,chullin;keritot,chullin.sugya333:11
993,2174,Directed,2,2,dialectic,bavli,chullin;keritot,chullin.sugya333:12
2174,2582,Directed,2,2,dialectic,bavli,ketubot;shevuot,ketubot.sugya085:83
2206,2518,Directed,2,1,dialectic,bavli,eruvin,eruvin.sugya181:11
2206,2285,Directed,2,2,dialectic,bavli,temurah,temurah.sugya024:1
571,2209,Directed,2,1,dialectic,bavli,gittin,gittin.sugya106:16
2221,2830,Directed,2,2,dialectic,bavli,meilah;yoma,meilah.sugya056:12
2830,2221,Directed,2,2,dialectic,bavli,meilah;yoma,meilah.sugya056:13
2237,2518,Directed,2,1,dialectic,bavli,arakhin,arakhin.sugya080:18
2465,2266,Directed,2,1,dialectic,bavli,zevachim,zevachim.sugya409:4
2465,2269,Directed,2,2,dialectic,bavli,yevamot,yevamot.sugya484:27
227,2646,Directed,2,2,dialectic,bavli,bava_kamma;menachot,bava_kamma.sugya465:26
2285,286,Directed,2,2,dialectic,bavli,avodah_zarah;bava_kamma,avodah_zarah.sugya023:1
2429,2285,Directed,2,2,dialectic,bavli,avodah_zarah;chullin,avodah_zarah.sugya159:4
2285,2445,Directed,2,2,dialectic,bavli,bava_batra;berakhot,bava_batra.sugya488:60
289,2285,Directed,2,1,dialectic,bavli,bava_kamma,bava_kamma.sugya460:18
2285,289,Directed,2,1,dialectic,bavli,bava_kamma,bava_kamma.sugya460:20
2398,2285,Directed,2,2,dialectic,bavli,bava_metzia;shabbat,bava_metzia.sugya094:5
2285,2578,Directed,2,2,dialectic,bavli,keritot;ketubot,keritot.sugya096:52
2688,2285,Directed,2,1,dialectic,bavli,ketubot,ketubot.sugya440:66
2442,2285,Directed,2,2,dialectic,bavli,megillah;pesachim,megillah.sugya052:184
2285,2442,Directed,2,2,dialectic,bavli,megillah;pesachim,megillah.sugya052:186
2285,2647,Directed,2,1,dialectic,bavli,niddah,niddah.sugya231:59
229,2763,Directed,2,2,dialectic,bavli,gittin;shabbat,gittin.sugya255:20
229,2582,Directed,2,1,dialectic,bavli,shabbat,shabbat.sugya207:122
2298,2627,Directed,2,1,dialectic,bavli,bava_batra,bava_batra.sugya378:33
2298,2581,Directed,2,2,dialectic,bavli,bava_batra;eruvin,bava_batra.sugya146:13
2298,2409,Directed,2,2,dialectic,bavli,berakhot;yoma,berakhot.sugya323:33
2298,2518,Directed,2,2,dialectic,bavli,horayot;rosh_hashanah,horayot.sugya051:15
2298,286,Directed,2,2,dialectic,bavli,sanhedrin;shabbat,sanhedrin.sugya203:5
230,895,Directed,2,1,dialectic,bavli,beitzah,beitzah.sugya090:0
895,230,Directed,2,1,dialectic,bavli,beitzah,beitzah.sugya090:1
230,2518,Directed,2,1,dialectic,bavli,sanhedrin,sanhedrin.sugya311:47
2518,230,Directed,2,1,dialectic,bavli,sanhedrin,sanhedrin.sugya311:49
239,6,Directed,2,2,dialectic,bavli,bava_kamma;beitzah,bava_kamma.sugya451:18
6,239,Directed,2,2,dialectic,bavli,bava_kamma;sukkah,bava_kamma.sugya451:21
239,475,Directed,2,1,dialectic,bavli,chagigah,chagigah.sugya076:22
239,2409,Directed,2,2,dialectic,bavli,gittin;zevachim,gittin.sugya040:22
239,2830,Directed,2,2,dialectic,bavli,menachot;shevuot,menachot.sugya003:62
2398,2596,Directed,2,1,dialectic,bavli,bava_metzia,bava_metzia.sugya126:0
2578,2398,Directed,2,1,dialectic,bavli,pesachim,pesachim.sugya198:100
2398,2681,Directed,2,1,dialectic,bavli,sanhedrin,sanhedrin.sugya233:15
2399,2518,Directed,2,1,dialectic,bavli,bava_batra,bava_batra.sugya033:58
2518,2409,Directed,2,2,dialectic,bavli,arakhin;bava_metzia,arakhin.sugya133:18
467,2409,Directed,2,1,dialectic,bavli,shabbat,shabbat.sugya781:44
2409,417,Directed,2,1,dialectic,bavli,shevuot,shevuot.sugya063:4
2618,2409,Directed,2,1,dialectic,bavli,yevamot,yevamot.sugya284:60
2938,241,Directed,2,1,dialectic,bavli,bava_metzia,bava_metzia.sugya401:13
241,2763,Directed,2,1,dialectic,bavli,bava_metzia,bava_metzia.sugya401:8
241,485,Directed,2,1,dialectic,bavli,keritot,keritot.sugya026:5
485,241,Directed,2,1,dialectic,bavli,keritot,keritot.sugya026:6
2417,2582,Directed,2,2,dialectic,bavli,megillah,megillah.sugya110:1
2423,467,Directed,2,1,dialectic,bavli,gittin,gittin.sugya004:78
467,2423,Directed,2,1,dialectic,bavli,gittin,gittin.sugya004:79
2423,2453,Directed,2,2,dialectic,bavli,ketubot,ketubot.sugya288:104
2453,2423,Directed,2,2,dialectic,bavli,ketubot,ketubot.sugya288:105
2647,2429,Directed,2,2,dialectic,bavli,chullin;temurah,chullin.sugya186:170
571,2430,Directed,2,2,dialectic,bavli,beitzah;shabbat,beitzah.sugya194:41
2440,2582,Directed,2,2,dialectic,bavli,bava_metzia;gittin,bava_metzia.sugya389:112
2581,2441,Directed,2,1,dialectic,bavli,chullin,chullin.sugya250:76
2445,2763,Directed,2,2,dialectic,bavli,bava_metzia;menachot,bava_metzia.sugya029:1
2465,2912,Directed,2,1,dialectic,bavli,bava_kamma,bava_kamma.sugya396:20
2465,2531,Directed,2,1,dialectic,bavli,berakhot,berakhot.sugya487:2
2581,2465,Directed,2,2,dialectic,bavli,makkot;shabbat,makkot.sugya005:3
2465,2830,Directed,2,2,dialectic,bavli,meilah;niddah,meilah.sugya007:6
465,2465,Directed,2,2,dialectic,bavli,sanhedrin;shabbat,sanhedrin.sugya219:45
571,2491,Directed,2,2,dialectic,bavli,sotah,sotah.sugya010:1
571,2497,Directed,2,1,dialectic,bavli,moed_katan,moed_katan.sugya077:14
2830,2508,Directed,2,1,dialectic,bavli,shabbat,shabbat.sugya167:71
2508,2830,Directed,2,1,dialectic,bavli,shabbat,shabbat.sugya167:72
2518,2618,Directed,2,1,dialectic,bavli,avodah_zarah,avodah_zarah.sugya259:130
2518,2602,Directed,2,2,dialectic,bavli,bava_kamma;sanhedrin,bava_kamma.sugya234:2
2518,2681,Directed,2,2,dialectic,bavli,bava_kamma;pesachim,bava_kamma.sugya297:3
304,2518,Directed,2,1,dialectic,bavli,bava_metzia,bava_metzia.sugya279:24
2646,2518,Directed,2,2,dialectic,bavli,bava_metzia;zevachim,bava_metzia.sugya305:4
2631,2518,Directed,2,2,dialectic,bavli,berakhot;sukkah,berakhot.sugya180:14
2518,92,Directed,2,2,dialectic,bavli,chagigah;zevachim,chagigah.sugya060:48
2579,2518,Directed,2,1,dialectic,bavli,eruvin,eruvin.sugya131:25
2518,2533,Directed,2,2,dialectic,bavli,ketubot,ketubot.sugya003:223
6,2518,Directed,2,2,dialectic,bavli,meilah;yoma,meilah.sugya002:50
2518,2830,Directed,2,2,dialectic,bavli,shevuot,shevuot.sugya069:27
2533,2582,Directed,2,2,dialectic,bavli,avodah_zarah;sanhedrin,avodah_zarah.sugya259:110
2546,829,Directed,2,1,dialectic,bavli,bekhorot,bekhorot.sugya172:59
2589,2578,Directed,2,2,dialectic,bavli,bava_kamma,bava_kamma.sugya282:79
2681,2578,Directed,2,1,dialectic,bavli,bava_metzia,bava_metzia.sugya028:10
2618,2578,Directed,2,2,dialectic,bavli,bava_metzia;eruvin,bava_metzia.sugya360:26
2716,2578,Directed,2,2,dialectic,bavli,bekhorot;chullin,bekhorot.sugya174:5
312,2578,Directed,2,2,dialectic,bavli,chullin;kiddushin,chullin.sugya321:25
2646,2578,Directed,2,2,dialectic,bavli,eruvin;pesachim,eruvin.sugya342:83
2578,2830,Directed,2,2,dialectic,bavli,horayot;temurah,horayot.sugya014:1
261,2578,Directed,2,1,dialectic,bavli,menachot,menachot.sugya008:11
304,2578,Directed,2,2,dialectic,bavli,menachot;sanhedrin,menachot.sugya008:14
2581,417,Directed,2,2,dialectic,bavli,arakhin;bava_kamma,arakhin.sugya172:0
2581,534,Directed,2,1,dialectic,bavli,bava_batra,bava_batra.sugya514:0
2716,2581,Directed,2,1,dialectic,bavli,bava_kamma,bava_kamma.sugya213:0
2681,2581,Directed,2,2,dialectic,bavli,bava_kamma;shabbat,bava_kamma.sugya438:52
977,2581,Directed,2,2,dialectic,bavli,bava_metzia;sanhedrin,bava_metzia.sugya007:17
2581,977,Directed,2,2,dialectic,bavli,bava_metzia;sanhedrin,bava_metzia.sugya007:21
2581,2586,Directed,2,1,dialectic,bavli,chullin,chullin.sugya362:25
2594,2581,Directed,2,2,dialectic,bavli,eruvin;gittin,eruvin.sugya326:6
2581,2846,Directed,2,1,dialectic,bavli,kiddushin,kiddushin.sugya083:7
2647,2581,Directed,2,2,dialectic,bavli,sanhedrin;shevuot,sanhedrin.sugya333:65
2581,2879,Directed,2,2,dialectic,bavli,temurah;zevachim,temurah.sugya094:10
2581,495,Directed,2,2,dialectic,bavli,yevamot,yevamot.sugya244:30
2582,913,Directed,2,2,dialectic,bavli,avodah_zarah;eruvin,avodah_zarah.sugya159:18
2582,926,Directed,2,1,dialectic,bavli,avodah_zarah,avodah_zarah.sugya241:56
2610,2582,Directed,2,2,dialectic,bavli,avodah_zarah;pesachim,avodah_zarah.sugya265:3
2582,495,Directed,2,2,dialectic,bavli,bava_batra;niddah,bava_batra.sugya405:32
2742,2582,Directed,2,1,dialectic,bavli,bava_kamma,bava_kamma.sugya115:12
2582,343,Directed,2,2,dialectic,bavli,bava_kamma;gittin,bava_kamma.sugya014:4
343,2582,Directed,2,2,dialectic,bavli,bava_kamma;ketubot,bava_kamma.sugya307:18
270,2582,Directed,2,2,dialectic,bavli,bava_kamma;ketubot,bava_kamma.sugya307:8
2582,2716,Directed,2,1,dialectic,bavli,bava_metzia,bava_metzia.sugya473:114
2596,2582,Directed,2,1,dialectic,bavli,bava_metzia,bava_metzia.sugya025:122
2582,2647,Directed,2,2,dialectic,bavli,bava_metzia;chullin,bava_metzia.sugya092:14
602,2582,Directed,2,2,dialectic,bavli,chullin;sanhedrin,chullin.sugya404:110
913,2582,Directed,2,2,dialectic,bavli,chullin;sanhedrin,chullin.sugya128:58
391,2582,Directed,2,2,dialectic,bavli,eruvin;pesachim,eruvin.sugya457:0
2744,2582,Directed,2,2,dialectic,bavli,keritot;yevamot,keritot.sugya120:3
2582,867,Directed,2,2,dialectic,bavli,keritot;ketubot,keritot.sugya138:1
2582,2627,Directed,2,1,dialectic,bavli,ketubot,ketubot.sugya483:12
2582,2618,Directed,2,1,dialectic,bavli,ketubot,ketubot.sugya124:66
895,2582,Directed,2,2,dialectic,bavli,meilah;shabbat,meilah.sugya048:2
2923,2582,Directed,2,2,dialectic,bavli,nazir;yevamot,nazir.sugya165:52
2781,2582,Directed,2,1,dialectic,bavli,niddah,niddah.sugya160:35
2938,2582,Directed,2,1,dialectic,bavli,niddah,niddah.sugya218:40
2582,2692,Directed,2,2,dialectic,bavli,niddah;taanit,niddah.sugya306:46
2692,2582,Directed,2,2,dialectic,bavli,niddah;taanit,niddah.sugya306:47
2618,2582,Directed,2,1,dialectic,bavli,pesachim,pesachim.sugya198:28
2582,391,Directed,2,1,dialectic,bavli,pesachim,pesachim.sugya333:14
2582,2738,Directed,2,2,dialectic,bavli,sanhedrin;shevuot,sanhedrin.sugya065:1
2582,270,Directed,2,1,dialectic,bavli,sanhedrin,sanhedrin.sugya305:33
2582,445,Directed,2,2,dialectic,bavli,shabbat;zevachim,shabbat.sugya167:18
2582,6,Directed,2,2,dialectic,bavli,shevuot;zevachim,shevuot.sugya221:18
2582,2788,Directed,2,1,dialectic,bavli,yoma,yoma.sugya009:60
881,2586,Directed,2,1,dialectic,bavli,bava_batra,bava_batra.sugya069:78
2586,485,Directed,2,1,dialectic,bavli,bava_metzia,bava_metzia.sugya080:12
2763,2594,Directed,2,1,dialectic,bavli,chullin,chullin.sugya123:30
2879,2594,Directed,2,2,dialectic,bavli,horayot;nazir,horayot.sugya065:19
2594,2879,Directed,2,1,dialectic,bavli,shabbat,shabbat.sugya095:12
2596,31,Directed,2,2,dialectic,bavli,bava_kamma;gittin,bava_kamma.sugya074:51
2716,2596,Directed,2,1,dialectic,bavli,eruvin,eruvin.sugya356:12
66,2596,Directed,2,1,dialectic,bavli,shabbat,shabbat.sugya683:33
2596,66,Directed,2,1,dialectic,bavli,shabbat,shabbat.sugya683:35
2616,2596,Directed,2,1,dialectic,bavli,yevamot,yevamot.sugya054:28
2647,2608,Directed,2,1,dialectic,bavli,avodah_zarah,avodah_zarah.sugya214:35
571,2634,Directed,2,1,dialectic,bavli,bava_batra,bava_batra.sugya398:60
2637,571,Directed,2,2,dialectic,bavli,sotah;yevamot,sotah.sugya165:22
2646,2665,Directed,2,1,dialectic,bavli,bava_batra,bava_batra.sugya018:16
2646,270,Directed,2,1,dialectic,bavli,gittin,gittin.sugya369:26
2647,514,Directed,2,2,dialectic,bavli,arakhin;shevuot,arakhin.sugya137:71
2647,296,Directed,2,2,dialectic,bavli,bava_batra;kiddushin,bava_batra.sugya402:33
2647,895,Directed,2,2,dialectic,bavli,beitzah;menachot,beitzah.sugya228:34
2647,2879,Directed,2,2,dialectic,bavli,gittin;pesachim,gittin.sugya392:10
2647,2681,Directed,2,2,dialectic,bavli,nedarim;zevachim,nedarim.sugya018:14
2647,467,Directed,2,2,dialectic,bavli,rosh_hashanah;yoma,rosh_hashanah.sugya002:56
296,2648,Directed,2,1,dialectic,bavli,chullin,chullin.sugya288:25
2681,2938,Directed,2,2,dialectic,bavli,bava_kamma;bekhorot,bava_kamma.sugya460:0
2681,2763,Directed,2,2,dialectic,bavli,shabbat;zevachim,shabbat.sugya871:50
571,2716,Directed,2,1,dialectic,bavli,bava_kamma,bava_kamma.sugya213:4
2735,2938,Directed,2,2,dialectic,bavli,sotah;yevamot,sotah.sugya018:12
2739,2891,Directed,2,1,dialectic,bavli,berakhot,berakhot.sugya077:20
2891,2739,Directed,2,1,dialectic,bavli,berakhot,berakhot.sugya077:21
2742,2741,Directed,2,1,dialectic,bavli,makkot,makkot.sugya095:148
467,2763,Directed,2,2,dialectic,bavli,avodah_zarah;chullin,avodah_zarah.sugya196:3
534,2763,Directed,2,1,dialectic,bavli,chullin,chullin.sugya306:52
304,2763,Directed,2,2,dialectic,bavli,menachot;zevachim,menachot.sugya010:180
2763,534,Directed,2,2,dialectic,bavli,nazir;yevamot,nazir.sugya045:11
2769,6,Directed,2,1,dialectic,bavli,bava_kamma,bava_kamma.sugya016:0
2795,895,Directed,2,2,dialectic,bavli,eruvin,eruvin.sugya144:38
6,2795,Directed,2,1,dialectic,bavli,sukkah,sukkah.sugya002:70
2795,6,Directed,2,1,dialectic,bavli,sukkah,sukkah.sugya002:71
467,2845,Directed,2,2,dialectic,bavli,bava_batra;bekhorot,bava_batra.sugya276:20
343,2879,Directed,2,1,dialectic,bavli,chullin,chullin.sugya074:25
547,2888,Directed,2,2,dialectic,bavli,bava_batra;nedarim,bava_batra.sugya398:89
547,2938,Directed,2,2,dialectic,bavli,bava_batra;nedarim,bava_batra.sugya398:85
2938,547,Directed,2,2,dialectic,bavli,bava_batra;nedarim,bava_batra.sugya398:87
2938,977,Directed,2,1,dialectic,bavli,bava_batra,bava_batra.sugya447:112
2938,467,Directed,2,2,dialectic,bavli,bekhorot;zevachim,bekhorot.sugya348:6
66,2938,Directed,2,1,dialectic,bavli,gittin,gittin.sugya276:15
2938,66,Directed,2,1,dialectic,bavli,gittin,gittin.sugya276:16
2957,92,Directed,2,2,dialectic,bavli,bava_batra,bava_batra.sugya256:3
571,306,Directed,2,1,dialectic,bavli,menachot,menachot.sugya008:36
31,895,Directed,2,2,dialectic,bavli,bava_kamma;gittin,bava_kamma.sugya074:50
343,918,Directed,2,2,dialectic,bavli,pesachim;yevamot,pesachim.sugya076:26
371,478,Directed,2,1,dialectic,bavli,zevachim,zevachim.sugya055:24
92,417,Directed,2,2,dialectic,bavli,chullin;sotah,chullin.sugya432:2
465,417,Directed,2,2,dialectic,bavli,gittin,gittin.sugya364:3
451,489,Directed,2,1,dialectic,bavli,pesachim,pesachim.sugya072:17
489,451,Directed,2,1,dialectic,bavli,pesachim,pesachim.sugya072:18
467,47,Directed,2,1,dialectic,bavli,ketubot,ketubot.sugya523:63
534,467,Directed,2,1,dialectic,bavli,kiddushin,kiddushin.sugya124:68
467,534,Directed,2,1,dialectic,bavli,kiddushin,kiddushin.sugya124:69
895,467,Directed,2,1,dialectic,bavli,zevachim,zevachim.sugya006:119
548,477,Directed,2,1,dialectic,bavli,menachot,menachot.sugya051:33
895,495,Directed,2,1,dialectic,bavli,bava_batra,bava_batra.sugya039:27
495,895,Directed,2,1,dialectic,bavli,bava_batra,bava_batra.sugya039:28
827,514,Directed,2,1,dialectic,bavli,ketubot,ketubot.sugya247:29
6,535,Directed,2,1,dialectic,bavli,gittin,gittin.sugya331:0
571,977,Directed,2,2,dialectic,bavli,bava_batra;bava_kamma,bava_batra.sugya447:123
571,993,Directed,2,2,dialectic,bavli,bava_kamma;gittin,bava_kamma.sugya136:19
827,571,Directed,2,1,dialectic,bavli,ketubot,ketubot.sugya247:31
6,881,Directed,2,1,dialectic,bavli,horayot,horayot.sugya002:14
918,602,Directed,2,2,dialectic,bavli,bava_batra;bava_metzia,bava_batra.sugya468:35
602,918,Directed,2,2,dialectic,bavli,bava_batra;sanhedrin,bava_batra.sugya110:58
895,820,Directed,2,1,dialectic,bavli,berakhot,berakhot.sugya392:14
820,895,Directed,2,1,dialectic,bavli,berakhot,berakhot.sugya392:15
571,1002,Directed,1,1,dialectic,bavli,nedarim,nedarim.sugya255:32
1002,571,Directed,1,1,dialectic,bavli,yevamot,yevamot.sugya064:7
1009,2465,Directed,1,1,dialectic,bavli,avodah_zarah,avodah_zarah.sugya233:18
2465,1009,Directed,1,1,dialectic,bavli,avodah_zarah,avodah_zarah.sugya233:19
1009,1508,Directed,1,1,dialectic,bavli,bava_batra,bava_batra.sugya490:4
1508,1009,Directed,1,1,dialectic,bavli,bava_batra,bava_batra.sugya490:5
1012,2518,Directed,1,1,dialectic,bavli,pesachim,pesachim.sugya389:3
2518,1012,Directed,1,1,dialectic,bavli,pesachim,pesachim.sugya389:4
1017,861,Directed,1,1,dialectic,bavli,avodah_zarah,avodah_zarah.sugya159:37
1017,913,Directed,1,1,dialectic,bavli,bava_batra,bava_batra.sugya472:66
304,1017,Directed,1,1,dialectic,bavli,bava_metzia,bava_metzia.sugya145:3
1017,2830,Directed,1,1,dialectic,bavli,beitzah,beitzah.sugya079:33
1094,1017,Directed,1,1,dialectic,bavli,berakhot,berakhot.sugya290:1
1017,994,Directed,1,1,dialectic,bavli,berakhot,berakhot.sugya322:8
1932,1017,Directed,1,1,dialectic,bavli,berakhot,berakhot.sugya323:45
149,1017,Directed,1,1,dialectic,bavli,chullin,chullin.sugya352:11
1017,140,Directed,1,1,dialectic,bavli,chullin,chullin.sugya368:40
1017,47,Directed,1,1,dialectic,bavli,chullin,chullin.sugya380:42
1017,2091,Directed,1,1,dialectic,bavli,chullin,chullin.sugya126:13
2091,1017,Directed,1,1,dialectic,bavli,chullin,chullin.sugya126:14
1017,885,Directed,1,1,dialectic,bavli,chullin,chullin.sugya186:48
1017,2839,Directed,1,1,dialectic,bavli,chullin,chullin.sugya290:23
1017,2579,Directed,1,1,dialectic,bavli,eruvin,eruvin.sugya131:27
2646,1017,Directed,1,1,dialectic,bavli,horayot,horayot.sugya018:52
343,1017,Directed,1,1,dialectic,bavli,keritot,keritot.sugya096:108
1017,695,Directed,1,1,dialectic,bavli,ketubot,ketubot.sugya342:6
1017,1088,Directed,1,1,dialectic,bavli,menachot,menachot.sugya064:25
1017,2646,Directed,1,1,dialectic,bavli,menachot,menachot.sugya342:9
1017,485,Directed,1,1,dialectic,bavli,moed_katan,moed_katan.sugya002:85
1017,2465,Directed,1,1,dialectic,bavli,nazir,nazir.sugya098:5
1017,2068,Directed,1,1,dialectic,bavli,nedarim,nedarim.sugya280:6
297,1017,Directed,1,1,dialectic,bavli,niddah,niddah.sugya051:41
1017,1544,Directed,1,1,dialectic,bavli,niddah,niddah.sugya191:36
467,1017,Directed,1,1,dialectic,bavli,niddah,niddah.sugya200:50
1017,2478,Directed,1,1,dialectic,bavli,niddah,niddah.sugya014:57
1017,2763,Directed,1,1,dialectic,bavli,rosh_hashanah,rosh_hashanah.sugya027:66
1017,1814,Directed,1,1,dialectic,bavli,shabbat,shabbat.sugya710:19
1814,1017,Directed,1,1,dialectic,bavli,shabbat,shabbat.sugya710:21
1017,1102,Directed,1,1,dialectic,bavli,shabbat,shabbat.sugya243:14
2891,1017,Directed,1,1,dialectic,bavli,shabbat,shabbat.sugya275:16
1017,2891,Directed,1,1,dialectic,bavli,shabbat,shabbat.sugya275:17
1017,1075,Directed,1,1,dialectic,bavli,shabbat,shabbat.sugya526:1
1017,2624,Directed,1,1,dialectic,bavli,shevuot,shevuot.sugya085:19
2742,1017,Directed,1,1,dialectic,bavli,yoma,yoma.sugya005:11
977,1017,Directed,1,1,dialectic,bavli,zevachim,zevachim.sugya373:66
1017,977,Directed,1,1,dialectic,bavli,zevachim,zevachim.sugya373:67
194,1017,Directed,1,1,dialectic,bavli,zevachim,zevachim.sugya189:39
2934,1017,Directed,1,1,dialectic,bavli,zevachim,zevachim.sugya189:46
1018,6,Directed,1,1,dialectic,bavli,bava_kamma,bava_kamma.sugya451:15
1018,467,Directed,1,1,dialectic,bavli,chullin,chullin.sugya092:64
1018,1570,Directed,1,1,dialectic,bavli,pesachim,pesachim.sugya053:200
1018,1493,Directed,1,1,dialectic,bavli,shabbat,shabbat.sugya681:10
2170,1018,Directed,1,1,dialectic,bavli,shabbat,shabbat.sugya681:11
1018,2763,Directed,1,1,dialectic,bavli,zevachim,zevachim.sugya312:4
1022,2763,Directed,1,1,dialectic,bavli,yevamot,yevamot.sugya246:17
571,1022,Directed,1,1,dialectic,bavli,yevamot,yevamot.sugya246:21
103,485,Directed,1,1,dialectic,bavli,taanit,taanit.sugya106:30
1885,103,Directed,1,1,dialectic,bavli,taanit,taanit.sugya106:33
2582,1039,Directed,1,1,dialectic,bavli,arakhin,arakhin.sugya018:14
1043,467,Directed,1,1,dialectic,bavli,bava_batra,bava_batra.sugya294:2
1345,1043,Directed,1,1,dialectic,bavli,chullin,chullin.sugya034:20
2518,1043,Directed,1,1,dialectic,bavli,ketubot,ketubot.sugya027:12
1043,1088,Directed,1,1,dialectic,bavli,shabbat,shabbat.sugya951:34
1088,1043,Directed,1,1,dialectic,bavli,shabbat,shabbat.sugya951:35
495,1046,Directed,1,1,dialectic,bavli,chullin,chullin.sugya120:18
1046,599,Directed,1,1,dialectic,bavli,menachot,menachot.sugya401:17
599,1046,Directed,1,1,dialectic,bavli,menachot,menachot.sugya401:18
1046,1508,Directed,1,1,dialectic,bavli,menachot,menachot.sugya326:3
913,1046,Directed,1,1,dialectic,bavli,pesachim,pesachim.sugya255:4
92,1046,Directed,1,1,dialectic,bavli,yevamot,yevamot.sugya148:15
1055,1657,Directed,1,1,dialectic,bavli,shabbat,shabbat.sugya486:67
1056,1293,Directed,1,1,dialectic,bavli,pesachim,pesachim.sugya042:115
1293,1056,Directed,1,1,dialectic,bavli,pesachim,pesachim.sugya042:116
1952,1075,Directed,1,1,dialectic,bavli,chullin,chullin.sugya345:11
1689,1075,Directed,1,1,dialectic,bavli,chullin,chullin.sugya172:16
467,1075,Directed,1,1,dialectic,bavli,gittin,gittin.sugya199:26
2298,1075,Directed,1,1,dialectic,bavli,horayot,horayot.sugya018:9
1075,2830,Directed,1,1,dialectic,bavli,horayot,horayot.sugya056:1
1075,1508,Directed,1,1,dialectic,bavli,menachot,menachot.sugya304:2
368,1075,Directed,1,1,dialectic,bavli,niddah,niddah.sugya024:32
1075,1441,Directed,1,1,dialectic,bavli,sanhedrin,sanhedrin.sugya214:2
1441,1075,Directed,1,1,dialectic,bavli,sanhedrin,sanhedrin.sugya214:4
1075,1570,Directed,1,1,dialectic,bavli,shabbat,shabbat.sugya670:26
121,1075,Directed,1,1,dialectic,bavli,yoma,yoma.sugya065:6
1075,534,Directed,1,1,dialectic,bavli,zevachim,zevachim.sugya053:6
1075,1885,Directed,1,1,dialectic,bavli,zevachim,zevachim.sugya219:27
1088,1640,Directed,1,1,dialectic,bavli,avodah_zarah,avodah_zarah.sugya137:77
1212,1088,Directed,1,1,dialectic,bavli,bava_metzia,bava_metzia.sugya357:145
1088,1212,Directed,1,1,dialectic,bavli,bava_metzia,bava_metzia.sugya357:146
1088,1624,Directed,1,1,dialectic,bavli,berakhot,berakhot.sugya150:4
1986,1088,Directed,1,1,dialectic,bavli,eruvin,eruvin.sugya318:23
2581,1088,Directed,1,1,dialectic,bavli,eruvin,eruvin.sugya358:9
1088,2582,Directed,1,1,dialectic,bavli,keritot,keritot.sugya133:11
1088,485,Directed,1,1,dialectic,bavli,ketubot,ketubot.sugya003:137
1932,1088,Directed,1,1,dialectic,bavli,menachot,menachot.sugya270:40
2744,1088,Directed,1,1,dialectic,bavli,menachot,menachot.sugya270:47
571,1088,Directed,1,1,dialectic,bavli,menachot,menachot.sugya270:50
2879,1088,Directed,1,1,dialectic,bavli,niddah,niddah.sugya313:17
2896,1088,Directed,1,1,dialectic,bavli,sanhedrin,sanhedrin.sugya028:8
1088,2896,Directed,1,1,dialectic,bavli,sanhedrin,sanhedrin.sugya028:9
1088,2594,Directed,1,1,dialectic,bavli,sanhedrin,sanhedrin.sugya008:81
1088,1544,Directed,1,1,dialectic,bavli,temurah,temurah.sugya075:10
1814,1088,Directed,1,1,dialectic,bavli,yevamot,yevamot.sugya353:58
467,1091,Directed,1,1,dialectic,bavli,bava_batra,bava_batra.sugya280:0
2518,1091,Directed,1,1,dialectic,bavli,bava_kamma,bava_kamma.sugya129:7
2582,1091,Directed,1,1,dialectic,bavli,berakhot,berakhot.sugya121:2
1624,1091,Directed,1,1,dialectic,bavli,gittin,gittin.sugya132:57
1091,1624,Directed,1,1,dialectic,bavli,gittin,gittin.sugya132:58
1091,1544,Directed,1,1,dialectic,bavli,kiddushin,kiddushin.sugya115:18
1544,1091,Directed,1,1,dialectic,bavli,kiddushin,kiddushin.sugya115:19
6,1091,Directed,1,1,dialectic,bavli,menachot,menachot.sugya217:19
1091,535,Directed,1,1,dialectic,bavli,shabbat,shabbat.sugya878:2
1275,1091,Directed,1,1,dialectic,bavli,sotah,sotah.sugya215:55
1094,913,Directed,1,1,dialectic,bavli,berakhot,berakhot.sugya245:8
297,1094,Directed,1,1,dialectic,bavli,berakhot,berakhot.sugya027:21
1094,2581,Directed,1,1,dialectic,bavli,gittin,gittin.sugya174:24
571,1094,Directed,1,1,dialectic,bavli,gittin,gittin.sugya174:25
1094,2285,Directed,1,1,dialectic,bavli,ketubot,ketubot.sugya015:28
2581,1094,Directed,1,1,dialectic,bavli,pesachim,pesachim.sugya074:19
1094,1764,Directed,1,1,dialectic,bavli,sanhedrin,sanhedrin.sugya452:2
1764,1094,Directed,1,1,dialectic,bavli,sanhedrin,sanhedrin.sugya452:3
1094,283,Directed,1,1,dialectic,bavli,shabbat,shabbat.sugya837:21
1094,194,Directed,1,1,dialectic,bavli,shabbat,shabbat.sugya837:22
194,1094,Directed,1,1,dialectic,bavli,shabbat,shabbat.sugya837:23
1094,2830,Directed,1,1,dialectic,bavli,temurah,temurah.sugya084:1
1570,1094,Directed,1,1,dialectic,bavli,temurah,temurah.sugya085:0
2298,1101,Directed,1,1,dialectic,bavli,arakhin,arakhin.sugya201:15
1101,2285,Directed,1,1,dialectic,bavli,ketubot,ketubot.sugya170:57
1952,1102,Directed,1,1,dialectic,bavli,ketubot,ketubot.sugya029:45
1106,2582,Directed,1,1,dialectic,bavli,bava_metzia,bava_metzia.sugya288:23
1108,2879,Directed,1,1,dialectic,bavli,sanhedrin,sanhedrin.sugya140:11
2879,1108,Directed,1,1,dialectic,bavli,sanhedrin,sanhedrin.sugya140:13
1108,1570,Directed,1,1,dialectic,bavli,sanhedrin,sanhedrin.sugya140:30
1570,1108,Directed,1,1,dialectic,bavli,sanhedrin,sanhedrin.sugya140:32
2518,1113,Directed,1,1,dialectic,bavli,bava_metzia,bava_metzia.sugya014:14
1113,1570,Directed,1,1,dialectic,bavli,chullin,chullin.sugya143:123
2586,1127,Directed,1,1,dialectic,bavli,avodah_zarah,avodah_zarah.sugya214:63
1127,895,Directed,1,1,dialectic,bavli,bekhorot,bekhorot.sugya086:3
1345,1127,Directed,1,1,dialectic,bavli,chullin,chullin.sugya392:30
1127,2285,Directed,1,1,dialectic,bavli,niddah,niddah.sugya298:11
2285,1127,Directed,1,1,dialectic,bavli,niddah,niddah.sugya298:7
467,1127,Directed,1,1,dialectic,bavli,pesachim,pesachim.sugya235:0
885,1152,Directed,1,1,dialectic,bavli,gittin,gittin.sugya386:25
895,1158,Directed,1,1,dialectic,bavli,zevachim,zevachim.sugya430:3
2647,1164,Directed,1,1,dialectic,bavli,bava_batra,bava_batra.sugya022:45
2409,1164,Directed,1,1,dialectic,bavli,bava_metzia,bava_metzia.sugya357:143
1164,1345,Directed,1,1,dialectic,bavli,nazir,nazir.sugya074:5
1164,2578,Directed,1,1,dialectic,bavli,nazir,nazir.sugya074:6
2705,1164,Directed,1,1,dialectic,bavli,sanhedrin,sanhedrin.sugya282:3
1164,2705,Directed,1,1,dialectic,bavli,sanhedrin,sanhedrin.sugya282:4
286,1164,Directed,1,1,dialectic,bavli,sanhedrin,sanhedrin.sugya282:5
239,1173,Directed,1,1,dialectic,bavli,ketubot,ketubot.sugya243:4
1175,2763,Directed,1,1,dialectic,bavli,bava_kamma,bava_kamma.sugya443:59
1175,895,Directed,1,1,dialectic,bavli,menachot,menachot.sugya215:24
2582,1175,Directed,1,1,dialectic,bavli,menachot,menachot.sugya215:26
229,1175,Directed,1,1,dialectic,bavli,menachot,menachot.sugya255:4
1764,1175,Directed,1,1,dialectic,bavli,zevachim,zevachim.sugya189:214
2518,1176,Directed,1,1,dialectic,bavli,chullin,chullin.sugya003:234
1176,2068,Directed,1,1,dialectic,bavli,shevuot,shevuot.sugya024:0
1187,17,Directed,1,1,dialectic,bavli,zevachim,zevachim.sugya014:41
2285,1192,Directed,1,1,dialectic,bavli,ketubot,ketubot.sugya156:19
1192,2938,Directed,1,1,dialectic,bavli,sukkah,sukkah.sugya199:58
1194,1345,Directed,1,1,dialectic,bavli,beitzah,beitzah.sugya091:0
895,1194,Directed,1,1,dialectic,bavli,beitzah,beitzah.sugya228:23
2285,1197,Directed,1,1,dialectic,bavli,chullin,chullin.sugya031:58
1197,2068,Directed,1,1,dialectic,bavli,nedarim,nedarim.sugya222:0
1197,895,Directed,1,1,dialectic,bavli,yevamot,yevamot.sugya289:51
1208,571,Directed,1,1,dialectic,bavli,eruvin,eruvin.sugya218:27
571,1208,Directed,1,1,dialectic,bavli,eruvin,eruvin.sugya218:28
121,2429,Directed,1,1,dialectic,bavli,avodah_zarah,avodah_zarah.sugya159:6
121,829,Directed,1,1,dialectic,bavli,avodah_zarah,avodah_zarah.sugya185:12
1804,121,Directed,1,1,dialectic,bavli,bava_batra,bava_batra.sugya378:22
121,2601,Directed,1,1,dialectic,bavli,bava_batra,bava_batra.sugya380:6
121,85,Directed,1,1,dialectic,bavli,bava_batra,bava_batra.sugya042:12
2254,121,Directed,1,1,dialectic,bavli,bava_batra,bava_batra.sugya413:56
2632,121,Directed,1,1,dialectic,bavli,bava_batra,bava_batra.sugya116:5
2004,121,Directed,1,1,dialectic,bavli,bava_kamma,bava_kamma.sugya024:12
2618,121,Directed,1,1,dialectic,bavli,bava_kamma,bava_kamma.sugya146:33
121,2527,Directed,1,1,dialectic,bavli,bava_kamma,bava_kamma.sugya370:5
2527,121,Directed,1,1,dialectic,bavli,bava_kamma,bava_kamma.sugya370:6
121,534,Directed,1,1,dialectic,bavli,bava_metzia,bava_metzia.sugya025:11
121,2646,Directed,1,1,dialectic,bavli,bava_metzia,bava_metzia.sugya103:3
2681,121,Directed,1,1,dialectic,bavli,bava_metzia,bava_metzia.sugya146:9
121,2647,Directed,1,1,dialectic,bavli,bava_metzia,bava_metzia.sugya221:32
903,121,Directed,1,1,dialectic,bavli,beitzah,beitzah.sugya057:0
121,1742,Directed,1,1,dialectic,bavli,beitzah,beitzah.sugya093:1
1885,121,Directed,1,1,dialectic,bavli,beitzah,beitzah.sugya002:44
2161,121,Directed,1,1,dialectic,bavli,berakhot,berakhot.sugya183:50
1915,121,Directed,1,1,dialectic,bavli,berakhot,berakhot.sugya345:12
121,256,Directed,1,1,dialectic,bavli,berakhot,berakhot.sugya478:18
121,2716,Directed,1,1,dialectic,bavli,chagigah,chagigah.sugya092:1
121,1807,Directed,1,1,dialectic,bavli,chullin,chullin.sugya312:5
121,2928,Directed,1,1,dialectic,bavli,chullin,chullin.sugya323:72
121,1814,Directed,1,1,dialectic,bavli,chullin,chullin.sugya333:8
2406,121,Directed,1,1,dialectic,bavli,chullin,chullin.sugya134:10
121,2453,Directed,1,1,dialectic,bavli,eruvin,eruvin.sugya075:55
121,2594,Directed,1,1,dialectic,bavli,eruvin,eruvin.sugya172:18
1840,121,Directed,1,1,dialectic,bavli,eruvin,eruvin.sugya256:49
121,1840,Directed,1,1,dialectic,bavli,eruvin,eruvin.sugya256:50
2735,121,Directed,1,1,dialectic,bavli,gittin,gittin.sugya051:63
121,2161,Directed,1,1,dialectic,bavli,gittin,gittin.sugya178:9
121,171,Directed,1,1,dialectic,bavli,gittin,gittin.sugya004:58
121,1527,Directed,1,1,dialectic,bavli,ketubot,ketubot.sugya027:66
2388,121,Directed,1,1,dialectic,bavli,ketubot,ketubot.sugya085:58
2224,121,Directed,1,1,dialectic,bavli,ketubot,ketubot.sugya086:119
2690,121,Directed,1,1,dialectic,bavli,ketubot,ketubot.sugya436:44
2206,121,Directed,1,1,dialectic,bavli,kiddushin,kiddushin.sugya128:10
121,2206,Directed,1,1,dialectic,bavli,kiddushin,kiddushin.sugya128:8
121,1213,Directed,1,1,dialectic,bavli,kiddushin,kiddushin.sugya237:31
121,388,Directed,1,1,dialectic,bavli,kiddushin,kiddushin.sugya296:89
388,121,Directed,1,1,dialectic,bavli,kiddushin,kiddushin.sugya296:90
2417,121,Directed,1,1,dialectic,bavli,megillah,megillah.sugya131:1
121,2417,Directed,1,1,dialectic,bavli,megillah,megillah.sugya132:0
1493,121,Directed,1,1,dialectic,bavli,menachot,menachot.sugya420:16
121,2170,Directed,1,1,dialectic,bavli,menachot,menachot.sugya461:2
467,121,Directed,1,1,dialectic,bavli,menachot,menachot.sugya028:27
2140,121,Directed,1,1,dialectic,bavli,menachot,menachot.sugya049:10
121,2618,Directed,1,1,dialectic,bavli,menachot,menachot.sugya057:6
1920,121,Directed,1,1,dialectic,bavli,menachot,menachot.sugya065:12
121,368,Directed,1,1,dialectic,bavli,menachot,menachot.sugya067:7
2670,121,Directed,1,1,dialectic,bavli,nazir,nazir.sugya055:8
121,2556,Directed,1,1,dialectic,bavli,niddah,niddah.sugya073:11
1913,121,Directed,1,1,dialectic,bavli,pesachim,pesachim.sugya380:83
297,121,Directed,1,1,dialectic,bavli,pesachim,pesachim.sugya129:71
121,297,Directed,1,1,dialectic,bavli,pesachim,pesachim.sugya129:73
2533,121,Directed,1,1,dialectic,bavli,sanhedrin,sanhedrin.sugya161:55
121,1508,Directed,1,1,dialectic,bavli,sanhedrin,sanhedrin.sugya335:12
239,121,Directed,1,1,dialectic,bavli,shabbat,shabbat.sugya631:18
535,121,Directed,1,1,dialectic,bavli,shabbat,shabbat.sugya804:2
121,219,Directed,1,1,dialectic,bavli,shabbat,shabbat.sugya837:3
121,2225,Directed,1,1,dialectic,bavli,shabbat,shabbat.sugya005:1
2225,121,Directed,1,1,dialectic,bavli,shabbat,shabbat.sugya005:2
121,1689,Directed,1,1,dialectic,bavli,shabbat,shabbat.sugya184:5
121,2173,Directed,1,1,dialectic,bavli,shabbat,shabbat.sugya564:10
121,2795,Directed,1,1,dialectic,bavli,shevuot,shevuot.sugya029:78
927,121,Directed,1,1,dialectic,bavli,shevuot,shevuot.sugya061:30
121,993,Directed,1,1,dialectic,bavli,sotah,sotah.sugya192:1
2744,121,Directed,1,1,dialectic,bavli,taanit,taanit.sugya027:23
2429,121,Directed,1,1,dialectic,bavli,temurah,temurah.sugya081:26
121,371,Directed,1,1,dialectic,bavli,temurah,temurah.sugya104:17
1385,121,Directed,1,1,dialectic,bavli,temurah,temurah.sugya123:10
2164,121,Directed,1,1,dialectic,bavli,zevachim,zevachim.sugya058:13
1212,485,Directed,1,1,dialectic,bavli,avodah_zarah,avodah_zarah.sugya176:10
1212,2578,Directed,1,1,dialectic,bavli,bava_kamma,bava_kamma.sugya283:16
1570,1212,Directed,1,1,dialectic,bavli,berakhot,berakhot.sugya022:33
1212,1814,Directed,1,1,dialectic,bavli,chullin,chullin.sugya333:4
2647,1212,Directed,1,1,dialectic,bavli,chullin,chullin.sugya256:16
922,1212,Directed,1,1,dialectic,bavli,gittin,gittin.sugya185:16
895,1212,Directed,1,1,dialectic,bavli,gittin,gittin.sugya404:3
1212,2839,Directed,1,1,dialectic,bavli,ketubot,ketubot.sugya054:10
2839,1212,Directed,1,1,dialectic,bavli,ketubot,ketubot.sugya054:9
1212,1624,Directed,1,1,dialectic,bavli,ketubot,ketubot.sugya154:41
1624,1212,Directed,1,1,dialectic,bavli,ketubot,ketubot.sugya154:42
1212,828,Directed,1,1,dialectic,bavli,ketubot,ketubot.sugya009:65
2075,1212,Directed,1,1,dialectic,bavli,moed_katan,moed_katan.sugya089:105
1345,1212,Directed,1,1,dialectic,bavli,nedarim,nedarim.sugya256:42
571,1212,Directed,1,1,dialectic,bavli,nedarim,nedarim.sugya256:58
1952,1212,Directed,1,1,dialectic,bavli,niddah,niddah.sugya286:16
1212,2582,Directed,1,1,dialectic,bavli,sanhedrin,sanhedrin.sugya291:71
1213,1570,Directed,1,1,dialectic,bavli,kiddushin,kiddushin.sugya237:24
2582,1213,Directed,1,1,dialectic,bavli,kiddushin,kiddushin.sugya237:28
2647,1213,Directed,1,1,dialectic,bavli,niddah,niddah.sugya346:74
1213,2581,Directed,1,1,dialectic,bavli,shevuot,shevuot.sugya172:26
2581,1213,Directed,1,1,dialectic,bavli,shevuot,shevuot.sugya172:29
2582,1214,Directed,1,1,dialectic,bavli,shabbat,shabbat.sugya481:15
2582,1230,Directed,1,1,dialectic,bavli,chagigah,chagigah.sugya034:21
1237,2465,Directed,1,1,dialectic,bavli,bekhorot,bekhorot.sugya277:4
124,239,Directed,1,1,dialectic,bavli,bekhorot,bekhorot.sugya246:47
124,451,Directed,1,1,dialectic,bavli,eruvin,eruvin.sugya256:4
124,2068,Directed,1,1,dialectic,bavli,eruvin,eruvin.sugya366:4
1508,1242,Directed,1,1,dialectic,bavli,bava_batra,bava_batra.sugya489:1
1242,2068,Directed,1,1,dialectic,bavli,kiddushin,kiddushin.sugya251:0
2647,1275,Directed,1,1,dialectic,bavli,chullin,chullin.sugya182:54
2398,1275,Directed,1,1,dialectic,bavli,gittin,gittin.sugya098:19
1275,2398,Directed,1,1,dialectic,bavli,gittin,gittin.sugya098:22
1279,2578,Directed,1,1,dialectic,bavli,niddah,niddah.sugya344:21
128,2578,Directed,1,1,dialectic,bavli,shabbat,shabbat.sugya279:18
1287,1814,Directed,1,1,dialectic,bavli,bava_metzia,bava_metzia.sugya364:49
1287,1570,Directed,1,1,dialectic,bavli,bava_metzia,bava_metzia.sugya364:50
2518,1287,Directed,1,1,dialectic,bavli,bava_metzia,bava_metzia.sugya364:53
2285,1287,Directed,1,1,dialectic,bavli,chullin,chullin.sugya282:148
1287,2581,Directed,1,1,dialectic,bavli,shabbat,shabbat.sugya775:29
571,1287,Directed,1,1,dialectic,bavli,shabbat,shabbat.sugya775:36
2582,129,Directed,1,1,dialectic,bavli,nedarim,nedarim.sugya138:1
2443,129,Directed,1,1,dialectic,bavli,shevuot,shevuot.sugya105:30
1290,2533,Directed,1,1,dialectic,bavli,bava_batra,bava_batra.sugya429:10
1290,1807,Directed,1,1,dialectic,bavli,menachot,menachot.sugya091:90
2763,13,Directed,1,1,dialectic,bavli,rosh_hashanah,rosh_hashanah.sugya038:65
1305,571,Directed,1,1,dialectic,bavli,gittin,gittin.sugya377:5
1305,1814,Directed,1,1,dialectic,bavli,shabbat,shabbat.sugya157:22
1345,1318,Directed,1,1,dialectic,bavli,avodah_zarah,avodah_zarah.sugya029:10
2582,1319,Directed,1,1,dialectic,bavli,bava_batra,bava_batra.sugya527:18
1327,571,Directed,1,1,dialectic,bavli,beitzah,beitzah.sugya152:4
2183,1345,Directed,1,1,dialectic,bavli,arakhin,arakhin.sugya129:37
1345,1395,Directed,1,1,dialectic,bavli,avodah_zarah,avodah_zarah.sugya092:52
1876,1345,Directed,1,1,dialectic,bavli,bava_batra,bava_batra.sugya098:0
1345,1876,Directed,1,1,dialectic,bavli,bava_batra,bava_batra.sugya099:0
1345,343,Directed,1,1,dialectic,bavli,bava_batra,bava_batra.sugya117:2
2631,1345,Directed,1,1,dialectic,bavli,bava_kamma,bava_kamma.sugya440:9
1345,2852,Directed,1,1,dialectic,bavli,bava_metzia,bava_metzia.sugya449:0
284,1345,Directed,1,1,dialectic,bavli,bava_metzia,bava_metzia.sugya361:1
1345,284,Directed,1,1,dialectic,bavli,bava_metzia,bava_metzia.sugya361:2
1345,2594,Directed,1,1,dialectic,bavli,berakhot,berakhot.sugya090:6
283,1345,Directed,1,1,dialectic,bavli,chullin,chullin.sugya306:39
1345,283,Directed,1,1,dialectic,bavli,chullin,chullin.sugya306:41
1345,2341,Directed,1,1,dialectic,bavli,chullin,chullin.sugya282:151
92,1345,Directed,1,1,dialectic,bavli,eruvin,eruvin.sugya213:25
514,1345,Directed,1,1,dialectic,bavli,gittin,gittin.sugya027:13
842,1345,Directed,1,1,dialectic,bavli,gittin,gittin.sugya112:19
2596,1345,Directed,1,1,dialectic,bavli,gittin,gittin.sugya141:107
1345,66,Directed,1,1,dialectic,bavli,gittin,gittin.sugya004:101
1345,467,Directed,1,1,dialectic,bavli,ketubot,ketubot.sugya170:52
1345,913,Directed,1,1,dialectic,bavli,moed_katan,moed_katan.sugya040:3
2934,1345,Directed,1,1,dialectic,bavli,nazir,nazir.sugya179:0
1345,1689,Directed,1,1,dialectic,bavli,nedarim,nedarim.sugya114:35
291,1345,Directed,1,1,dialectic,bavli,pesachim,pesachim.sugya074:59
2174,1345,Directed,1,1,dialectic,bavli,pesachim,pesachim.sugya129:26
2527,1345,Directed,1,1,dialectic,bavli,pesachim,pesachim.sugya129:35
918,1345,Directed,1,1,dialectic,bavli,pesachim,pesachim.sugya202:44
312,1345,Directed,1,1,dialectic,bavli,pesachim,pesachim.sugya263:12
1345,312,Directed,1,1,dialectic,bavli,pesachim,pesachim.sugya263:16
2646,1345,Directed,1,1,dialectic,bavli,rosh_hashanah,rosh_hashanah.sugya004:172
194,1345,Directed,1,1,dialectic,bavli,sanhedrin,sanhedrin.sugya275:2
1345,194,Directed,1,1,dialectic,bavli,sanhedrin,sanhedrin.sugya275:4
2612,1345,Directed,1,1,dialectic,bavli,shabbat,shabbat.sugya026:22
1345,2612,Directed,1,1,dialectic,bavli,shabbat,shabbat.sugya026:23
1345,292,Directed,1,1,dialectic,bavli,shabbat,shabbat.sugya269:3
2627,1345,Directed,1,1,dialectic,bavli,shabbat,shabbat.sugya473:18
1345,2627,Directed,1,1,dialectic,bavli,shabbat,shabbat.sugya473:19
917,1345,Directed,1,1,dialectic,bavli,shevuot,shevuot.sugya223:12
1345,571,Directed,1,1,dialectic,bavli,taanit,taanit.sugya125:2
1345,2556,Directed,1,1,dialectic,bavli,yoma,yoma.sugya167:54
2646,1351,Directed,1,1,dialectic,bavli,bava_metzia,bava_metzia.sugya193:72
1351,2646,Directed,1,1,dialectic,bavli,bava_metzia,bava_metzia.sugya193:73
1351,2582,Directed,1,1,dialectic,bavli,chullin,chullin.sugya110:120
1362,139,Directed,1,1,dialectic,bavli,shabbat,shabbat.sugya572:36
139,1362,Directed,1,1,dialectic,bavli,shabbat,shabbat.sugya572:37
1364,1764,Directed,1,1,dialectic,bavli,beitzah,beitzah.sugya036:3
1764,1364,Directed,1,1,dialectic,bavli,beitzah,beitzah.sugya036:4
1364,2578,Directed,1,1,dialectic,bavli,rosh_hashanah,rosh_hashanah.sugya034:45
2472,1378,Directed,1,1,dialectic,bavli,gittin,gittin.sugya212:80
1378,2472,Directed,1,1,dialectic,bavli,gittin,gittin.sugya212:81
2852,1383,Directed,1,1,dialectic,bavli,makkot,makkot.sugya034:2
2920,1383,Directed,1,1,dialectic,bavli,menachot,menachot.sugya091:76
1383,2920,Directed,1,1,dialectic,bavli,menachot,menachot.sugya091:77
1465,1383,Directed,1,1,dialectic,bavli,menachot,menachot.sugya189:1
1383,1465,Directed,1,1,dialectic,bavli,menachot,menachot.sugya189:2
1395,1383,Directed,1,1,dialectic,bavli,nedarim,nedarim.sugya150:16
1593,1383,Directed,1,1,dialectic,bavli,shabbat,shabbat.sugya130:4
1383,484,Directed,1,1,dialectic,bavli,yoma,yoma.sugya257:143
484,1383,Directed,1,1,dialectic,bavli,yoma,yoma.sugya257:144
322,1385,Directed,1,1,dialectic,bavli,gittin,gittin.sugya150:10
1385,467,Directed,1,1,dialectic,bavli,sotah,sotah.sugya110:4
139,1394,Directed,1,1,dialectic,bavli,bava_metzia,bava_metzia.sugya450:2
1394,139,Directed,1,1,dialectic,bavli,bava_metzia,bava_metzia.sugya450:4
139,465,Directed,1,1,dialectic,bavli,ketubot,ketubot.sugya188:0
867,139,Directed,1,1,dialectic,bavli,kiddushin,kiddushin.sugya036:20
139,2957,Directed,1,1,dialectic,bavli,nedarim,nedarim.sugya187:11
139,918,Directed,1,1,dialectic,bavli,niddah,niddah.sugya156:45
139,1689,Directed,1,1,dialectic,bavli,niddah,niddah.sugya356:35
895,139,Directed,1,1,dialectic,bavli,shabbat,shabbat.sugya330:12
139,2409,Directed,1,1,dialectic,bavli,yevamot,yevamot.sugya284:71
2298,139,Directed,1,1,dialectic,bavli,yoma,yoma.sugya011:23
1392,917,Directed,1,1,dialectic,bavli,eruvin,eruvin.sugya092:1
917,1392,Directed,1,1,dialectic,bavli,eruvin,eruvin.sugya092:4
2582,1392,Directed,1,1,dialectic,bavli,eruvin,eruvin.sugya254:21
1392,2830,Directed,1,1,dialectic,bavli,kiddushin,kiddushin.sugya227:24
1764,1392,Directed,1,1,dialectic,bavli,kiddushin,kiddushin.sugya227:25
2581,1392,Directed,1,1,dialectic,bavli,kiddushin,kiddushin.sugya227:30
993,1394,Directed,1,1,dialectic,bavli,bava_batra,bava_batra.sugya316:25
1954,1394,Directed,1,1,dialectic,bavli,bava_kamma,bava_kamma.sugya394:20
1394,1954,Directed,1,1,dialectic,bavli,bava_kamma,bava_kamma.sugya394:22
1394,2582,Directed,1,1,dialectic,bavli,bava_kamma,bava_kamma.sugya438:7
2518,1394,Directed,1,1,dialectic,bavli,bava_metzia,bava_metzia.sugya240:43
312,1394,Directed,1,1,dialectic,bavli,bava_metzia,bava_metzia.sugya366:63
1659,1394,Directed,1,1,dialectic,bavli,berakhot,berakhot.sugya089:11
267,1394,Directed,1,1,dialectic,bavli,eruvin,eruvin.sugya185:9
787,1394,Directed,1,1,dialectic,bavli,eruvin,eruvin.sugya243:19
1394,787,Directed,1,1,dialectic,bavli,eruvin,eruvin.sugya243:21
1394,911,Directed,1,1,dialectic,bavli,ketubot,ketubot.sugya047:2
1394,1570,Directed,1,1,dialectic,bavli,kiddushin,kiddushin.sugya158:91
1570,1394,Directed,1,1,dialectic,bavli,kiddushin,kiddushin.sugya158:92
1394,2225,Directed,1,1,dialectic,bavli,kiddushin,kiddushin.sugya294:71
1877,1394,Directed,1,1,dialectic,bavli,megillah,megillah.sugya115:19
1394,1877,Directed,1,1,dialectic,bavli,megillah,megillah.sugya115:20
2609,1394,Directed,1,1,dialectic,bavli,moed_katan,moed_katan.sugya020:3
2298,1394,Directed,1,1,dialectic,bavli,shabbat,shabbat.sugya207:1
1394,977,Directed,1,1,dialectic,bavli,shevuot,shevuot.sugya143:23
977,1394,Directed,1,1,dialectic,bavli,shevuot,shevuot.sugya143:24
1885,1394,Directed,1,1,dialectic,bavli,taanit,taanit.sugya027:68
1394,2938,Directed,1,1,dialectic,bavli,yevamot,yevamot.sugya003:125
286,1394,Directed,1,1,dialectic,bavli,yoma,yoma.sugya251:47
2686,1394,Directed,1,1,dialectic,bavli,yoma,yoma.sugya260:47
1394,2686,Directed,1,1,dialectic,bavli,yoma,yoma.sugya260:49
2744,1395,Directed,1,1,dialectic,bavli,bava_kamma,bava_kamma.sugya387:19
2888,1395,Directed,1,1,dialectic,bavli,berakhot,berakhot.sugya490:8
2977,1395,Directed,1,1,dialectic,bavli,berakhot,berakhot.sugya506:2
47,1395,Directed,1,1,dialectic,bavli,chullin,chullin.sugya441:1
2861,1395,Directed,1,1,dialectic,bavli,chullin,chullin.sugya172:68
885,1395,Directed,1,1,dialectic,bavli,chullin,chullin.sugya186:46
1395,1527,Directed,1,1,dialectic,bavli,keritot,keritot.sugya097:6
239,1395,Directed,1,1,dialectic,bavli,keritot,keritot.sugya104:16
1952,1395,Directed,1,1,dialectic,bavli,ketubot,ketubot.sugya130:113
2938,1395,Directed,1,1,dialectic,bavli,ketubot,ketubot.sugya174:4
1885,1395,Directed,1,1,dialectic,bavli,makkot,makkot.sugya130:1
92,1395,Directed,1,1,dialectic,bavli,moed_katan,moed_katan.sugya091:39
1508,1395,Directed,1,1,dialectic,bavli,moed_katan,moed_katan.sugya026:28
1395,2361,Directed,1,1,dialectic,bavli,nazir,nazir.sugya161:4
451,1395,Directed,1,1,dialectic,bavli,pesachim,pesachim.sugya002:48
1395,451,Directed,1,1,dialectic,bavli,pesachim,pesachim.sugya002:49
391,1395,Directed,1,1,dialectic,bavli,pesachim,pesachim.sugya333:12
2763,1395,Directed,1,1,dialectic,bavli,shevuot,shevuot.sugya020:1
2465,1395,Directed,1,1,dialectic,bavli,sotah,sotah.sugya114:22
478,1395,Directed,1,1,dialectic,bavli,sotah,sotah.sugya204:15
215,1395,Directed,1,1,dialectic,bavli,taanit,taanit.sugya055:1
895,1395,Directed,1,1,dialectic,bavli,yevamot,yevamot.sugya224:3
495,1395,Directed,1,1,dialectic,bavli,yevamot,yevamot.sugya302:1
2879,1395,Directed,1,1,dialectic,bavli,yevamot,yevamot.sugya357:33
1395,2266,Directed,1,1,dialectic,bavli,zevachim,zevachim.sugya358:93
140,6,Directed,1,1,dialectic,bavli,chullin,chullin.sugya074:51
140,2763,Directed,1,1,dialectic,bavli,chullin,chullin.sugya074:53
602,140,Directed,1,1,dialectic,bavli,ketubot,ketubot.sugya083:94
140,239,Directed,1,1,dialectic,bavli,nedarim,nedarim.sugya077:20
140,1593,Directed,1,1,dialectic,bavli,shabbat,shabbat.sugya614:31
140,2578,Directed,1,1,dialectic,bavli,shabbat,shabbat.sugya028:8
2647,140,Directed,1,1,dialectic,bavli,zevachim,zevachim.sugya377:19
1418,2912,Directed,1,1,dialectic,bavli,beitzah,beitzah.sugya092:4
2912,1418,Directed,1,1,dialectic,bavli,beitzah,beitzah.sugya092:5
2578,1418,Directed,1,1,dialectic,bavli,eruvin,eruvin.sugya281:19
2602,1423,Directed,1,1,dialectic,bavli,ketubot,ketubot.sugya269:1
2582,1423,Directed,1,1,dialectic,bavli,menachot,menachot.sugya179:51
1423,447,Directed,1,1,dialectic,bavli,sanhedrin,sanhedrin.sugya494:123
143,1570,Directed,1,1,dialectic,bavli,menachot,menachot.sugya076:12
2582,143,Directed,1,1,dialectic,bavli,zevachim,zevachim.sugya323:20
297,1447,Directed,1,1,dialectic,bavli,chagigah,chagigah.sugya066:10
2898,1447,Directed,1,1,dialectic,bavli,chagigah,chagigah.sugya066:5
1447,2898,Directed,1,1,dialectic,bavli,chagigah,chagigah.sugya066:7
1468,977,Directed,1,1,dialectic,bavli,berakhot,berakhot.sugya476:18
977,1468,Directed,1,1,dialectic,bavli,berakhot,berakhot.sugya476:20
2068,1480,Directed,1,1,dialectic,bavli,nazir,nazir.sugya181:4
417,1480,Directed,1,1,dialectic,bavli,nazir,nazir.sugya181:9
1570,1492,Directed,1,1,dialectic,bavli,bava_batra,bava_batra.sugya383:3
1492,1570,Directed,1,1,dialectic,bavli,bava_batra,bava_batra.sugya383:5
1493,1508,Directed,1,1,dialectic,bavli,chullin,chullin.sugya003:198
2518,1493,Directed,1,1,dialectic,bavli,menachot,menachot.sugya007:10
1493,1952,Directed,1,1,dialectic,bavli,menachot,menachot.sugya007:7
2298,1494,Directed,1,1,dialectic,bavli,gittin,gittin.sugya369:5
2285,1507,Directed,1,1,dialectic,bavli,menachot,menachot.sugya010:57
2881,1508,Directed,1,1,dialectic,bavli,beitzah,beitzah.sugya133:13
1544,1508,Directed,1,1,dialectic,bavli,berakhot,berakhot.sugya010:17
1885,1508,Directed,1,1,dialectic,bavli,berakhot,berakhot.sugya389:10
2846,1508,Directed,1,1,dialectic,bavli,gittin,gittin.sugya327:11
2491,1508,Directed,1,1,dialectic,bavli,menachot,menachot.sugya095:140
2453,1508,Directed,1,1,dialectic,bavli,moed_katan,moed_katan.sugya091:0
1695,1508,Directed,1,1,dialectic,bavli,nazir,nazir.sugya063:74
1657,1508,Directed,1,1,dialectic,bavli,niddah,niddah.sugya354:6
2830,1508,Directed,1,1,dialectic,bavli,niddah,niddah.sugya354:7
17,1508,Directed,1,1,dialectic,bavli,pesachim,pesachim.sugya379:8
1508,17,Directed,1,1,dialectic,bavli,pesachim,pesachim.sugya379:9
312,1508,Directed,1,1,dialectic,bavli,pesachim,pesachim.sugya263:11
286,1508,Directed,1,1,dialectic,bavli,pesachim,pesachim.sugya345:28
1508,447,Directed,1,1,dialectic,bavli,sanhedrin,sanhedrin.sugya010:18
1508,1695,Directed,1,1,dialectic,bavli,shabbat,shabbat.sugya683:23
1508,2861,Directed,1,1,dialectic,bavli,shabbat,shabbat.sugya935:50
2861,1508,Directed,1,1,dialectic,bavli,shabbat,shabbat.sugya935:51
1508,371,Directed,1,1,dialectic,bavli,taanit,taanit.sugya099:61
371,1508,Directed,1,1,dialectic,bavli,taanit,taanit.sugya099:62
2618,1508,Directed,1,1,dialectic,bavli,yoma,yoma.sugya008:58
1508,1742,Directed,1,1,dialectic,bavli,zevachim,zevachim.sugya379:0
2298,1509,Directed,1,1,dialectic,bavli,eruvin,eruvin.sugya279:16
2923,1512,Directed,1,1,dialectic,bavli,nazir,nazir.sugya165:51
1512,2578,Directed,1,1,dialectic,bavli,sotah,sotah.sugya018:17
2206,1512,Directed,1,1,dialectic,bavli,sotah,sotah.sugya018:18
1527,1583,Directed,1,1,dialectic,bavli,bava_batra,bava_batra.sugya034:67
1527,1577,Directed,1,1,dialectic,bavli,chagigah,chagigah.sugya006:39
1527,489,Directed,1,1,dialectic,bavli,chagigah,chagigah.sugya006:40
1527,1593,Directed,1,1,dialectic,bavli,eruvin,eruvin.sugya016:51
2285,1527,Directed,1,1,dialectic,bavli,nazir,nazir.sugya190:3
495,1527,Directed,1,1,dialectic,bavli,nedarim,nedarim.sugya251:6
368,1527,Directed,1,1,dialectic,bavli,pesachim,pesachim.sugya091:25
1527,368,Directed,1,1,dialectic,bavli,pesachim,pesachim.sugya091:26
1527,2068,Directed,1,1,dialectic,bavli,sanhedrin,sanhedrin.sugya502:59
2068,1527,Directed,1,1,dialectic,bavli,sanhedrin,sanhedrin.sugya502:61
1527,2205,Directed,1,1,dialectic,bavli,temurah,temurah.sugya061:74
1885,1533,Directed,1,1,dialectic,bavli,nazir,nazir.sugya142:23
1533,1885,Directed,1,1,dialectic,bavli,nazir,nazir.sugya142:25
1536,2465,Directed,1,1,dialectic,bavli,yevamot,yevamot.sugya290:4
286,1544,Directed,1,1,dialectic,bavli,bava_batra,bava_batra.sugya090:10
1544,467,Directed,1,1,dialectic,bavli,berakhot,berakhot.sugya152:1
1657,1544,Directed,1,1,dialectic,bavli,berakhot,berakhot.sugya019:0
1544,485,Directed,1,1,dialectic,bavli,chullin,chullin.sugya165:4
485,1544,Directed,1,1,dialectic,bavli,chullin,chullin.sugya165:5
341,1544,Directed,1,1,dialectic,bavli,eruvin,eruvin.sugya252:3
2839,1544,Directed,1,1,dialectic,bavli,gittin,gittin.sugya002:149
1544,2839,Directed,1,1,dialectic,bavli,gittin,gittin.sugya002:150
495,1544,Directed,1,1,dialectic,bavli,gittin,gittin.sugya404:6
1544,2830,Directed,1,1,dialectic,bavli,ketubot,ketubot.sugya342:45
1903,1544,Directed,1,1,dialectic,bavli,menachot,menachot.sugya401:13
977,1544,Directed,1,1,dialectic,bavli,niddah,niddah.sugya191:29
2581,1544,Directed,1,1,dialectic,bavli,shabbat,shabbat.sugya108:1
2174,1544,Directed,1,1,dialectic,bavli,zevachim,zevachim.sugya033:15
2879,1544,Directed,1,1,dialectic,bavli,zevachim,zevachim.sugya033:7
478,1556,Directed,1,1,dialectic,bavli,bava_metzia,bava_metzia.sugya357:19
1556,478,Directed,1,1,dialectic,bavli,bava_metzia,bava_metzia.sugya357:20
1570,1556,Directed,1,1,dialectic,bavli,shabbat,shabbat.sugya922:13
1560,2465,Directed,1,1,dialectic,bavli,eruvin,eruvin.sugya076:31
2465,1560,Directed,1,1,dialectic,bavli,eruvin,eruvin.sugya076:32
157,2938,Directed,1,1,dialectic,bavli,yevamot,yevamot.sugya459:6
2582,157,Directed,1,1,dialectic,bavli,yevamot,yevamot.sugya308:10
157,2578,Directed,1,1,dialectic,bavli,yevamot,yevamot.sugya308:7
927,1570,Directed,1,1,dialectic,bavli,avodah_zarah,avodah_zarah.sugya083:171
1570,2991,Directed,1,1,dialectic,bavli,avodah_zarah,avodah_zarah.sugya105:44
2617,1570,Directed,1,1,dialectic,bavli,bava_batra,bava_batra.sugya532:1
1570,2617,Directed,1,1,dialectic,bavli,bava_batra,bava_batra.sugya532:2
1570,687,Directed,1,1,dialectic,bavli,bava_batra,bava_batra.sugya171:18
687,1570,Directed,1,1,dialectic,bavli,bava_batra,bava_batra.sugya171:19
1570,2709,Directed,1,1,dialectic,bavli,bava_kamma,bava_kamma.sugya481:56
2165,1570,Directed,1,1,dialectic,bavli,bava_metzia,bava_metzia.sugya364:72
270,1570,Directed,1,1,dialectic,bavli,bekhorot,bekhorot.sugya284:8
1657,1570,Directed,1,1,dialectic,bavli,berakhot,berakhot.sugya288:15
2160,1570,Directed,1,1,dialectic,bavli,berakhot,berakhot.sugya016:14
2627,1570,Directed,1,1,dialectic,bavli,berakhot,berakhot.sugya053:23
1570,1576,Directed,1,1,dialectic,bavli,eruvin,eruvin.sugya101:20
2237,1570,Directed,1,1,dialectic,bavli,eruvin,eruvin.sugya258:38
913,1570,Directed,1,1,dialectic,bavli,eruvin,eruvin.sugya260:11
895,1570,Directed,1,1,dialectic,bavli,keritot,keritot.sugya012:44
1570,1979,Directed,1,1,dialectic,bavli,ketubot,ketubot.sugya491:51
2873,1570,Directed,1,1,dialectic,bavli,ketubot,ketubot.sugya003:239
1570,2873,Directed,1,1,dialectic,bavli,ketubot,ketubot.sugya003:241
2830,1570,Directed,1,1,dialectic,bavli,kiddushin,kiddushin.sugya275:0
194,1570,Directed,1,1,dialectic,bavli,makkot,makkot.sugya148:5
1570,2852,Directed,1,1,dialectic,bavli,megillah,megillah.sugya040:4
2075,1570,Directed,1,1,dialectic,bavli,menachot,menachot.sugya056:7
1570,2075,Directed,1,1,dialectic,bavli,menachot,menachot.sugya056:8
2596,1570,Directed,1,1,dialectic,bavli,menachot,menachot.sugya146:3
256,1570,Directed,1,1,dialectic,bavli,menachot,menachot.sugya010:149
276,1570,Directed,1,1,dialectic,bavli,menachot,menachot.sugya203:9
1570,2716,Directed,1,1,dialectic,bavli,menachot,menachot.sugya215:30
1570,478,Directed,1,1,dialectic,bavli,menachot,menachot.sugya217:18
1570,1695,Directed,1,1,dialectic,bavli,menachot,menachot.sugya312:1
2140,1570,Directed,1,1,dialectic,bavli,menachot,menachot.sugya338:4
1663,1570,Directed,1,1,dialectic,bavli,menachot,menachot.sugya380:35
2093,1570,Directed,1,1,dialectic,bavli,menachot,menachot.sugya013:5
2763,1570,Directed,1,1,dialectic,bavli,moed_katan,moed_katan.sugya093:17
2344,1570,Directed,1,1,dialectic,bavli,nazir,nazir.sugya165:9
2824,1570,Directed,1,1,dialectic,bavli,pesachim,pesachim.sugya202:59
2865,1570,Directed,1,1,dialectic,bavli,sanhedrin,sanhedrin.sugya140:31
1570,2865,Directed,1,1,dialectic,bavli,sanhedrin,sanhedrin.sugya140:33
2845,1570,Directed,1,1,dialectic,bavli,sanhedrin,sanhedrin.sugya166:14
286,1570,Directed,1,1,dialectic,bavli,sanhedrin,sanhedrin.sugya008:43
2206,1570,Directed,1,1,dialectic,bavli,sanhedrin,sanhedrin.sugya341:18
2340,1570,Directed,1,1,dialectic,bavli,shabbat,shabbat.sugya582:5
1570,2340,Directed,1,1,dialectic,bavli,shabbat,shabbat.sugya582:6
1570,1952,Directed,1,1,dialectic,bavli,shabbat,shabbat.sugya317:14
2041,1570,Directed,1,1,dialectic,bavli,sukkah,sukkah.sugya177:51
1570,371,Directed,1,1,dialectic,bavli,taanit,taanit.sugya080:34
371,1570,Directed,1,1,dialectic,bavli,taanit,taanit.sugya080:35
600,1570,Directed,1,1,dialectic,bavli,zevachim,zevachim.sugya377:53
918,1570,Directed,1,1,dialectic,bavli,zevachim,zevachim.sugya419:31
917,1570,Directed,1,1,dialectic,bavli,zevachim,zevachim.sugya246:62
895,1577,Directed,1,1,dialectic,bavli,sukkah,sukkah.sugya174:1
417,1583,Directed,1,1,dialectic,bavli,bava_batra,bava_batra.sugya034:60
829,1583,Directed,1,1,dialectic,bavli,bava_batra,bava_batra.sugya034:70
2260,1583,Directed,1,1,dialectic,bavli,bava_batra,bava_batra.sugya034:77
255,1583,Directed,1,1,dialectic,bavli,bekhorot,bekhorot.sugya008:100
466,1583,Directed,1,1,dialectic,bavli,chagigah,chagigah.sugya060:134
1583,466,Directed,1,1,dialectic,bavli,chagigah,chagigah.sugya060:135
1583,634,Directed,1,1,dialectic,bavli,menachot,menachot.sugya112:39
2582,1583,Directed,1,1,dialectic,bavli,menachot,menachot.sugya179:44
1583,800,Directed,1,1,dialectic,bavli,rosh_hashanah,rosh_hashanah.sugya114:2
2852,1593,Directed,1,1,dialectic,bavli,yevamot,yevamot.sugya015:86
1615,368,Directed,1,1,dialectic,bavli,avodah_zarah,avodah_zarah.sugya035:41
368,1615,Directed,1,1,dialectic,bavli,avodah_zarah,avodah_zarah.sugya035:42
1615,602,Directed,1,1,dialectic,bavli,keritot,keritot.sugya002:45
1615,2075,Directed,1,1,dialectic,bavli,nedarim,nedarim.sugya010:20
1615,2763,Directed,1,1,dialectic,bavli,niddah,niddah.sugya036:3
304,1615,Directed,1,1,dialectic,bavli,yevamot,yevamot.sugya002:103
2582,1615,Directed,1,1,dialectic,bavli,zevachim,zevachim.sugya013:20
1624,1979,Directed,1,1,dialectic,bavli,bava_kamma,bava_kamma.sugya421:68
1624,2368,Directed,1,1,dialectic,bavli,bava_metzia,bava_metzia.sugya366:26
2368,1624,Directed,1,1,dialectic,bavli,bava_metzia,bava_metzia.sugya366:28
2518,1624,Directed,1,1,dialectic,bavli,bekhorot,bekhorot.sugya333:5
286,1624,Directed,1,1,dialectic,bavli,eruvin,eruvin.sugya062:3
571,1624,Directed,1,1,dialectic,bavli,eruvin,eruvin.sugya062:7
2206,1624,Directed,1,1,dialectic,bavli,horayot,horayot.sugya012:82
1624,1657,Directed,1,1,dialectic,bavli,sanhedrin,sanhedrin.sugya335:27
2031,1624,Directed,1,1,dialectic,bavli,sotah,sotah.sugya052:12
1814,1640,Directed,1,1,dialectic,bavli,avodah_zarah,avodah_zarah.sugya137:74
1657,2361,Directed,1,1,dialectic,bavli,bava_batra,bava_batra.sugya042:6
2938,1657,Directed,1,1,dialectic,bavli,bekhorot,bekhorot.sugya098:10
2206,1657,Directed,1,1,dialectic,bavli,eruvin,eruvin.sugya216:49
270,1657,Directed,1,1,dialectic,bavli,makkot,makkot.sugya123:2
571,1657,Directed,1,1,dialectic,bavli,makkot,makkot.sugya123:3
2830,1657,Directed,1,1,dialectic,bavli,meilah,meilah.sugya056:19
1657,2231,Directed,1,1,dialectic,bavli,nazir,nazir.sugya226:4
2231,1657,Directed,1,1,dialectic,bavli,nazir,nazir.sugya226:5
1657,417,Directed,1,1,dialectic,bavli,pesachim,pesachim.sugya343:1
1657,2465,Directed,1,1,dialectic,bavli,sanhedrin,sanhedrin.sugya219:40
194,1657,Directed,1,1,dialectic,bavli,sanhedrin,sanhedrin.sugya433:0
1689,1657,Directed,1,1,dialectic,bavli,shabbat,shabbat.sugya592:22
2618,1657,Directed,1,1,dialectic,bavli,yevamot,yevamot.sugya284:64
895,1657,Directed,1,1,dialectic,bavli,zevachim,zevachim.sugya388:1
1659,2225,Directed,1,1,dialectic,bavli,berakhot,berakhot.sugya089:8
1663,485,Directed,1,1,dialectic,bavli,berakhot,berakhot.sugya102:11
1663,417,Directed,1,1,dialectic,bavli,berakhot,berakhot.sugya102:12
1663,2582,Directed,1,1,dialectic,bavli,chullin,chullin.sugya151:0
1663,1689,Directed,1,1,dialectic,bavli,ketubot,ketubot.sugya130:12
1663,895,Directed,1,1,dialectic,bavli,zevachim,zevachim.sugya231:9
1670,2870,Directed,1,1,dialectic,bavli,bava_metzia,bava_metzia.sugya357:114
417,1679,Directed,1,1,dialectic,bavli,chagigah,chagigah.sugya006:58
1679,417,Directed,1,1,dialectic,bavli,chagigah,chagigah.sugya006:59
2846,1683,Directed,1,1,dialectic,bavli,chullin,chullin.sugya172:89
1684,2681,Directed,1,1,dialectic,bavli,zevachim,zevachim.sugya231:2
895,1684,Directed,1,1,dialectic,bavli,zevachim,zevachim.sugya231:4
1689,2578,Directed,1,1,dialectic,bavli,bava_batra,bava_batra.sugya071:7
1689,239,Directed,1,1,dialectic,bavli,bava_batra,bava_batra.sugya071:8
343,1689,Directed,1,1,dialectic,bavli,bava_kamma,bava_kamma.sugya394:30
2518,1689,Directed,1,1,dialectic,bavli,bava_kamma,bava_kamma.sugya394:36
918,1689,Directed,1,1,dialectic,bavli,bava_kamma,bava_kamma.sugya394:37
1689,2068,Directed,1,1,dialectic,bavli,yoma,yoma.sugya005:108
1689,1952,Directed,1,1,dialectic,bavli,zevachim,zevachim.sugya389:14
2582,1695,Directed,1,1,dialectic,bavli,menachot,menachot.sugya179:50
2586,17,Directed,1,1,dialectic,bavli,ketubot,ketubot.sugya102:8
2578,17,Directed,1,1,dialectic,bavli,ketubot,ketubot.sugya162:0
17,2578,Directed,1,1,dialectic,bavli,ketubot,ketubot.sugya162:2
1764,171,Directed,1,1,dialectic,bavli,gittin,gittin.sugya004:52
1725,417,Directed,1,1,dialectic,bavli,eruvin,eruvin.sugya021:4
417,1725,Directed,1,1,dialectic,bavli,eruvin,eruvin.sugya021:5
173,2763,Directed,1,1,dialectic,bavli,shabbat,shabbat.sugya766:6
2763,173,Directed,1,1,dialectic,bavli,shabbat,shabbat.sugya766:7
255,1742,Directed,1,1,dialectic,bavli,bekhorot,bekhorot.sugya010:27
1742,789,Directed,1,1,dialectic,bavli,eruvin,eruvin.sugya210:0
2582,1742,Directed,1,1,dialectic,bavli,gittin,gittin.sugya364:9
2409,1742,Directed,1,1,dialectic,bavli,horayot,horayot.sugya053:0
1885,1742,Directed,1,1,dialectic,bavli,sukkah,sukkah.sugya065:19
478,1742,Directed,1,1,dialectic,bavli,zevachim,zevachim.sugya379:2
1979,1742,Directed,1,1,dialectic,bavli,zevachim,zevachim.sugya185:14
59,1745,Directed,1,1,dialectic,bavli,rosh_hashanah,rosh_hashanah.sugya029:57
1745,624,Directed,1,1,dialectic,bavli,rosh_hashanah,rosh_hashanah.sugya031:163
1764,923,Directed,1,1,dialectic,bavli,avodah_zarah,avodah_zarah.sugya149:6
2445,1764,Directed,1,1,dialectic,bavli,avodah_zarah,avodah_zarah.sugya206:41
1764,2445,Directed,1,1,dialectic,bavli,avodah_zarah,avodah_zarah.sugya206:42
1764,2800,Directed,1,1,dialectic,bavli,bava_batra,bava_batra.sugya401:37
2627,1764,Directed,1,1,dialectic,bavli,bava_batra,bava_batra.sugya401:39
1764,2296,Directed,1,1,dialectic,bavli,bava_batra,bava_batra.sugya149:5
1764,571,Directed,1,1,dialectic,bavli,bava_kamma,bava_kamma.sugya494:0
911,1764,Directed,1,1,dialectic,bavli,bava_kamma,bava_kamma.sugya517:10
2521,1764,Directed,1,1,dialectic,bavli,bava_metzia,bava_metzia.sugya473:12
2668,1764,Directed,1,1,dialectic,bavli,bava_metzia,bava_metzia.sugya101:18
1764,2668,Directed,1,1,dialectic,bavli,bava_metzia,bava_metzia.sugya101:19
2763,1764,Directed,1,1,dialectic,bavli,berakhot,berakhot.sugya184:41
1764,842,Directed,1,1,dialectic,bavli,berakhot,berakhot.sugya197:20
1764,2586,Directed,1,1,dialectic,bavli,chullin,chullin.sugya362:29
2735,1764,Directed,1,1,dialectic,bavli,chullin,chullin.sugya082:38
1764,1915,Directed,1,1,dialectic,bavli,chullin,chullin.sugya208:51
1764,913,Directed,1,1,dialectic,bavli,eruvin,eruvin.sugya039:1
1764,600,Directed,1,1,dialectic,bavli,eruvin,eruvin.sugya290:2
1764,1781,Directed,1,1,dialectic,bavli,eruvin,eruvin.sugya336:5
1764,2788,Directed,1,1,dialectic,bavli,gittin,gittin.sugya120:23
2744,1764,Directed,1,1,dialectic,bavli,keritot,keritot.sugya026:21
2130,1764,Directed,1,1,dialectic,bavli,ketubot,ketubot.sugya364:30
276,1764,Directed,1,1,dialectic,bavli,kiddushin,kiddushin.sugya036:44
1764,276,Directed,1,1,dialectic,bavli,kiddushin,kiddushin.sugya036:45
2198,1764,Directed,1,1,dialectic,bavli,kiddushin,kiddushin.sugya308:4
194,1764,Directed,1,1,dialectic,bavli,kiddushin,kiddushin.sugya312:5
1764,194,Directed,1,1,dialectic,bavli,kiddushin,kiddushin.sugya312:6
534,1764,Directed,1,1,dialectic,bavli,meilah,meilah.sugya004:18
1764,1903,Directed,1,1,dialectic,bavli,menachot,menachot.sugya401:22
2618,1764,Directed,1,1,dialectic,bavli,menachot,menachot.sugya084:33
1764,2068,Directed,1,1,dialectic,bavli,nedarim,nedarim.sugya178:1
1764,2647,Directed,1,1,dialectic,bavli,niddah,niddah.sugya158:54
207,1764,Directed,1,1,dialectic,bavli,pesachim,pesachim.sugya032:83
92,1764,Directed,1,1,dialectic,bavli,rosh_hashanah,rosh_hashanah.sugya002:88
1764,2165,Directed,1,1,dialectic,bavli,sanhedrin,sanhedrin.sugya008:72
1764,6,Directed,1,1,dialectic,bavli,sanhedrin,sanhedrin.sugya335:24
1764,1832,Directed,1,1,dialectic,bavli,shabbat,shabbat.sugya799:25
1764,2266,Directed,1,1,dialectic,bavli,shabbat,shabbat.sugya136:11
6,1764,Directed,1,1,dialectic,bavli,shabbat,shabbat.sugya136:5
1764,2594,Directed,1,1,dialectic,bavli,shabbat,shabbat.sugya192:15
2594,1764,Directed,1,1,dialectic,bavli,shabbat,shabbat.sugya192:29
219,1764,Directed,1,1,dialectic,bavli,shabbat,shabbat.sugya300:1
1764,312,Directed,1,1,dialectic,bavli,shabbat,shabbat.sugya479:52
1764,2173,Directed,1,1,dialectic,bavli,shabbat,shabbat.sugya564:8
2681,1764,Directed,1,1,dialectic,bavli,yoma,yoma.sugya129:5
1772,895,Directed,1,1,dialectic,bavli,bava_metzia,bava_metzia.sugya292:12
1779,2518,Directed,1,1,dialectic,bavli,pesachim,pesachim.sugya257:28
1784,2582,Directed,1,1,dialectic,bavli,menachot,menachot.sugya130:32
1784,194,Directed,1,1,dialectic,bavli,menachot,menachot.sugya013:1
179,2068,Directed,1,1,dialectic,bavli,chagigah,chagigah.sugya060:239
2068,179,Directed,1,1,dialectic,bavli,chagigah,chagigah.sugya060:240
2285,1802,Directed,1,1,dialectic,bavli,bava_kamma,bava_kamma.sugya201:1
1804,2646,Directed,1,1,dialectic,bavli,bava_batra,bava_batra.sugya414:64
2647,1804,Directed,1,1,dialectic,bavli,chullin,chullin.sugya136:5
1807,2582,Directed,1,1,dialectic,bavli,bava_batra,bava_batra.sugya033:36
2582,1807,Directed,1,1,dialectic,bavli,bava_batra,bava_batra.sugya033:38
1807,2161,Directed,1,1,dialectic,bavli,berakhot,berakhot.sugya432:4
1807,2879,Directed,1,1,dialectic,bavli,berakhot,berakhot.sugya432:6
1807,2518,Directed,1,1,dialectic,bavli,menachot,menachot.sugya091:85
2518,1807,Directed,1,1,dialectic,bavli,menachot,menachot.sugya091:87
2582,1814,Directed,1,1,dialectic,bavli,bava_metzia,bava_metzia.sugya261:18
2161,1814,Directed,1,1,dialectic,bavli,bava_metzia,bava_metzia.sugya364:62
2165,1814,Directed,1,1,dialectic,bavli,bava_metzia,bava_metzia.sugya364:71
2594,1814,Directed,1,1,dialectic,bavli,chullin,chullin.sugya033:25
602,1814,Directed,1,1,dialectic,bavli,eruvin,eruvin.sugya286:13
2174,1814,Directed,1,1,dialectic,bavli,menachot,menachot.sugya034:12
2681,1814,Directed,1,1,dialectic,bavli,nedarim,nedarim.sugya194:47
1952,1814,Directed,1,1,dialectic,bavli,niddah,niddah.sugya286:17
34,1814,Directed,1,1,dialectic,bavli,shabbat,shabbat.sugya710:18
1814,34,Directed,1,1,dialectic,bavli,shabbat,shabbat.sugya710:20
495,1814,Directed,1,1,dialectic,bavli,zevachim,zevachim.sugya084:71
1952,1832,Directed,1,1,dialectic,bavli,avodah_zarah,avodah_zarah.sugya036:3
1832,2575,Directed,1,1,dialectic,bavli,moed_katan,moed_katan.sugya083:25
2582,1832,Directed,1,1,dialectic,bavli,niddah,niddah.sugya129:24
1832,867,Directed,1,1,dialectic,bavli,zevachim,zevachim.sugya246:4
2938,1840,Directed,1,1,dialectic,bavli,bava_metzia,bava_metzia.sugya171:19
2582,1840,Directed,1,1,dialectic,bavli,eruvin,eruvin.sugya022:10
185,829,Directed,1,1,dialectic,bavli,avodah_zarah,avodah_zarah.sugya233:16
829,185,Directed,1,1,dialectic,bavli,avodah_zarah,avodah_zarah.sugya233:17
1854,2879,Directed,1,1,dialectic,bavli,bava_metzia,bava_metzia.sugya014:7
1854,51,Directed,1,1,dialectic,bavli,bava_metzia,bava_metzia.sugya180:7
1854,495,Directed,1,1,dialectic,bavli,ketubot,ketubot.sugya156:22
1854,535,Directed,1,1,dialectic,bavli,ketubot,ketubot.sugya156:23
1854,467,Directed,1,1,dialectic,bavli,yevamot,yevamot.sugya372:21
1869,2646,Directed,1,1,dialectic,bavli,ketubot,ketubot.sugya440:18
1877,2582,Directed,1,1,dialectic,bavli,chullin,chullin.sugya250:37
2582,1877,Directed,1,1,dialectic,bavli,chullin,chullin.sugya250:38
1878,2763,Directed,1,1,dialectic,bavli,bava_batra,bava_batra.sugya480:22
1878,2744,Directed,1,1,dialectic,bavli,ketubot,ketubot.sugya085:70
1885,895,Directed,1,1,dialectic,bavli,bava_batra,bava_batra.sugya525:16
2330,1885,Directed,1,1,dialectic,bavli,berakhot,berakhot.sugya389:14
312,1885,Directed,1,1,dialectic,bavli,chullin,chullin.sugya201:20
2398,1885,Directed,1,1,dialectic,bavli,gittin,gittin.sugya098:20
1885,2398,Directed,1,1,dialectic,bavli,gittin,gittin.sugya098:23
2174,1885,Directed,1,1,dialectic,bavli,megillah,megillah.sugya047:8
1885,467,Directed,1,1,dialectic,bavli,menachot,menachot.sugya197:14
1885,1975,Directed,1,1,dialectic,bavli,nedarim,nedarim.sugya194:1
1885,92,Directed,1,1,dialectic,bavli,pesachim,pesachim.sugya053:20
2445,1885,Directed,1,1,dialectic,bavli,shabbat,shabbat.sugya736:28
2938,1885,Directed,1,1,dialectic,bavli,shabbat,shabbat.sugya203:71
1885,2578,Directed,1,1,dialectic,bavli,shabbat,shabbat.sugya463:12
2161,1885,Directed,1,1,dialectic,bavli,yoma,yoma.sugya155:95
2581,1889,Directed,1,1,dialectic,bavli,beitzah,beitzah.sugya033:6
2647,1890,Directed,1,1,dialectic,bavli,pesachim,pesachim.sugya233:78
1890,2465,Directed,1,1,dialectic,bavli,sanhedrin,sanhedrin.sugya498:16
2582,1891,Directed,1,1,dialectic,bavli,zevachim,zevachim.sugya110:18
1891,2879,Directed,1,1,dialectic,bavli,zevachim,zevachim.sugya110:4
1892,2913,Directed,1,1,dialectic,bavli,berakhot,berakhot.sugya012:37
2582,1901,Directed,1,1,dialectic,bavli,sanhedrin,sanhedrin.sugya341:27
599,1903,Directed,1,1,dialectic,bavli,menachot,menachot.sugya401:16
1903,1952,Directed,1,1,dialectic,bavli,zevachim,zevachim.sugya055:30
1903,371,Directed,1,1,dialectic,bavli,zevachim,zevachim.sugya055:34
2518,1903,Directed,1,1,dialectic,bavli,zevachim,zevachim.sugya114:10
2646,1903,Directed,1,1,dialectic,bavli,zevachim,zevachim.sugya114:13
2582,1903,Directed,1,1,dialectic,bavli,zevachim,zevachim.sugya114:7
571,1904,Directed,1,1,dialectic,bavli,yoma,yoma.sugya260:37
255,1913,Directed,1,1,dialectic,bavli,menachot,menachot.sugya102:190
2423,1913,Directed,1,1,dialectic,bavli,shabbat,shabbat.sugya157:25
1913,2763,Directed,1,1,dialectic,bavli,shabbat,shabbat.sugya518:7
1952,1915,Directed,1,1,dialectic,bavli,avodah_zarah,avodah_zarah.sugya121:9
6,1915,Directed,1,1,dialectic,bavli,bava_batra,bava_batra.sugya516:32
1915,1952,Directed,1,1,dialectic,bavli,chullin,chullin.sugya123:37
1915,895,Directed,1,1,dialectic,bavli,gittin,gittin.sugya027:3
895,1915,Directed,1,1,dialectic,bavli,gittin,gittin.sugya027:4
1920,2582,Directed,1,1,dialectic,bavli,chullin,chullin.sugya282:155
571,1920,Directed,1,1,dialectic,bavli,menachot,menachot.sugya065:14
1952,1922,Directed,1,1,dialectic,bavli,chullin,chullin.sugya114:8
2681,1932,Directed,1,1,dialectic,bavli,chullin,chullin.sugya090:96
1932,2681,Directed,1,1,dialectic,bavli,chullin,chullin.sugya090:98
6,1932,Directed,1,1,dialectic,bavli,ketubot,ketubot.sugya048:14
1932,895,Directed,1,1,dialectic,bavli,ketubot,ketubot.sugya048:15
1932,787,Directed,1,1,dialectic,bavli,pesachim,pesachim.sugya380:151
194,2578,Directed,1,1,dialectic,bavli,arakhin,arakhin.sugya024:29
2581,194,Directed,1,1,dialectic,bavli,arakhin,arakhin.sugya039:4
194,2285,Directed,1,1,dialectic,bavli,chagigah,chagigah.sugya099:1
2928,194,Directed,1,1,dialectic,bavli,chullin,chullin.sugya323:68
982,194,Directed,1,1,dialectic,bavli,gittin,gittin.sugya361:7
194,982,Directed,1,1,dialectic,bavli,gittin,gittin.sugya361:8
205,194,Directed,1,1,dialectic,bavli,menachot,menachot.sugya007:20
194,555,Directed,1,1,dialectic,bavli,menachot,menachot.sugya137:15
2206,194,Directed,1,1,dialectic,bavli,menachot,menachot.sugya277:29
194,467,Directed,1,1,dialectic,bavli,yoma,yoma.sugya133:22
194,867,Directed,1,1,dialectic,bavli,yoma,yoma.sugya253:0
2647,194,Directed,1,1,dialectic,bavli,zevachim,zevachim.sugya155:47
571,1952,Directed,1,1,dialectic,bavli,avodah_zarah,avodah_zarah.sugya035:49
1952,57,Directed,1,1,dialectic,bavli,avodah_zarah,avodah_zarah.sugya125:5
43,1952,Directed,1,1,dialectic,bavli,bava_metzia,bava_metzia.sugya016:36
1952,918,Directed,1,1,dialectic,bavli,chullin,chullin.sugya118:38
1952,2763,Directed,1,1,dialectic,bavli,chullin,chullin.sugya139:1
1952,2579,Directed,1,1,dialectic,bavli,eruvin,eruvin.sugya131:31
1952,895,Directed,1,1,dialectic,bavli,gittin,gittin.sugya027:6
495,1952,Directed,1,1,dialectic,bavli,gittin,gittin.sugya202:21
1952,2938,Directed,1,1,dialectic,bavli,pesachim,pesachim.sugya074:130
1952,417,Directed,1,1,dialectic,bavli,pesachim,pesachim.sugya129:128
1952,2518,Directed,1,1,dialectic,bavli,sukkah,sukkah.sugya104:8
1952,763,Directed,1,1,dialectic,bavli,temurah,temurah.sugya033:11
2285,1952,Directed,1,1,dialectic,bavli,temurah,temurah.sugya162:19
1952,2285,Directed,1,1,dialectic,bavli,temurah,temurah.sugya162:20
2465,1952,Directed,1,1,dialectic,bavli,zevachim,zevachim.sugya191:7
2581,1952,Directed,1,1,dialectic,bavli,zevachim,zevachim.sugya268:4
2763,1954,Directed,1,1,dialectic,bavli,ketubot,ketubot.sugya526:8
2938,1954,Directed,1,1,dialectic,bavli,niddah,niddah.sugya356:29
1975,495,Directed,1,1,dialectic,bavli,nedarim,nedarim.sugya193:1
2582,1979,Directed,1,1,dialectic,bavli,bekhorot,bekhorot.sugya244:2
1979,465,Directed,1,1,dialectic,bavli,berakhot,berakhot.sugya087:4
434,1979,Directed,1,1,dialectic,bavli,berakhot,berakhot.sugya444:28
2888,1979,Directed,1,1,dialectic,bavli,chullin,chullin.sugya201:38
368,1979,Directed,1,1,dialectic,bavli,gittin,gittin.sugya004:41
1979,368,Directed,1,1,dialectic,bavli,gittin,gittin.sugya004:45
465,1979,Directed,1,1,dialectic,bavli,keritot,keritot.sugya060:12
2938,1986,Directed,1,1,dialectic,bavli,ketubot,ketubot.sugya482:7
304,1986,Directed,1,1,dialectic,bavli,nedarim,nedarim.sugya055:118
2003,2578,Directed,1,1,dialectic,bavli,berakhot,berakhot.sugya490:12
2582,2003,Directed,1,1,dialectic,bavli,menachot,menachot.sugya064:44
2398,2005,Directed,1,1,dialectic,bavli,pesachim,pesachim.sugya162:30
2005,2398,Directed,1,1,dialectic,bavli,pesachim,pesachim.sugya162:32
2681,2005,Directed,1,1,dialectic,bavli,sanhedrin,sanhedrin.sugya233:12
2006,2579,Directed,1,1,dialectic,bavli,berakhot,berakhot.sugya159:29
2006,2735,Directed,1,1,dialectic,bavli,berakhot,berakhot.sugya250:19
2735,2006,Directed,1,1,dialectic,bavli,berakhot,berakhot.sugya250:20
2007,2518,Directed,1,1,dialectic,bavli,ketubot,ketubot.sugya396:6
2518,2007,Directed,1,1,dialectic,bavli,ketubot,ketubot.sugya396:7
2031,2830,Directed,1,1,dialectic,bavli,rosh_hashanah,rosh_hashanah.sugya046:0
571,2031,Directed,1,1,dialectic,bavli,shabbat,shabbat.sugya771:8
938,2032,Directed,1,1,dialectic,bavli,bava_metzia,bava_metzia.sugya187:134
2582,2032,Directed,1,1,dialectic,bavli,bava_metzia,bava_metzia.sugya187:137
2032,2578,Directed,1,1,dialectic,bavli,keritot,keritot.sugya140:7
2896,2032,Directed,1,1,dialectic,bavli,ketubot,ketubot.sugya477:1
2636,2032,Directed,1,1,dialectic,bavli,rosh_hashanah,rosh_hashanah.sugya091:49
2879,2032,Directed,1,1,dialectic,bavli,yevamot,yevamot.sugya003:79
867,2032,Directed,1,1,dialectic,bavli,zevachim,zevachim.sugya430:32
2045,6,Directed,1,1,dialectic,bavli,shabbat,shabbat.sugya207:169
2045,911,Directed,1,1,dialectic,bavli,shabbat,shabbat.sugya207:170
6,2045,Directed,1,1,dialectic,bavli,shabbat,shabbat.sugya207:171
911,2045,Directed,1,1,dialectic,bavli,shabbat,shabbat.sugya207:172
2518,205,Directed,1,1,dialectic,bavli,gittin,gittin.sugya089:13
206,2647,Directed,1,1,dialectic,bavli,chullin,chullin.sugya003:91
2647,206,Directed,1,1,dialectic,bavli,chullin,chullin.sugya003:93
2845,2068,Directed,1,1,dialectic,bavli,bava_batra,bava_batra.sugya276:18
2938,2068,Directed,1,1,dialectic,bavli,bava_metzia,bava_metzia.sugya221:15
2518,2068,Directed,1,1,dialectic,bavli,bekhorot,bekhorot.sugya172:33
2627,2068,Directed,1,1,dialectic,bavli,chagigah,chagigah.sugya060:229
2795,2068,Directed,1,1,dialectic,bavli,gittin,gittin.sugya029:66
2969,2068,Directed,1,1,dialectic,bavli,kiddushin,kiddushin.sugya251:36
368,2068,Directed,1,1,dialectic,bavli,niddah,niddah.sugya020:11
2068,829,Directed,1,1,dialectic,bavli,rosh_hashanah,rosh_hashanah.sugya165:21
312,2068,Directed,1,1,dialectic,bavli,shabbat,shabbat.sugya663:1
2285,2068,Directed,1,1,dialectic,bavli,taanit,taanit.sugya012:0
2465,2068,Directed,1,1,dialectic,bavli,yevamot,yevamot.sugya531:33
2068,2465,Directed,1,1,dialectic,bavli,yevamot,yevamot.sugya531:34
2647,207,Directed,1,1,dialectic,bavli,shevuot,shevuot.sugya061:16
207,2285,Directed,1,1,dialectic,bavli,zevachim,zevachim.sugya006:90
207,2938,Directed,1,1,dialectic,bavli,zevachim,zevachim.sugya006:91
534,207,Directed,1,1,dialectic,bavli,zevachim,zevachim.sugya006:92
2075,2908,Directed,1,1,dialectic,bavli,nedarim,nedarim.sugya010:19
21,2581,Directed,1,1,dialectic,bavli,menachot,menachot.sugya277:23
2581,21,Directed,1,1,dialectic,bavli,menachot,menachot.sugya277:26
2582,2132,Directed,1,1,dialectic,bavli,chullin,chullin.sugya128:41
2135,571,Directed,1,1,dialectic,bavli,sukkah,sukkah.sugya021:11
571,2135,Directed,1,1,dialectic,bavli,sukkah,sukkah.sugya021:12
6,2140,Directed,1,1,dialectic,bavli,menachot,menachot.sugya338:7
2142,485,Directed,1,1,dialectic,bavli,bava_metzia,bava_metzia.sugya080:10
2154,2161,Directed,1,1,dialectic,bavli,yevamot,yevamot.sugya430:10
2156,2298,Directed,1,1,dialectic,bavli,bava_batra,bava_batra.sugya290:64
2156,368,Directed,1,1,dialectic,bavli,bekhorot,bekhorot.sugya172:49
2156,2161,Directed,1,1,dialectic,bavli,berakhot,berakhot.sugya204:34
239,2156,Directed,1,1,dialectic,bavli,chullin,chullin.sugya172:148
571,2156,Directed,1,1,dialectic,bavli,eruvin,eruvin.sugya449:10
2173,2156,Directed,1,1,dialectic,bavli,gittin,gittin.sugya226:17
2156,2646,Directed,1,1,dialectic,bavli,ketubot,ketubot.sugya440:16
2156,2518,Directed,1,1,dialectic,bavli,sanhedrin,sanhedrin.sugya417:19
2518,2156,Directed,1,1,dialectic,bavli,sanhedrin,sanhedrin.sugya417:20
2156,2423,Directed,1,1,dialectic,bavli,shabbat,shabbat.sugya687:30
2160,2582,Directed,1,1,dialectic,bavli,chullin,chullin.sugya110:111
2160,2298,Directed,1,1,dialectic,bavli,shabbat,shabbat.sugya633:7
2298,2160,Directed,1,1,dialectic,bavli,shabbat,shabbat.sugya633:8
2161,2186,Directed,1,1,dialectic,bavli,bava_kamma,bava_kamma.sugya082:11
2646,2161,Directed,1,1,dialectic,bavli,bava_kamma,bava_kamma.sugya082:13
2161,2344,Directed,1,1,dialectic,bavli,beitzah,beitzah.sugya191:3
2161,2763,Directed,1,1,dialectic,bavli,berakhot,berakhot.sugya232:7
2161,602,Directed,1,1,dialectic,bavli,berakhot,berakhot.sugya233:0
2161,2578,Directed,1,1,dialectic,bavli,berakhot,berakhot.sugya354:20
2582,2161,Directed,1,1,dialectic,bavli,gittin,gittin.sugya178:4
2161,895,Directed,1,1,dialectic,bavli,pesachim,pesachim.sugya003:0
2198,2161,Directed,1,1,dialectic,bavli,pesachim,pesachim.sugya377:10
2161,2518,Directed,1,1,dialectic,bavli,pesachim,pesachim.sugya377:9
2161,2206,Directed,1,1,dialectic,bavli,sanhedrin,sanhedrin.sugya513:121
2161,2441,Directed,1,1,dialectic,bavli,sukkah,sukkah.sugya195:2
2161,687,Directed,1,1,dialectic,bavli,yevamot,yevamot.sugya268:104
2161,2368,Directed,1,1,dialectic,bavli,yevamot,yevamot.sugya272:43
918,2161,Directed,1,1,dialectic,bavli,yevamot,yevamot.sugya272:44
2164,306,Directed,1,1,dialectic,bavli,kiddushin,kiddushin.sugya069:65
2164,2582,Directed,1,1,dialectic,bavli,kiddushin,kiddushin.sugya020:3
2165,2681,Directed,1,1,dialectic,bavli,avodah_zarah,avodah_zarah.sugya188:20
2165,2938,Directed,1,1,dialectic,bavli,bava_metzia,bava_metzia.sugya003:66
2165,926,Directed,1,1,dialectic,bavli,bekhorot,bekhorot.sugya358:34
2165,2398,Directed,1,1,dialectic,bavli,chullin,chullin.sugya282:60
2398,2165,Directed,1,1,dialectic,bavli,chullin,chullin.sugya282:61
571,2168,Directed,1,1,dialectic,bavli,bava_metzia,bava_metzia.sugya279:19
2170,312,Directed,1,1,dialectic,bavli,gittin,gittin.sugya183:1
2173,297,Directed,1,1,dialectic,bavli,bava_metzia,bava_metzia.sugya339:7
2173,2578,Directed,1,1,dialectic,bavli,ketubot,ketubot.sugya401:7
2173,514,Directed,1,1,dialectic,bavli,shabbat,shabbat.sugya227:77
2582,2173,Directed,1,1,dialectic,bavli,shabbat,shabbat.sugya564:6
2173,2647,Directed,1,1,dialectic,bavli,shevuot,shevuot.sugya172:46
2518,2174,Directed,1,1,dialectic,bavli,berakhot,berakhot.sugya186:9
2174,571,Directed,1,1,dialectic,bavli,zevachim,zevachim.sugya080:8
2533,2187,Directed,1,1,dialectic,bavli,chullin,chullin.sugya110:101
2497,2205,Directed,1,1,dialectic,bavli,sanhedrin,sanhedrin.sugya445:24
2205,2497,Directed,1,1,dialectic,bavli,sanhedrin,sanhedrin.sugya445:25
2206,2237,Directed,1,1,dialectic,bavli,arakhin,arakhin.sugya141:24
2206,2763,Directed,1,1,dialectic,bavli,bava_batra,bava_batra.sugya480:29
2206,2465,Directed,1,1,dialectic,bavli,chagigah,chagigah.sugya060:183
2206,2716,Directed,1,1,dialectic,bavli,eruvin,eruvin.sugya010:62
2647,2206,Directed,1,1,dialectic,bavli,sanhedrin,sanhedrin.sugya341:20
571,2206,Directed,1,1,dialectic,bavli,sotah,sotah.sugya018:20
2206,895,Directed,1,1,dialectic,bavli,temurah,temurah.sugya096:23
2206,2879,Directed,1,1,dialectic,bavli,yevamot,yevamot.sugya015:106
2206,2533,Directed,1,1,dialectic,bavli,yevamot,yevamot.sugya031:11
2646,2206,Directed,1,1,dialectic,bavli,yevamot,yevamot.sugya116:15
2206,2646,Directed,1,1,dialectic,bavli,yevamot,yevamot.sugya116:17
2212,267,Directed,1,1,dialectic,bavli,bava_batra,bava_batra.sugya276:40
222,467,Directed,1,1,dialectic,bavli,sanhedrin,sanhedrin.sugya494:79
467,222,Directed,1,1,dialectic,bavli,sanhedrin,sanhedrin.sugya494:81
2221,465,Directed,1,1,dialectic,bavli,yoma,yoma.sugya303:14
465,2221,Directed,1,1,dialectic,bavli,yoma,yoma.sugya303:15
2224,2879,Directed,1,1,dialectic,bavli,ketubot,ketubot.sugya086:118
6,2225,Directed,1,1,dialectic,bavli,berakhot,berakhot.sugya089:7
2225,6,Directed,1,1,dialectic,bavli,berakhot,berakhot.sugya089:9
2225,2763,Directed,1,1,dialectic,bavli,makkot,makkot.sugya010:28
2225,2266,Directed,1,1,dialectic,bavli,niddah,niddah.sugya297:1
2225,2830,Directed,1,1,dialectic,bavli,sukkah,sukkah.sugya008:26
2225,571,Directed,1,1,dialectic,bavli,zevachim,zevachim.sugya079:35
2229,2582,Directed,1,1,dialectic,bavli,yevamot,yevamot.sugya244:43
2237,2582,Directed,1,1,dialectic,bavli,bava_metzia,bava_metzia.sugya145:27
2237,571,Directed,1,1,dialectic,bavli,shabbat,shabbat.sugya788:19
2266,2581,Directed,1,1,dialectic,bavli,yevamot,yevamot.sugya403:6
2266,2465,Directed,1,1,dialectic,bavli,zevachim,zevachim.sugya409:5
2269,2465,Directed,1,1,dialectic,bavli,yevamot,yevamot.sugya543:0
2277,2582,Directed,1,1,dialectic,bavli,beitzah,beitzah.sugya142:26
2582,2277,Directed,1,1,dialectic,bavli,beitzah,beitzah.sugya142:27
2647,2285,Directed,1,1,dialectic,bavli,bava_metzia,bava_metzia.sugya417:27
993,2285,Directed,1,1,dialectic,bavli,bava_metzia,bava_metzia.sugya061:18
2285,66,Directed,1,1,dialectic,bavli,bava_metzia,bava_metzia.sugya279:3
495,2285,Directed,1,1,dialectic,bavli,berakhot,berakhot.sugya386:22
2285,6,Directed,1,1,dialectic,bavli,eruvin,eruvin.sugya296:7
2285,368,Directed,1,1,dialectic,bavli,ketubot,ketubot.sugya154:50
2423,2285,Directed,1,1,dialectic,bavli,ketubot,ketubot.sugya351:6
2285,2688,Directed,1,1,dialectic,bavli,ketubot,ketubot.sugya440:67
2285,571,Directed,1,1,dialectic,bavli,kiddushin,kiddushin.sugya016:5
2285,2465,Directed,1,1,dialectic,bavli,makkot,makkot.sugya005:4
2285,2364,Directed,1,1,dialectic,bavli,nedarim,nedarim.sugya055:107
2285,2601,Directed,1,1,dialectic,bavli,sanhedrin,sanhedrin.sugya189:29
2601,2285,Directed,1,1,dialectic,bavli,sanhedrin,sanhedrin.sugya189:35
2285,2527,Directed,1,1,dialectic,bavli,shabbat,shabbat.sugya270:2
2285,2398,Directed,1,1,dialectic,bavli,shabbat,shabbat.sugya375:2
2285,2879,Directed,1,1,dialectic,bavli,shevuot,shevuot.sugya143:27
2285,977,Directed,1,1,dialectic,bavli,zevachim,zevachim.sugya367:23
229,2685,Directed,1,1,dialectic,bavli,arakhin,arakhin.sugya058:24
571,229,Directed,1,1,dialectic,bavli,arakhin,arakhin.sugya058:25
229,977,Directed,1,1,dialectic,bavli,bava_batra,bava_batra.sugya447:118
2581,229,Directed,1,1,dialectic,bavli,shabbat,shabbat.sugya106:20
2445,229,Directed,1,1,dialectic,bavli,shabbat,shabbat.sugya109:12
229,312,Directed,1,1,dialectic,bavli,shabbat,shabbat.sugya479:55
297,229,Directed,1,1,dialectic,bavli,yevamot,yevamot.sugya159:128
2296,2581,Directed,1,1,dialectic,bavli,gittin,gittin.sugya346:7
2581,2296,Directed,1,1,dialectic,bavli,gittin,gittin.sugya346:9
2296,6,Directed,1,1,dialectic,bavli,moed_katan,moed_katan.sugya097:32
2518,2296,Directed,1,1,dialectic,bavli,sanhedrin,sanhedrin.sugya308:44
297,2298,Directed,1,1,dialectic,bavli,avodah_zarah,avodah_zarah.sugya002:114
2298,2716,Directed,1,1,dialectic,bavli,bava_batra,bava_batra.sugya425:9
2298,2830,Directed,1,1,dialectic,bavli,beitzah,beitzah.sugya134:15
2298,2594,Directed,1,1,dialectic,bavli,bekhorot,bekhorot.sugya111:8
2298,2445,Directed,1,1,dialectic,bavli,berakhot,berakhot.sugya361:18
602,2298,Directed,1,1,dialectic,bavli,berakhot,berakhot.sugya031:6
2298,602,Directed,1,1,dialectic,bavli,berakhot,berakhot.sugya031:9
2298,312,Directed,1,1,dialectic,bavli,chullin,chullin.sugya201:21
2298,241,Directed,1,1,dialectic,bavli,keritot,keritot.sugya085:7
2298,92,Directed,1,1,dialectic,bavli,ketubot,ketubot.sugya130:110
2298,47,Directed,1,1,dialectic,bavli,kiddushin,kiddushin.sugya028:8
2298,2824,Directed,1,1,dialectic,bavli,makkot,makkot.sugya151:19
2298,495,Directed,1,1,dialectic,bavli,menachot,menachot.sugya132:11
2298,2744,Directed,1,1,dialectic,bavli,pesachim,pesachim.sugya292:30
2298,6,Directed,1,1,dialectic,bavli,rosh_hashanah,rosh_hashanah.sugya165:19
2298,977,Directed,1,1,dialectic,bavli,sanhedrin,sanhedrin.sugya179:19
2298,2879,Directed,1,1,dialectic,bavli,sanhedrin,sanhedrin.sugya273:8
2298,2617,Directed,1,1,dialectic,bavli,sanhedrin,sanhedrin.sugya431:9
2298,478,Directed,1,1,dialectic,bavli,shabbat,shabbat.sugya158:20
2298,2586,Directed,1,1,dialectic,bavli,shabbat,shabbat.sugya373:0
2298,2938,Directed,1,1,dialectic,bavli,shevuot,shevuot.sugya210:51
2744,2298,Directed,1,1,dialectic,bavli,shevuot,shevuot.sugya210:68
2298,2795,Directed,1,1,dialectic,bavli,sukkah,sukkah.sugya002:76
2298,2681,Directed,1,1,dialectic,bavli,yevamot,yevamot.sugya128:2
230,2596,Directed,1,1,dialectic,bavli,chullin,chullin.sugya366:21
2596,230,Directed,1,1,dialectic,bavli,chullin,chullin.sugya366:23
2304,571,Directed,1,1,dialectic,bavli,kiddushin,kiddushin.sugya339:15
571,2304,Directed,1,1,dialectic,bavli,kiddushin,kiddushin.sugya339:16
2763,2316,Directed,1,1,dialectic,bavli,bava_batra,bava_batra.sugya376:11
2518,2330,Directed,1,1,dialectic,bavli,bava_batra,bava_batra.sugya413:49
571,2330,Directed,1,1,dialectic,bavli,berakhot,berakhot.sugya010:22
2330,2361,Directed,1,1,dialectic,bavli,ketubot,ketubot.sugya164:5
2361,2330,Directed,1,1,dialectic,bavli,ketubot,ketubot.sugya164:6
2330,2852,Directed,1,1,dialectic,bavli,shabbat,shabbat.sugya752:0
895,2330,Directed,1,1,dialectic,bavli,yevamot,yevamot.sugya228:17
2582,2330,Directed,1,1,dialectic,bavli,yevamot,yevamot.sugya228:25
2938,2335,Directed,1,1,dialectic,bavli,bava_metzia,bava_metzia.sugya171:20
2341,2582,Directed,1,1,dialectic,bavli,moed_katan,moed_katan.sugya089:88
2582,2341,Directed,1,1,dialectic,bavli,moed_katan,moed_katan.sugya089:90
2341,2646,Directed,1,1,dialectic,bavli,sanhedrin,sanhedrin.sugya161:61
2582,2344,Directed,1,1,dialectic,bavli,nazir,nazir.sugya165:11
6,2361,Directed,1,1,dialectic,bavli,ketubot,ketubot.sugya364:2
2361,6,Directed,1,1,dialectic,bavli,ketubot,ketubot.sugya364:3
2647,2383,Directed,1,1,dialectic,bavli,zevachim,zevachim.sugya054:9
2383,2582,Directed,1,1,dialectic,bavli,zevachim,zevachim.sugya070:9
571,2384,Directed,1,1,dialectic,bavli,menachot,menachot.sugya067:15
239,829,Directed,1,1,dialectic,bavli,avodah_zarah,avodah_zarah.sugya185:7
239,417,Directed,1,1,dialectic,bavli,avodah_zarah,avodah_zarah.sugya257:25
2398,239,Directed,1,1,dialectic,bavli,beitzah,beitzah.sugya216:4
239,2581,Directed,1,1,dialectic,bavli,bekhorot,bekhorot.sugya061:0
467,239,Directed,1,1,dialectic,bavli,bekhorot,bekhorot.sugya348:4
2578,239,Directed,1,1,dialectic,bavli,chullin,chullin.sugya138:41
239,2602,Directed,1,1,dialectic,bavli,eruvin,eruvin.sugya261:21
239,2465,Directed,1,1,dialectic,bavli,meilah,meilah.sugya007:8
239,535,Directed,1,1,dialectic,bavli,menachot,menachot.sugya003:61
535,239,Directed,1,1,dialectic,bavli,menachot,menachot.sugya003:63
2735,239,Directed,1,1,dialectic,bavli,pesachim,pesachim.sugya074:145
571,239,Directed,1,1,dialectic,bavli,pesachim,pesachim.sugya074:147
239,467,Directed,1,1,dialectic,bavli,temurah,temurah.sugya127:14
2445,239,Directed,1,1,dialectic,bavli,yevamot,yevamot.sugya019:36
2879,239,Directed,1,1,dialectic,bavli,yevamot,yevamot.sugya207:21
2409,239,Directed,1,1,dialectic,bavli,zevachim,zevachim.sugya088:30
2647,239,Directed,1,1,dialectic,bavli,zevachim,zevachim.sugya088:60
239,451,Directed,1,1,dialectic,bavli,zevachim,zevachim.sugya103:4
2646,239,Directed,1,1,dialectic,bavli,zevachim,zevachim.sugya354:20
2398,868,Directed,1,1,dialectic,bavli,arakhin,arakhin.sugya091:95
868,2398,Directed,1,1,dialectic,bavli,arakhin,arakhin.sugya091:96
2398,2938,Directed,1,1,dialectic,bavli,avodah_zarah,avodah_zarah.sugya143:72
304,2398,Directed,1,1,dialectic,bavli,bava_batra,bava_batra.sugya512:24
2596,2398,Directed,1,1,dialectic,bavli,bava_metzia,bava_metzia.sugya126:1
2647,2398,Directed,1,1,dialectic,bavli,bava_metzia,bava_metzia.sugya259:48
2398,2763,Directed,1,1,dialectic,bavli,chullin,chullin.sugya277:56
2398,92,Directed,1,1,dialectic,bavli,gittin,gittin.sugya098:18
92,2398,Directed,1,1,dialectic,bavli,gittin,gittin.sugya098:21
2398,903,Directed,1,1,dialectic,bavli,pesachim,pesachim.sugya162:31
903,2398,Directed,1,1,dialectic,bavli,pesachim,pesachim.sugya162:35
2681,2398,Directed,1,1,dialectic,bavli,sanhedrin,sanhedrin.sugya233:13
2398,895,Directed,1,1,dialectic,bavli,shabbat,shabbat.sugya678:3
571,2398,Directed,1,1,dialectic,bavli,shabbat,shabbat.sugya782:18
283,2398,Directed,1,1,dialectic,bavli,shabbat,shabbat.sugya837:30
2398,283,Directed,1,1,dialectic,bavli,shabbat,shabbat.sugya837:31
2398,495,Directed,1,1,dialectic,bavli,yevamot,yevamot.sugya244:23
2399,2646,Directed,1,1,dialectic,bavli,bava_batra,bava_batra.sugya018:22
2518,2399,Directed,1,1,dialectic,bavli,bava_batra,bava_batra.sugya033:59
2406,2646,Directed,1,1,dialectic,bavli,ketubot,ketubot.sugya463:3
2406,2647,Directed,1,1,dialectic,bavli,pesachim,pesachim.sugya255:15
2582,2406,Directed,1,1,dialectic,bavli,sotah,sotah.sugya011:11
895,2409,Directed,1,1,dialectic,bavli,arakhin,arakhin.sugya044:25
2409,2578,Directed,1,1,dialectic,bavli,avodah_zarah,avodah_zarah.sugya159:34
2938,2409,Directed,1,1,dialectic,bavli,bava_batra,bava_batra.sugya171:2
2409,355,Directed,1,1,dialectic,bavli,eruvin,eruvin.sugya148:12
2409,534,Directed,1,1,dialectic,bavli,gittin,gittin.sugya213:14
2409,895,Directed,1,1,dialectic,bavli,kiddushin,kiddushin.sugya181:8
2879,2409,Directed,1,1,dialectic,bavli,makkot,makkot.sugya012:16
2409,2879,Directed,1,1,dialectic,bavli,pesachim,pesachim.sugya089:82
2594,2409,Directed,1,1,dialectic,bavli,pesachim,pesachim.sugya167:11
2409,478,Directed,1,1,dialectic,bavli,sanhedrin,sanhedrin.sugya343:28
2409,2596,Directed,1,1,dialectic,bavli,shabbat,shabbat.sugya959:3
2596,2409,Directed,1,1,dialectic,bavli,shabbat,shabbat.sugya959:5
2409,2618,Directed,1,1,dialectic,bavli,yevamot,yevamot.sugya284:69
2409,2938,Directed,1,1,dialectic,bavli,yevamot,yevamot.sugya346:21
2582,241,Directed,1,1,dialectic,bavli,keritot,keritot.sugya085:5
2582,2417,Directed,1,1,dialectic,bavli,megillah,megillah.sugya111:1
2647,2423,Directed,1,1,dialectic,bavli,ketubot,ketubot.sugya148:7
895,2423,Directed,1,1,dialectic,bavli,moed_katan,moed_katan.sugya089:121
743,2423,Directed,1,1,dialectic,bavli,shabbat,shabbat.sugya641:39
2429,895,Directed,1,1,dialectic,bavli,avodah_zarah,avodah_zarah.sugya159:3
2429,763,Directed,1,1,dialectic,bavli,chullin,chullin.sugya366:11
2429,918,Directed,1,1,dialectic,bavli,keritot,keritot.sugya146:8
2430,571,Directed,1,1,dialectic,bavli,beitzah,beitzah.sugya194:20
2443,467,Directed,1,1,dialectic,bavli,yevamot,yevamot.sugya453:0
2518,2445,Directed,1,1,dialectic,bavli,avodah_zarah,avodah_zarah.sugya296:25
571,2445,Directed,1,1,dialectic,bavli,avodah_zarah,avodah_zarah.sugya296:27
2445,2582,Directed,1,1,dialectic,bavli,bava_kamma,bava_kamma.sugya459:22
2445,2581,Directed,1,1,dialectic,bavli,bava_metzia,bava_metzia.sugya043:2
2581,2445,Directed,1,1,dialectic,bavli,bava_metzia,bava_metzia.sugya043:3
2445,2578,Directed,1,1,dialectic,bavli,chullin,chullin.sugya300:52
2684,2445,Directed,1,1,dialectic,bavli,eruvin,eruvin.sugya445:0
2445,2684,Directed,1,1,dialectic,bavli,eruvin,eruvin.sugya445:1
2445,2879,Directed,1,1,dialectic,bavli,kiddushin,kiddushin.sugya054:22
2445,2957,Directed,1,1,dialectic,bavli,sotah,sotah.sugya165:47
2453,2830,Directed,1,1,dialectic,bavli,bava_metzia,bava_metzia.sugya504:0
895,2453,Directed,1,1,dialectic,bavli,ketubot,ketubot.sugya288:99
2531,2465,Directed,1,1,dialectic,bavli,berakhot,berakhot.sugya487:1
2465,659,Directed,1,1,dialectic,bavli,ketubot,ketubot.sugya243:17
659,2465,Directed,1,1,dialectic,bavli,ketubot,ketubot.sugya243:18
2518,2465,Directed,1,1,dialectic,bavli,makkot,makkot.sugya023:1
2852,2465,Directed,1,1,dialectic,bavli,makkot,makkot.sugya034:3
2879,2465,Directed,1,1,dialectic,bavli,pesachim,pesachim.sugya089:138
2763,2497,Directed,1,1,dialectic,bavli,moed_katan,moed_katan.sugya079:41
2502,571,Directed,1,1,dialectic,bavli,zevachim,zevachim.sugya010:11
514,2518,Directed,1,1,dialectic,bavli,bava_batra,bava_batra.sugya459:53
2518,2586,Directed,1,1,dialectic,bavli,bava_batra,bava_batra.sugya069:92
2518,2617,Directed,1,1,dialectic,bavli,bava_kamma,bava_kamma.sugya129:9
922,2518,Directed,1,1,dialectic,bavli,bava_kamma,bava_kamma.sugya252:20
2518,2647,Directed,1,1,dialectic,bavli,bava_metzia,bava_metzia.sugya279:28
2518,270,Directed,1,1,dialectic,bavli,bava_metzia,bava_metzia.sugya290:6
2518,2646,Directed,1,1,dialectic,bavli,bava_metzia,bava_metzia.sugya305:7
2518,417,Directed,1,1,dialectic,bavli,bekhorot,bekhorot.sugya163:10
903,2518,Directed,1,1,dialectic,bavli,berakhot,berakhot.sugya357:6
2518,903,Directed,1,1,dialectic,bavli,berakhot,berakhot.sugya357:7
2518,2795,Directed,1,1,dialectic,bavli,berakhot,berakhot.sugya459:5
2518,2556,Directed,1,1,dialectic,bavli,chullin,chullin.sugya071:9
2518,495,Directed,1,1,dialectic,bavli,chullin,chullin.sugya254:16
2676,2518,Directed,1,1,dialectic,bavli,megillah,megillah.sugya155:24
2518,2676,Directed,1,1,dialectic,bavli,megillah,megillah.sugya155:25
2636,2518,Directed,1,1,dialectic,bavli,nazir,nazir.sugya107:7
2773,2518,Directed,1,1,dialectic,bavli,nazir,nazir.sugya165:30
2518,763,Directed,1,1,dialectic,bavli,nedarim,nedarim.sugya077:10
977,2518,Directed,1,1,dialectic,bavli,niddah,niddah.sugya113:11
600,2518,Directed,1,1,dialectic,bavli,niddah,niddah.sugya113:12
2518,534,Directed,1,1,dialectic,bavli,pesachim,pesachim.sugya089:127
2839,2518,Directed,1,1,dialectic,bavli,pesachim,pesachim.sugya198:86
2518,2839,Directed,1,1,dialectic,bavli,pesachim,pesachim.sugya198:87
2518,913,Directed,1,1,dialectic,bavli,sanhedrin,sanhedrin.sugya474:17
2518,447,Directed,1,1,dialectic,bavli,sanhedrin,sanhedrin.sugya493:27
2518,535,Directed,1,1,dialectic,bavli,sukkah,sukkah.sugya119:12
2518,368,Directed,1,1,dialectic,bavli,zevachim,zevachim.sugya016:17
2527,2594,Directed,1,1,dialectic,bavli,bava_batra,bava_batra.sugya249:3
895,2527,Directed,1,1,dialectic,bavli,shabbat,shabbat.sugya270:4
2533,600,Directed,1,1,dialectic,bavli,eruvin,eruvin.sugya092:69
2533,918,Directed,1,1,dialectic,bavli,ketubot,ketubot.sugya217:36
918,2533,Directed,1,1,dialectic,bavli,ketubot,ketubot.sugya217:42
2582,2533,Directed,1,1,dialectic,bavli,pesachim,pesachim.sugya098:19
829,2546,Directed,1,1,dialectic,bavli,bekhorot,bekhorot.sugya172:60
2546,404,Directed,1,1,dialectic,bavli,moed_katan,moed_katan.sugya089:93
404,2546,Directed,1,1,dialectic,bavli,moed_katan,moed_katan.sugya089:94
2546,417,Directed,1,1,dialectic,bavli,nedarim,nedarim.sugya215:1
475,2546,Directed,1,1,dialectic,bavli,pesachim,pesachim.sugya089:69
2546,475,Directed,1,1,dialectic,bavli,pesachim,pesachim.sugya089:70
571,255,Directed,1,1,dialectic,bavli,ketubot,ketubot.sugya002:20
255,918,Directed,1,1,dialectic,bavli,kiddushin,kiddushin.sugya036:61
534,255,Directed,1,1,dialectic,bavli,niddah,niddah.sugya129:18
255,478,Directed,1,1,dialectic,bavli,zevachim,zevachim.sugya365:18
2556,2578,Directed,1,1,dialectic,bavli,chullin,chullin.sugya071:7
2556,895,Directed,1,1,dialectic,bavli,shabbat,shabbat.sugya229:6
2556,2763,Directed,1,1,dialectic,bavli,shabbat,shabbat.sugya229:7
2578,2596,Directed,1,1,dialectic,bavli,bava_batra,bava_batra.sugya431:14
2578,2808,Directed,1,1,dialectic,bavli,bava_batra,bava_batra.sugya033:22
2808,2578,Directed,1,1,dialectic,bavli,bava_batra,bava_batra.sugya033:23
2578,548,Directed,1,1,dialectic,bavli,bava_metzia,bava_metzia.sugya375:10
2578,2952,Directed,1,1,dialectic,bavli,beitzah,beitzah.sugya066:7
2578,417,Directed,1,1,dialectic,bavli,chagigah,chagigah.sugya086:20
2578,312,Directed,1,1,dialectic,bavli,chullin,chullin.sugya321:26
343,2578,Directed,1,1,dialectic,bavli,chullin,chullin.sugya386:110
2578,2741,Directed,1,1,dialectic,bavli,makkot,makkot.sugya095:94
2578,977,Directed,1,1,dialectic,bavli,meilah,meilah.sugya031:4
368,2578,Directed,1,1,dialectic,bavli,niddah,niddah.sugya064:18
2586,2578,Directed,1,1,dialectic,bavli,pesachim,pesachim.sugya042:130
276,2578,Directed,1,1,dialectic,bavli,rosh_hashanah,rosh_hashanah.sugya034:33
2578,571,Directed,1,1,dialectic,bavli,shabbat,shabbat.sugya207:20
417,2578,Directed,1,1,dialectic,bavli,shabbat,shabbat.sugya207:6
2578,2938,Directed,1,1,dialectic,bavli,sotah,sotah.sugya018:15
2578,2879,Directed,1,1,dialectic,bavli,temurah,temurah.sugya160:16
2578,450,Directed,1,1,dialectic,bavli,yevamot,yevamot.sugya217:2
2578,462,Directed,1,1,dialectic,bavli,yevamot,yevamot.sugya354:2
2720,2578,Directed,1,1,dialectic,bavli,yoma,yoma.sugya041:17
2581,2845,Directed,1,1,dialectic,bavli,bava_batra,bava_batra.sugya276:21
2581,2795,Directed,1,1,dialectic,bavli,bava_kamma,bava_kamma.sugya158:11
2795,2581,Directed,1,1,dialectic,bavli,bava_kamma,bava_kamma.sugya158:9
2581,2716,Directed,1,1,dialectic,bavli,bava_kamma,bava_kamma.sugya213:1
2938,2581,Directed,1,1,dialectic,bavli,eruvin,eruvin.sugya358:11
2581,2596,Directed,1,1,dialectic,bavli,eruvin,eruvin.sugya012:88
2581,2594,Directed,1,1,dialectic,bavli,gittin,gittin.sugya040:30
2581,99,Directed,1,1,dialectic,bavli,menachot,menachot.sugya389:13
2581,2830,Directed,1,1,dialectic,bavli,menachot,menachot.sugya002:18
535,2581,Directed,1,1,dialectic,bavli,menachot,menachot.sugya003:64
602,2581,Directed,1,1,dialectic,bavli,shabbat,shabbat.sugya578:11
2581,571,Directed,1,1,dialectic,bavli,shabbat,shabbat.sugya951:58
2581,911,Directed,1,1,dialectic,bavli,yevamot,yevamot.sugya017:50
2582,57,Directed,1,1,dialectic,bavli,avodah_zarah,avodah_zarah.sugya125:3
57,2582,Directed,1,1,dialectic,bavli,avodah_zarah,avodah_zarah.sugya125:4
495,2582,Directed,1,1,dialectic,bavli,bava_batra,bava_batra.sugya035:5
2634,2582,Directed,1,1,dialectic,bavli,bava_batra,bava_batra.sugya398:58
2582,85,Directed,1,1,dialectic,bavli,bava_batra,bava_batra.sugya042:14
389,2582,Directed,1,1,dialectic,bavli,bava_batra,bava_batra.sugya467:107
2582,2742,Directed,1,1,dialectic,bavli,bava_kamma,bava_kamma.sugya115:10
263,2582,Directed,1,1,dialectic,bavli,bava_kamma,bava_kamma.sugya146:39
2582,534,Directed,1,1,dialectic,bavli,bava_kamma,bava_kamma.sugya156:50
2665,2582,Directed,1,1,dialectic,bavli,bava_metzia,bava_metzia.sugya454:15
2582,2665,Directed,1,1,dialectic,bavli,bava_metzia,bava_metzia.sugya454:16
2582,2596,Directed,1,1,dialectic,bavli,bava_metzia,bava_metzia.sugya025:79
2582,31,Directed,1,1,dialectic,bavli,bava_metzia,bava_metzia.sugya028:21
2582,938,Directed,1,1,dialectic,bavli,bava_metzia,bava_metzia.sugya187:136
723,2582,Directed,1,1,dialectic,bavli,berakhot,berakhot.sugya444:13
2582,466,Directed,1,1,dialectic,bavli,chullin,chullin.sugya308:78
2582,535,Directed,1,1,dialectic,bavli,chullin,chullin.sugya380:49
2602,2582,Directed,1,1,dialectic,bavli,chullin,chullin.sugya380:50
2582,276,Directed,1,1,dialectic,bavli,chullin,chullin.sugya088:8
2582,371,Directed,1,1,dialectic,bavli,chullin,chullin.sugya195:80
2582,292,Directed,1,1,dialectic,bavli,eruvin,eruvin.sugya076:23
2582,2735,Directed,1,1,dialectic,bavli,menachot,menachot.sugya047:12
535,2582,Directed,1,1,dialectic,bavli,menachot,menachot.sugya003:66
2582,2614,Directed,1,1,dialectic,bavli,nazir,nazir.sugya134:31
927,2582,Directed,1,1,dialectic,bavli,nedarim,nedarim.sugya018:5
2582,927,Directed,1,1,dialectic,bavli,nedarim,nedarim.sugya018:6
2582,289,Directed,1,1,dialectic,bavli,nedarim,nedarim.sugya139:5
2582,368,Directed,1,1,dialectic,bavli,niddah,niddah.sugya064:19
2582,2781,Directed,1,1,dialectic,bavli,niddah,niddah.sugya160:36
2582,2923,Directed,1,1,dialectic,bavli,pesachim,pesachim.sugya053:215
2839,2582,Directed,1,1,dialectic,bavli,rosh_hashanah,rosh_hashanah.sugya106:56
2582,2839,Directed,1,1,dialectic,bavli,rosh_hashanah,rosh_hashanah.sugya106:82
2582,2624,Directed,1,1,dialectic,bavli,shabbat,shabbat.sugya719:6
6,2582,Directed,1,1,dialectic,bavli,shabbat,shabbat.sugya042:6
467,2582,Directed,1,1,dialectic,bavli,yevamot,yevamot.sugya451:9
2934,2582,Directed,1,1,dialectic,bavli,yevamot,yevamot.sugya469:15
2582,2934,Directed,1,1,dialectic,bavli,yevamot,yevamot.sugya469:16
2582,2846,Directed,1,1,dialectic,bavli,yevamot,yevamot.sugya169:6
2582,2744,Directed,1,1,dialectic,bavli,yevamot,yevamot.sugya274:38
2582,99,Directed,1,1,dialectic,bavli,yoma,yoma.sugya073:11
2627,2582,Directed,1,1,dialectic,bavli,yoma,yoma.sugya247:9
2637,2582,Directed,1,1,dialectic,bavli,zevachim,zevachim.sugya377:124
2589,2582,Directed,1,1,dialectic,bavli,zevachim,zevachim.sugya042:0
2582,2653,Directed,1,1,dialectic,bavli,zevachim,zevachim.sugya098:37
2586,881,Directed,1,1,dialectic,bavli,bava_batra,bava_batra.sugya069:77
918,2586,Directed,1,1,dialectic,bavli,bava_batra,bava_batra.sugya069:93
2586,475,Directed,1,1,dialectic,bavli,chagigah,chagigah.sugya076:38
2735,2586,Directed,1,1,dialectic,bavli,chullin,chullin.sugya090:16
2586,2852,Directed,1,1,dialectic,bavli,horayot,horayot.sugya012:86
2681,2586,Directed,1,1,dialectic,bavli,yevamot,yevamot.sugya315:12
571,2589,Directed,1,1,dialectic,bavli,zevachim,zevachim.sugya016:14
2593,343,Directed,1,1,dialectic,bavli,bava_metzia,bava_metzia.sugya025:47
2593,2763,Directed,1,1,dialectic,bavli,bava_metzia,bava_metzia.sugya025:48
2594,2763,Directed,1,1,dialectic,bavli,chullin,chullin.sugya123:29
2625,2596,Directed,1,1,dialectic,bavli,chullin,chullin.sugya366:24
2596,2625,Directed,1,1,dialectic,bavli,chullin,chullin.sugya366:26
571,2596,Directed,1,1,dialectic,bavli,nazir,nazir.sugya185:4
2744,2596,Directed,1,1,dialectic,bavli,shevuot,shevuot.sugya117:36
2763,2598,Directed,1,1,dialectic,bavli,yevamot,yevamot.sugya415:7
2602,2763,Directed,1,1,dialectic,bavli,bava_kamma,bava_kamma.sugya234:0
270,2602,Directed,1,1,dialectic,bavli,sanhedrin,sanhedrin.sugya333:22
304,2602,Directed,1,1,dialectic,bavli,sanhedrin,sanhedrin.sugya333:24
2735,2602,Directed,1,1,dialectic,bavli,zevachim,zevachim.sugya279:18
2938,2608,Directed,1,1,dialectic,bavli,avodah_zarah,avodah_zarah.sugya214:30
895,261,Directed,1,1,dialectic,bavli,chullin,chullin.sugya126:4
261,2879,Directed,1,1,dialectic,bavli,ketubot,ketubot.sugya130:24
304,261,Directed,1,1,dialectic,bavli,menachot,menachot.sugya008:13
261,571,Directed,1,1,dialectic,bavli,zevachim,zevachim.sugya006:5
2646,261,Directed,1,1,dialectic,bavli,zevachim,zevachim.sugya006:7
6,2613,Directed,1,1,dialectic,bavli,sanhedrin,sanhedrin.sugya506:14
2613,6,Directed,1,1,dialectic,bavli,sanhedrin,sanhedrin.sugya506:16
2617,895,Directed,1,1,dialectic,bavli,bava_kamma,bava_kamma.sugya108:0
895,2617,Directed,1,1,dialectic,bavli,bava_kamma,bava_kamma.sugya108:1
2618,829,Directed,1,1,dialectic,bavli,avodah_zarah,avodah_zarah.sugya185:22
571,2618,Directed,1,1,dialectic,bavli,bava_kamma,bava_kamma.sugya039:8
602,2618,Directed,1,1,dialectic,bavli,eruvin,eruvin.sugya012:4
2618,417,Directed,1,1,dialectic,bavli,shevuot,shevuot.sugya142:22
571,2624,Directed,1,1,dialectic,bavli,shevuot,shevuot.sugya085:15
2647,2624,Directed,1,1,dialectic,bavli,shevuot,shevuot.sugya085:23
2646,263,Directed,1,1,dialectic,bavli,bava_kamma,bava_kamma.sugya146:41
263,2646,Directed,1,1,dialectic,bavli,shabbat,shabbat.sugya008:2
263,602,Directed,1,1,dialectic,bavli,shabbat,shabbat.sugya008:3
571,263,Directed,1,1,dialectic,bavli,shabbat,shabbat.sugya008:9
2631,2763,Directed,1,1,dialectic,bavli,berakhot,berakhot.sugya232:2
2631,895,Directed,1,1,dialectic,bavli,sotah,sotah.sugya309:1
571,2636,Directed,1,1,dialectic,bavli,bava_metzia,bava_metzia.sugya292:47
2636,467,Directed,1,1,dialectic,bavli,shabbat,shabbat.sugya136:20
2665,2646,Directed,1,1,dialectic,bavli,bava_batra,bava_batra.sugya018:17
2646,2668,Directed,1,1,dialectic,bavli,bava_kamma,bava_kamma.sugya234:11
2938,2646,Directed,1,1,dialectic,bavli,bekhorot,bekhorot.sugya052:13
2646,312,Directed,1,1,dialectic,bavli,pesachim,pesachim.sugya263:42
2646,2934,Directed,1,1,dialectic,bavli,shabbat,shabbat.sugya804:71
2934,2646,Directed,1,1,dialectic,bavli,shabbat,shabbat.sugya804:73
2646,47,Directed,1,1,dialectic,bavli,zevachim,zevachim.sugya373:40
2646,918,Directed,1,1,dialectic,bavli,zevachim,zevachim.sugya013:16
514,2647,Directed,1,1,dialectic,bavli,arakhin,arakhin.sugya137:73
2647,6,Directed,1,1,dialectic,bavli,bava_batra,bava_batra.sugya141:11
924,2647,Directed,1,1,dialectic,bavli,bava_batra,bava_batra.sugya290:66
2647,924,Directed,1,1,dialectic,bavli,bava_batra,bava_batra.sugya290:67
2647,2934,Directed,1,1,dialectic,bavli,bekhorot,bekhorot.sugya077:6
2647,47,Directed,1,1,dialectic,bavli,chullin,chullin.sugya441:25
2647,911,Directed,1,1,dialectic,bavli,chullin,chullin.sugya231:141
2690,2647,Directed,1,1,dialectic,bavli,gittin,gittin.sugya025:20
296,2647,Directed,1,1,dialectic,bavli,kiddushin,kiddushin.sugya036:62
2647,763,Directed,1,1,dialectic,bavli,makkot,makkot.sugya002:13
2647,820,Directed,1,1,dialectic,bavli,meilah,meilah.sugya002:59
2647,495,Directed,1,1,dialectic,bavli,menachot,menachot.sugya132:15
918,2647,Directed,1,1,dialectic,bavli,sanhedrin,sanhedrin.sugya366:38
2647,918,Directed,1,1,dialectic,bavli,sanhedrin,sanhedrin.sugya366:41
2647,92,Directed,1,1,dialectic,bavli,sanhedrin,sanhedrin.sugya496:173
2647,2846,Directed,1,1,dialectic,bavli,yevamot,yevamot.sugya169:37
2668,2879,Directed,1,1,dialectic,bavli,bava_kamma,bava_kamma.sugya234:10
267,2938,Directed,1,1,dialectic,bavli,eruvin,eruvin.sugya185:10
2676,895,Directed,1,1,dialectic,bavli,megillah,megillah.sugya155:26
895,2676,Directed,1,1,dialectic,bavli,megillah,megillah.sugya155:27
2681,895,Directed,1,1,dialectic,bavli,bava_batra,bava_batra.sugya488:25
289,2681,Directed,1,1,dialectic,bavli,nedarim,nedarim.sugya139:3
6,2681,Directed,1,1,dialectic,bavli,nedarim,nedarim.sugya194:49
2744,2681,Directed,1,1,dialectic,bavli,pesachim,pesachim.sugya129:82
495,2681,Directed,1,1,dialectic,bavli,zevachim,zevachim.sugya231:13
2690,571,Directed,1,1,dialectic,bavli,gittin,gittin.sugya141:47
571,2690,Directed,1,1,dialectic,bavli,ketubot,ketubot.sugya436:45
2692,895,Directed,1,1,dialectic,bavli,shabbat,shabbat.sugya474:9
571,2696,Directed,1,1,dialectic,bavli,zevachim,zevachim.sugya365:0
270,571,Directed,1,1,dialectic,bavli,bava_kamma,bava_kamma.sugya307:7
270,911,Directed,1,1,dialectic,bavli,chullin,chullin.sugya231:140
270,602,Directed,1,1,dialectic,bavli,keritot,keritot.sugya006:26
286,270,Directed,1,1,dialectic,bavli,ketubot,ketubot.sugya326:73
304,270,Directed,1,1,dialectic,bavli,yevamot,yevamot.sugya199:10
2703,286,Directed,1,1,dialectic,bavli,horayot,horayot.sugya028:33
2705,2763,Directed,1,1,dialectic,bavli,sanhedrin,sanhedrin.sugya496:345
2763,2705,Directed,1,1,dialectic,bavli,sanhedrin,sanhedrin.sugya496:346
2705,386,Directed,1,1,dialectic,bavli,taanit,taanit.sugya099:82
2716,2763,Directed,1,1,dialectic,bavli,chullin,chullin.sugya176:2
2716,895,Directed,1,1,dialectic,bavli,menachot,menachot.sugya215:28
2729,571,Directed,1,1,dialectic,bavli,moed_katan,moed_katan.sugya059:55
571,2729,Directed,1,1,dialectic,bavli,moed_katan,moed_katan.sugya059:57
2738,829,Directed,1,1,dialectic,bavli,avodah_zarah,avodah_zarah.sugya185:17
2742,2938,Directed,1,1,dialectic,bavli,avodah_zarah,avodah_zarah.sugya267:70
2744,47,Directed,1,1,dialectic,bavli,beitzah,beitzah.sugya038:8
2744,2763,Directed,1,1,dialectic,bavli,chullin,chullin.sugya110:139
2744,913,Directed,1,1,dialectic,bavli,pesachim,pesachim.sugya042:77
2744,2852,Directed,1,1,dialectic,bavli,pesachim,pesachim.sugya171:4
2744,895,Directed,1,1,dialectic,bavli,taanit,taanit.sugya027:8
867,276,Directed,1,1,dialectic,bavli,menachot,menachot.sugya203:15
6,2763,Directed,1,1,dialectic,bavli,bava_batra,bava_batra.sugya141:8
286,2763,Directed,1,1,dialectic,bavli,bava_batra,bava_batra.sugya332:23
514,2763,Directed,1,1,dialectic,bavli,bava_kamma,bava_kamma.sugya276:12
98,2763,Directed,1,1,dialectic,bavli,bava_metzia,bava_metzia.sugya025:53
312,2763,Directed,1,1,dialectic,bavli,bava_metzia,bava_metzia.sugya366:58
602,2763,Directed,1,1,dialectic,bavli,bava_metzia,bava_metzia.sugya397:30
2763,417,Directed,1,1,dialectic,bavli,chagigah,chagigah.sugya034:12
297,2763,Directed,1,1,dialectic,bavli,eruvin,eruvin.sugya332:5
922,2763,Directed,1,1,dialectic,bavli,menachot,menachot.sugya393:12
92,2763,Directed,1,1,dialectic,bavli,nedarim,nedarim.sugya055:67
913,2763,Directed,1,1,dialectic,bavli,pesachim,pesachim.sugya042:75
927,2763,Directed,1,1,dialectic,bavli,sanhedrin,sanhedrin.sugya046:0
6,2769,Directed,1,1,dialectic,bavli,bava_kamma,bava_kamma.sugya016:5
571,2781,Directed,1,1,dialectic,bavli,kiddushin,kiddushin.sugya098:8
534,2795,Directed,1,1,dialectic,bavli,bava_kamma,bava_kamma.sugya156:44
895,2795,Directed,1,1,dialectic,bavli,eruvin,eruvin.sugya144:39
47,2795,Directed,1,1,dialectic,bavli,shevuot,shevuot.sugya204:11
571,2795,Directed,1,1,dialectic,bavli,zevachim,zevachim.sugya109:15
571,2800,Directed,1,1,dialectic,bavli,bava_kamma,bava_kamma.sugya176:19
286,2800,Directed,1,1,dialectic,bavli,chullin,chullin.sugya007:48
2800,495,Directed,1,1,dialectic,bavli,moed_katan,moed_katan.sugya077:200
2814,829,Directed,1,1,dialectic,bavli,berakhot,berakhot.sugya229:3
977,2824,Directed,1,1,dialectic,bavli,makkot,makkot.sugya150:0
283,895,Directed,1,1,dialectic,bavli,shabbat,shabbat.sugya837:37
895,283,Directed,1,1,dialectic,bavli,shabbat,shabbat.sugya837:38
92,2830,Directed,1,1,dialectic,bavli,menachot,menachot.sugya127:21
977,2830,Directed,1,1,dialectic,bavli,niddah,niddah.sugya113:6
918,2830,Directed,1,1,dialectic,bavli,shevuot,shevuot.sugya145:18
2839,2879,Directed,1,1,dialectic,bavli,chullin,chullin.sugya352:6
600,2846,Directed,1,1,dialectic,bavli,arakhin,arakhin.sugya206:29
2846,417,Directed,1,1,dialectic,bavli,gittin,gittin.sugya366:8
286,977,Directed,1,1,dialectic,bavli,bava_batra,bava_batra.sugya398:128
304,286,Directed,1,1,dialectic,bavli,beitzah,beitzah.sugya094:0
286,467,Directed,1,1,dialectic,bavli,yoma,yoma.sugya251:51
297,2861,Directed,1,1,dialectic,bavli,chullin,chullin.sugya172:78
2865,2879,Directed,1,1,dialectic,bavli,sanhedrin,sanhedrin.sugya140:12
2879,2865,Directed,1,1,dialectic,bavli,sanhedrin,sanhedrin.sugya140:14
602,2879,Directed,1,1,dialectic,bavli,yoma,yoma.sugya272:3
368,2879,Directed,1,1,dialectic,bavli,zevachim,zevachim.sugya016:16
895,2888,Directed,1,1,dialectic,bavli,zevachim,zevachim.sugya029:0
289,2938,Directed,1,1,dialectic,bavli,bava_batra,bava_batra.sugya486:24
467,2891,Directed,1,1,dialectic,bavli,shabbat,shabbat.sugya152:6
485,2896,Directed,1,1,dialectic,bavli,berakhot,berakhot.sugya110:7
2896,485,Directed,1,1,dialectic,bavli,berakhot,berakhot.sugya110:9
2923,6,Directed,1,1,dialectic,bavli,niddah,niddah.sugya380:58
6,2923,Directed,1,1,dialectic,bavli,niddah,niddah.sugya380:59
895,2938,Directed,1,1,dialectic,bavli,bava_batra,bava_batra.sugya290:38
6,2938,Directed,1,1,dialectic,bavli,berakhot,berakhot.sugya114:8
2938,514,Directed,1,1,dialectic,bavli,chullin,chullin.sugya308:109
514,2938,Directed,1,1,dialectic,bavli,chullin,chullin.sugya308:110
534,2938,Directed,1,1,dialectic,bavli,eruvin,eruvin.sugya155:12
2938,465,Directed,1,1,dialectic,bavli,eruvin,eruvin.sugya212:27
867,2938,Directed,1,1,dialectic,bavli,eruvin,eruvin.sugya212:28
780,2938,Directed,1,1,dialectic,bavli,keritot,keritot.sugya008:51
2938,297,Directed,1,1,dialectic,bavli,pesachim,pesachim.sugya165:10
977,2938,Directed,1,1,dialectic,bavli,sanhedrin,sanhedrin.sugya179:13
2938,534,Directed,1,1,dialectic,bavli,yevamot,yevamot.sugya003:160
294,6,Directed,1,1,dialectic,bavli,shabbat,shabbat.sugya676:11
495,2941,Directed,1,1,dialectic,bavli,shabbat,shabbat.sugya181:11
306,297,Directed,1,1,dialectic,bavli,kiddushin,kiddushin.sugya069:64
297,478,Directed,1,1,dialectic,bavli,zevachim,zevachim.sugya210:21
571,2993,Directed,1,1,dialectic,bavli,chullin,chullin.sugya153:12
304,993,Directed,1,1,dialectic,bavli,bava_metzia,bava_metzia.sugya277:2
304,467,Directed,1,1,dialectic,bavli,bava_metzia,bava_metzia.sugya008:44
304,92,Directed,1,1,dialectic,bavli,sanhedrin,sanhedrin.sugya043:12
6,31,Directed,1,1,dialectic,bavli,sanhedrin,sanhedrin.sugya255:20
495,310,Directed,1,1,dialectic,bavli,yevamot,yevamot.sugya159:52
571,312,Directed,1,1,dialectic,bavli,sanhedrin,sanhedrin.sugya308:57
859,322,Directed,1,1,dialectic,bavli,gittin,gittin.sugya032:27
34,495,Directed,1,1,dialectic,bavli,taanit,taanit.sugya031:3
571,343,Directed,1,1,dialectic,bavli,pesachim,pesachim.sugya249:71
829,368,Directed,1,1,dialectic,bavli,eruvin,eruvin.sugya256:169
368,829,Directed,1,1,dialectic,bavli,eruvin,eruvin.sugya256:170
571,368,Directed,1,1,dialectic,bavli,menachot,menachot.sugya067:9
368,417,Directed,1,1,dialectic,bavli,pesachim,pesachim.sugya091:23
417,368,Directed,1,1,dialectic,bavli,pesachim,pesachim.sugya091:24
417,495,Directed,1,1,dialectic,bavli,avodah_zarah,avodah_zarah.sugya094:44
6,417,Directed,1,1,dialectic,bavli,gittin,gittin.sugya363:24
495,417,Directed,1,1,dialectic,bavli,zevachim,zevachim.sugya068:2
445,535,Directed,1,1,dialectic,bavli,kiddushin,kiddushin.sugya158:110
571,465,Directed,1,1,dialectic,bavli,ketubot,ketubot.sugya188:9
514,465,Directed,1,1,dialectic,bavli,moed_katan,moed_katan.sugya008:8
467,977,Directed,1,1,dialectic,bavli,shabbat,shabbat.sugya694:112
467,829,Directed,1,1,dialectic,bavli,yevamot,yevamot.sugya458:2
867,467,Directed,1,1,dialectic,bavli,zevachim,zevachim.sugya246:2
571,47,Directed,1,1,dialectic,bavli,bava_kamma,bava_kamma.sugya461:31
993,47,Directed,1,1,dialectic,bavli,bava_metzia,bava_metzia.sugya038:7
535,47,Directed,1,1,dialectic,bavli,chullin,chullin.sugya380:47
47,92,Directed,1,1,dialectic,bavli,makkot,makkot.sugya093:24
571,471,Directed,1,1,dialectic,bavli,sotah,sotah.sugya008:1
477,548,Directed,1,1,dialectic,bavli,menachot,menachot.sugya051:34
495,723,Directed,1,1,dialectic,bavli,gittin,gittin.sugya003:33
495,571,Directed,1,1,dialectic,bavli,gittin,gittin.sugya276:90
571,495,Directed,1,1,dialectic,bavli,gittin,gittin.sugya276:92
495,534,Directed,1,1,dialectic,bavli,shabbat,shabbat.sugya872:18
534,495,Directed,1,1,dialectic,bavli,shabbat,shabbat.sugya872:20
495,92,Directed,1,1,dialectic,bavli,yevamot,yevamot.sugya242:2
514,918,Directed,1,1,dialectic,bavli,bava_batra,bava_batra.sugya165:28
514,993,Directed,1,1,dialectic,bavli,beitzah,beitzah.sugya103:34
514,867,Directed,1,1,dialectic,bavli,gittin,gittin.sugya135:145
968,514,Directed,1,1,dialectic,bavli,yevamot,yevamot.sugya031:18
534,571,Directed,1,1,dialectic,bavli,bekhorot,bekhorot.sugya172:39
534,895,Directed,1,1,dialectic,bavli,eruvin,eruvin.sugya304:5
535,723,Directed,1,1,dialectic,bavli,gittin,gittin.sugya003:34
535,6,Directed,1,1,dialectic,bavli,gittin,gittin.sugya331:2
600,535,Directed,1,1,dialectic,bavli,ketubot,ketubot.sugya358:4
535,571,Directed,1,1,dialectic,bavli,menachot,menachot.sugya003:68
535,92,Directed,1,1,dialectic,bavli,yevamot,yevamot.sugya242:3
545,548,Directed,1,1,dialectic,bavli,sotah,sotah.sugya098:6
571,85,Directed,1,1,dialectic,bavli,bava_batra,bava_batra.sugya042:16
571,827,Directed,1,1,dialectic,bavli,bava_kamma,bava_kamma.sugya460:43
92,571,Directed,1,1,dialectic,bavli,bava_kamma,bava_kamma.sugya517:33
571,602,Directed,1,1,dialectic,bavli,berakhot,berakhot.sugya233:4
900,571,Directed,1,1,dialectic,bavli,chullin,chullin.sugya122:38
571,913,Directed,1,1,dialectic,bavli,eruvin,eruvin.sugya260:19
587,571,Directed,1,1,dialectic,bavli,gittin,gittin.sugya156:1
571,587,Directed,1,1,dialectic,bavli,gittin,gittin.sugya156:2
918,571,Directed,1,1,dialectic,bavli,shabbat,shabbat.sugya199:11
92,6,Directed,1,1,dialectic,bavli,shabbat,shabbat.sugya010:49
602,867,Directed,1,1,dialectic,bavli,eruvin,eruvin.sugya440:11
624,829,Directed,1,1,dialectic,bavli,rosh_hashanah,rosh_hashanah.sugya031:160
842,895,Directed,1,1,dialectic,bavli,gittin,gittin.sugya112:18
993,868,Directed,1,1,dialectic,bavli,nedarim,nedarim.sugya255:69
968,895,Directed,1,1,dialectic,bavli,beitzah,beitzah.sugya228:29
913,895,Directed,1,1,dialectic,bavli,ketubot,ketubot.sugya219:2
895,913,Directed,1,1,dialectic,bavli,ketubot,ketubot.sugya219:3
895,977,Directed,1,1,dialectic,bavli,kiddushin,kiddushin.sugya114:3
917,895,Directed,1,1,dialectic,bavli,niddah,niddah.sugya191:76
918,895,Directed,1,1,dialectic,bavli,shabbat,shabbat.sugya696:5
