Source,Target,Type,Weight,Sugyot,Relation,Corpus,Tractates,ExampleRecord
2578,2763,Undirected,662,325,dispute,bavli,arakhin;avodah_zarah;bava_batra;bava_kamma;bava_metzia;beitzah;bekhorot;berakhot;chagigah;chullin;eruvin;gittin;horayot;ketubot;kiddushin;makkot;megillah;menachot;moed_katan;nazir;nedarim;niddah;pesachim;rosh_hashanah;sanhedrin;shabbat;shevuot;sotah;sukkah;taanit;yevamot;yoma;zevachim,arakhin.sugya050:6
121,2582,Undirected,564,292,dispute,bavli,arakhin;avodah_zarah;bava_batra;bava_kamma;bava_metzia;beitzah;bekhorot;berakhot;chagigah;chullin;eruvin;gittin;horayot;keritot;ketubot;kiddushin;makkot;menachot;moed_katan;nazir;nedarim;niddah;pesachim;rosh_hashanah;sanhedrin;shabbat;shevuot;sukkah;tamid;temurah;yevamot;yoma;zevachim,arakhin.sugya086:13
1395,2068,Undirected,491,265,dispute,bavli,arakhin;avodah_zarah;bava_batra;bava_kamma;bava_metzia;beitzah;bekhorot;berakhot;chagigah;chullin;eruvin;gittin;horayot;keritot;ketubot;kiddushin;makkot;megillah;meilah;menachot;moed_katan;nazir;nedarim;niddah;pesachim;rosh_hashanah;sanhedrin;shabbat;shevuot;sotah;sukkah;taanit;temurah;yevamot;yoma;zevachim,arakhin.sugya079:25
1570,2879,Undirected,424,201,dispute,bavli,avodah_zarah;bava_batra;bava_kamma;bava_metzia;beitzah;bekhorot;berakhot;chagigah;chullin;eruvin;gittin;keritot;ketubot;kiddushin;makkot;meilah;menachot;nazir;nedarim;niddah;pesachim;rosh_hashanah;sanhedrin;shabbat;shevuot;sotah;sukkah;taanit;temurah;yevamot;yoma;zevachim,avodah_zarah.sugya035:3
1395,2830,Undirected,259,138,dispute,bavli,arakhin;bava_batra;bava_kamma;bava_metzia;beitzah;bekhorot;chagigah;chullin;eruvin;horayot;keritot;ketubot;kiddushin;meilah;menachot;moed_katan;nazir;nedarim;niddah;pesachim;rosh_hashanah;sanhedrin;shabbat;shevuot;sotah;sukkah;temurah;yevamot;yoma;zevachim,arakhin.sugya097:11
1527,417,Undirected,257,125,dispute,bavli,arakhin;avodah_zarah;bava_batra;bava_kamma;bava_metzia;beitzah;bekhorot;berakhot;chagigah;chullin;eruvin;keritot;ketubot;kiddushin;makkot;megillah;menachot;moed_katan;nazir;nedarim;niddah;pesachim;rosh_hashanah;sanhedrin;shabbat;shevuot;sotah;taanit;temurah;yevamot;yoma;zevachim,arakhin.sugya091:167
1395,1657,Undirected,230,116,dispute,bavli,arakhin;avodah_zarah;bava_batra;bava_kamma;bava_metzia;beitzah;bekhorot;berakhot;eruvin;gittin;horayot;keritot;ketubot;kiddushin;megillah;menachot;moed_katan;nazir;nedarim;niddah;pesachim;rosh_hashanah;sanhedrin;shabbat;sotah;sukkah;taanit;yevamot;yoma;zevachim,arakhin.sugya106:1
1657,2068,Undirected,185,103,dispute,bavli,arakhin;avodah_zarah;bava_kamma;bava_metzia;bekhorot;berakhot;chullin;eruvin;gittin;horayot;ketubot;kiddushin;megillah;meilah;menachot;moed_katan;nazir;nedarim;niddah;pesachim;rosh_hashanah;sanhedrin;shabbat;shevuot;sotah;sukkah;taanit;temurah;yevamot;yoma;zevachim,arakhin.sugya045:0
1979,2465,Undirected,170,93,dispute,bavli,avodah_zarah;bava_batra;bava_kamma;bava_metzia;bekhorot;berakhot;chagigah;chullin;eruvin;gittin;horayot;keritot;ketubot;kiddushin;makkot;megillah;menachot;moed_katan;nazir;nedarim;pesachim;rosh_hashanah;sanhedrin;shabbat;shevuot;sotah;sukkah;temurah;yevamot;yoma;zevachim,avodah_zarah.sugya221:1
1570,2578,Undirected,140,79,dispute,bavli,arakhin;avodah_zarah;bava_batra;bava_kamma;bava_metzia;beitzah;berakhot;chullin;eruvin;gittin;horayot;keritot;ketubot;kiddushin;megillah;meilah;menachot;nedarim;niddah;pesachim;rosh_hashanah;sanhedrin;shabbat;sukkah;taanit;yevamot;yoma;zevachim,arakhin.sugya091:166
1570,467,Undirected,126,68,dispute,bavli,arakhin;avodah_zarah;bava_batra;bava_kamma;bava_metzia;beitzah;bekhorot;berakhot;chagigah;chullin;gittin;keritot;ketubot;meilah;menachot;moed_katan;nazir;niddah;pesachim;rosh_hashanah;sanhedrin;shabbat;shevuot;sotah;sukkah;temurah;yevamot;yoma;zevachim,arakhin.sugya227:1
1570,2763,Undirected,115,68,dispute,bavli,arakhin;bava_batra;bava_kamma;bava_metzia;bekhorot;berakhot;chagigah;chullin;eruvin;ketubot;kiddushin;megillah;menachot;nedarim;niddah;pesachim;sanhedrin;shabbat;shevuot;sotah;sukkah;yevamot;zevachim,arakhin.sugya091:165
2068,2830,Undirected,114,58,dispute,bavli,arakhin;avodah_zarah;bava_batra;bava_kamma;bava_metzia;bekhorot;chullin;eruvin;gittin;horayot;ketubot;kiddushin;meilah;menachot;niddah;pesachim;rosh_hashanah;sanhedrin;shabbat;shevuot;sukkah;yevamot;yoma;zevachim,arakhin.sugya173:1
2465,417,Undirected,103,56,dispute,bavli,avodah_zarah;bava_kamma;bava_metzia;bekhorot;berakhot;kiddushin;megillah;meilah;menachot;moed_katan;nedarim;niddah;pesachim;sanhedrin;shabbat;shevuot;sotah;sukkah;temurah;yevamot;yoma;zevachim,avodah_zarah.sugya188:13
1764,2581,Undirected,95,55,dispute,bavli,arakhin;bava_batra;bava_kamma;bava_metzia;beitzah;bekhorot;berakhot;eruvin;gittin;keritot;ketubot;kiddushin;megillah;meilah;menachot;moed_katan;nazir;pesachim;shabbat;shevuot;taanit;yevamot;zevachim,arakhin.sugya024:18
2582,571,Undirected,82,49,dispute,bavli,bava_batra;bava_kamma;bava_metzia;beitzah;bekhorot;chagigah;chullin;eruvin;gittin;keritot;ketubot;makkot;megillah;meilah;menachot;nedarim;pesachim;sanhedrin;shabbat;shevuot;sotah;sukkah;temurah;yevamot;yoma;zevachim,bava_batra.sugya378:38
1345,895,Undirected,73,43,dispute,bavli,bava_batra;bava_kamma;bava_metzia;beitzah;berakhot;chullin;gittin;ketubot;kiddushin;menachot;niddah;pesachim;shabbat;shevuot;sotah;sukkah;tamid;yevamot;yoma;zevachim,bava_batra.sugya039:8
2285,2938,Undirected,72,38,dispute,bavli,bava_batra;bava_kamma;bava_metzia;beitzah;bekhorot;berakhot;eruvin;gittin;ketubot;kiddushin;menachot;nedarim;pesachim;sanhedrin;shabbat;sukkah;taanit;yoma,bava_batra.sugya411:14
1075,1570,Undirected,69,39,dispute,bavli,avodah_zarah;bava_kamma;chagigah;chullin;eruvin;gittin;keritot;ketubot;kiddushin;meilah;menachot;moed_katan;nazir;niddah;pesachim;sanhedrin;shabbat;shevuot;sotah;temurah;zevachim,avodah_zarah.sugya143:46
1742,2465,Undirected,69,45,dispute,bavli,avodah_zarah;bava_kamma;beitzah;berakhot;chagigah;chullin;eruvin;horayot;ketubot;kiddushin;makkot;menachot;niddah;pesachim;rosh_hashanah;sanhedrin;shevuot;sotah;sukkah;yoma;zevachim,avodah_zarah.sugya186:4
2581,2582,Undirected,68,35,dispute,bavli,avodah_zarah;bava_kamma;bava_metzia;beitzah;berakhot;chullin;eruvin;gittin;ketubot;menachot;nedarim;pesachim;shabbat;sukkah;zevachim,avodah_zarah.sugya104:38
1544,1570,Undirected,63,34,dispute,bavli,avodah_zarah;bava_batra;bava_kamma;berakhot;eruvin;gittin;ketubot;megillah;menachot;pesachim;rosh_hashanah;sanhedrin;shabbat;shevuot;sukkah;yevamot;yoma;zevachim,avodah_zarah.sugya019:11
1383,2465,Undirected,61,29,dispute,bavli,bava_kamma;bava_metzia;bekhorot;gittin;ketubot;kiddushin;menachot;pesachim;rosh_hashanah;shabbat;sukkah;yevamot,bava_kamma.sugya453:29
1508,1695,Undirected,60,28,dispute,bavli,beitzah;bekhorot;chagigah;eruvin;gittin;keritot;kiddushin;makkot;menachot;nazir;nedarim;rosh_hashanah;shabbat;shevuot;sotah;sukkah;zevachim,beitzah.sugya036:20
1527,829,Undirected,59,27,dispute,bavli,bava_batra;beitzah;bekhorot;berakhot;eruvin;ketubot;kiddushin;pesachim;sanhedrin;shabbat;yevamot;zevachim,bava_batra.sugya034:109
1508,2852,Undirected,56,28,dispute,bavli,bava_batra;bava_metzia;bekhorot;chullin;eruvin;gittin;ketubot;niddah;pesachim;rosh_hashanah;sanhedrin;shabbat;shevuot;sotah;taanit;yevamot,bava_batra.sugya431:20
2518,2582,Undirected,52,28,dispute,bavli,arakhin;avodah_zarah;bava_kamma;bava_metzia;bekhorot;eruvin;horayot;keritot;ketubot;kiddushin;meilah;menachot;moed_katan;niddah;pesachim;sanhedrin;temurah;yevamot,arakhin.sugya137:100
2032,2578,Undirected,49,29,dispute,bavli,avodah_zarah;bava_kamma;bava_metzia;beitzah;chullin;gittin;ketubot;meilah;niddah;pesachim;sanhedrin;sotah;temurah;yoma;zevachim,avodah_zarah.sugya143:103
2518,993,Undirected,45,26,dispute,bavli,avodah_zarah;bava_batra;bava_kamma;bava_metzia;chullin;gittin;ketubot;pesachim;shabbat;taanit;zevachim,avodah_zarah.sugya121:5
1508,478,Undirected,44,23,dispute,bavli,chullin;kiddushin;menachot;moed_katan;pesachim;shabbat;taanit;yevamot;yoma;zevachim,chullin.sugya300:61
121,571,Undirected,42,26,dispute,bavli,bava_batra;bava_kamma;bava_metzia;berakhot;chullin;eruvin;ketubot;menachot;moed_katan;nedarim;pesachim;sanhedrin;shabbat;shevuot;sukkah;taanit;tamid,bava_batra.sugya088:5
1657,2830,Undirected,42,24,dispute,bavli,bava_kamma;chullin;eruvin;keritot;kiddushin;niddah;pesachim;sanhedrin;temurah;yevamot;yoma;zevachim,bava_kamma.sugya084:17
1764,2582,Undirected,42,24,dispute,bavli,arakhin;avodah_zarah;bava_batra;beitzah;chagigah;eruvin;gittin;horayot;nedarim;pesachim;sanhedrin;shabbat;sotah;temurah;yevamot,arakhin.sugya024:8
2518,571,Undirected,40,23,dispute,bavli,avodah_zarah;bava_kamma;bava_metzia;beitzah;berakhot;chullin;eruvin;ketubot;moed_katan;pesachim;sanhedrin;shabbat;sotah;yevamot;yoma;zevachim,avodah_zarah.sugya241:127
1385,1624,Undirected,39,24,dispute,bavli,bava_batra;bava_metzia;chagigah;chullin;menachot;nazir;sanhedrin;shabbat;shevuot;sotah;temurah;yoma,bava_batra.sugya391:6
1570,895,Undirected,38,23,dispute,bavli,bava_batra;berakhot;chagigah;eruvin;gittin;ketubot;makkot;megillah;nedarim;pesachim;shabbat;taanit;yevamot;yoma,bava_batra.sugya014:9
1212,1570,Undirected,36,23,dispute,bavli,bava_metzia;bekhorot;berakhot;chullin;eruvin;gittin;megillah;menachot;moed_katan;pesachim;sanhedrin;shabbat;sotah;yoma,bava_metzia.sugya070:6
1394,895,Undirected,35,24,dispute,bavli,bava_batra;bava_kamma;bava_metzia;bekhorot;berakhot;chullin;eruvin;gittin;ketubot;kiddushin;menachot;moed_katan;pesachim;shabbat;yevamot,bava_batra.sugya362:0
2646,297,Undirected,35,27,dispute,bavli,avodah_zarah;bava_batra;bava_kamma;bava_metzia;chullin;eruvin;horayot;ketubot;megillah;sanhedrin;shabbat;shevuot;sotah;sukkah;yevamot,avodah_zarah.sugya092:17
1345,2582,Undirected,34,21,dispute,bavli,bava_batra;bekhorot;eruvin;gittin;makkot;menachot;nazir;niddah;pesachim;sanhedrin;shabbat;temurah;zevachim,bava_batra.sugya527:8
1345,2581,Undirected,34,19,dispute,bavli,bava_kamma;bava_metzia;beitzah;chullin;gittin;keritot;menachot;pesachim;sanhedrin;shabbat;yoma;zevachim,bava_kamma.sugya454:3
1570,2582,Undirected,32,19,dispute,bavli,bava_batra;bava_kamma;bava_metzia;bekhorot;berakhot;chullin;eruvin;megillah;moed_katan;pesachim;sanhedrin;shabbat;taanit;zevachim,bava_batra.sugya028:16
2068,467,Undirected,32,18,dispute,bavli,bava_batra;bekhorot;chullin;gittin;ketubot;rosh_hashanah;yevamot;yoma,bava_batra.sugya514:19
2285,895,Undirected,32,22,dispute,bavli,avodah_zarah;bava_batra;bava_kamma;bava_metzia;chullin;gittin;ketubot;megillah;shabbat;shevuot;sotah;sukkah;yevamot,avodah_zarah.sugya159:2
139,867,Undirected,31,19,dispute,bavli,avodah_zarah;bava_batra;bava_kamma;chullin;eruvin;ketubot;meilah;moed_katan;sanhedrin;shabbat;sukkah;yoma;zevachim,avodah_zarah.sugya137:57
2298,2518,Undirected,31,18,dispute,bavli,chullin;horayot;ketubot;megillah;menachot;rosh_hashanah;shabbat;sotah;sukkah;taanit;yevamot;yoma;zevachim,chullin.sugya429:60
2647,571,Undirected,31,18,dispute,bavli,bava_kamma;bava_metzia;bekhorot;eruvin;keritot;moed_katan;nedarim;pesachim;sanhedrin;yevamot;yoma,bava_kamma.sugya084:37
1395,2266,Undirected,30,16,dispute,bavli,berakhot;kiddushin;makkot;megillah;sanhedrin;shabbat;sotah;yoma;zevachim,berakhot.sugya333:13
495,535,Undirected,30,11,dispute,bavli,bekhorot;chullin;makkot;nedarim;sanhedrin;shabbat;sotah;sukkah;yoma,bekhorot.sugya319:4
2285,2582,Undirected,29,18,dispute,bavli,arakhin;avodah_zarah;bava_batra;bekhorot;chullin;gittin;makkot;megillah;menachot;nedarim;pesachim;sanhedrin;shabbat;temurah;yevamot,arakhin.sugya048:24
2800,467,Undirected,29,12,dispute,bavli,avodah_zarah;bava_kamma;bava_metzia;berakhot;shabbat;sotah;taanit,avodah_zarah.sugya084:17
121,2581,Undirected,28,16,dispute,bavli,bava_batra;bava_kamma;bava_metzia;chullin;eruvin;megillah;menachot;pesachim;shabbat;yevamot,bava_batra.sugya135:31
1394,2285,Undirected,28,17,dispute,bavli,avodah_zarah;bava_batra;bava_kamma;bava_metzia;berakhot;chullin;gittin;horayot;ketubot;menachot;nedarim;pesachim;sanhedrin;shabbat,avodah_zarah.sugya159:48
1508,2330,Undirected,27,13,dispute,bavli,bava_batra;bava_kamma;bava_metzia;berakhot;gittin;ketubot;kiddushin;pesachim;shabbat;temurah,bava_batra.sugya459:24
1689,467,Undirected,27,15,dispute,bavli,arakhin;avodah_zarah;bava_metzia;berakhot;eruvin;moed_katan;pesachim;sanhedrin;shabbat;temurah;zevachim,arakhin.sugya042:13
2763,2879,Undirected,26,16,dispute,bavli,avodah_zarah;bava_batra;berakhot;gittin;ketubot;menachot;moed_katan;rosh_hashanah;sanhedrin;shabbat;taanit;yoma;zevachim,avodah_zarah.sugya231:13
1395,467,Undirected,24,14,dispute,bavli,gittin;horayot;keritot;ketubot;menachot;nazir;pesachim;rosh_hashanah;shevuot;sotah;yoma;zevachim,gittin.sugya075:2
2518,918,Undirected,24,14,dispute,bavli,arakhin;bava_batra;bava_kamma;eruvin;ketubot;sanhedrin;sukkah;yevamot,arakhin.sugya137:129
2518,2533,Undirected,24,13,dispute,bavli,avodah_zarah;bava_batra;bekhorot;chullin;gittin;ketubot;megillah;niddah;pesachim;shevuot;yevamot,avodah_zarah.sugya159:24
2578,2582,Undirected,24,15,dispute,bavli,bava_batra;bava_kamma;beitzah;bekhorot;berakhot;chullin;menachot;pesachim;sanhedrin;shabbat;sotah,bava_batra.sugya462:11
1657,417,Undirected,23,12,dispute,bavli,bava_kamma;chullin;eruvin;menachot;nazir;niddah;pesachim,bava_kamma.sugya394:79
1394,1570,Undirected,22,13,dispute,bavli,bava_kamma;bava_metzia;berakhot;chullin;gittin;kiddushin;pesachim;sanhedrin;shabbat,bava_kamma.sugya529:15
1570,2285,Undirected,22,11,dispute,bavli,bava_batra;bava_metzia;beitzah;chullin;gittin;ketubot;shabbat;sotah;taanit;yoma,bava_batra.sugya398:106
1570,1814,Undirected,22,14,dispute,bavli,bava_batra;bava_metzia;berakhot;chullin;gittin;menachot;nedarim;niddah;sanhedrin;yoma;zevachim,bava_batra.sugya462:21
2285,2578,Undirected,22,15,dispute,bavli,bava_batra;bava_kamma;bava_metzia;eruvin;gittin;ketubot;sanhedrin;taanit;yevamot;yoma,bava_batra.sugya402:5
2465,465,Undirected,22,14,dispute,bavli,bava_batra;berakhot;chagigah;chullin;eruvin;ketubot;menachot;nazir;niddah;pesachim;sanhedrin;yevamot;yoma,bava_batra.sugya276:31
1088,2896,Undirected,21,10,dispute,bavli,bekhorot;berakhot;chullin;eruvin;menachot;sanhedrin;shabbat;shevuot,bekhorot.sugya157:33
1212,2578,Undirected,21,13,dispute,bavli,bava_batra;chullin;gittin;megillah;menachot;niddah;sanhedrin;shabbat,bava_batra.sugya462:19
2161,571,Undirected,21,13,dispute,bavli,bava_kamma;bava_metzia;beitzah;bekhorot;chullin;moed_katan;nedarim;niddah;pesachim;shabbat,bava_kamma.sugya328:44
2830,417,Undirected,21,14,dispute,bavli,arakhin;ketubot;nazir;sanhedrin;shevuot;temurah;yevamot;yoma;zevachim,arakhin.sugya169:3
1570,2409,Undirected,20,14,dispute,bavli,avodah_zarah;berakhot;chullin;eruvin;ketubot;meilah;niddah;pesachim;shabbat;taanit;yoma;zevachim,avodah_zarah.sugya267:38
1593,2465,Undirected,20,12,dispute,bavli,bava_batra;bava_kamma;bekhorot;keritot;nazir;pesachim;rosh_hashanah;sanhedrin;shabbat;temurah;zevachim,bava_batra.sugya167:16
121,2518,Undirected,19,12,dispute,bavli,bava_kamma;ketubot;menachot;moed_katan;nazir;sanhedrin;sotah;yevamot;yoma;zevachim,bava_kamma.sugya234:13
1395,1832,Undirected,19,10,dispute,bavli,bava_kamma;chullin;eruvin;nedarim;pesachim;sanhedrin;shevuot;sotah;temurah,bava_kamma.sugya146:32
1527,2465,Undirected,19,12,dispute,bavli,bekhorot;berakhot;nedarim;niddah;shabbat;yevamot,bekhorot.sugya079:18
2285,2763,Undirected,19,14,dispute,bavli,bava_batra;gittin;ketubot;kiddushin;makkot;shabbat;shevuot;taanit;yevamot,bava_batra.sugya414:51
121,1764,Undirected,18,11,dispute,bavli,bava_batra;bava_metzia;eruvin;horayot;kiddushin;shabbat,bava_batra.sugya056:10
1345,1570,Undirected,18,12,dispute,bavli,bava_batra;bava_kamma;bava_metzia;bekhorot;berakhot;pesachim;shevuot;sukkah;zevachim,bava_batra.sugya149:18
2578,534,Undirected,18,10,dispute,bavli,beitzah;chullin;ketubot;kiddushin;megillah;sukkah,beitzah.sugya002:146
121,1952,Undirected,17,10,dispute,bavli,bava_batra;gittin;ketubot;menachot;shevuot;yoma;zevachim,bava_batra.sugya398:175
1395,417,Undirected,17,13,dispute,bavli,arakhin;bava_kamma;bava_metzia;berakhot;eruvin;kiddushin;pesachim;sanhedrin;yevamot;yoma;zevachim,arakhin.sugya169:2
1570,1885,Undirected,17,10,dispute,bavli,berakhot;keritot;moed_katan;niddah;sanhedrin;shabbat;sotah;temurah,berakhot.sugya495:16
2409,2763,Undirected,17,10,dispute,bavli,arakhin;bava_kamma;chagigah;gittin;kiddushin;moed_katan;nedarim;niddah;shabbat;yevamot,arakhin.sugya133:19
2582,2938,Undirected,17,11,dispute,bavli,bava_batra;bava_kamma;bava_metzia;berakhot;gittin;nedarim;niddah;shabbat;temurah,bava_batra.sugya447:170
1127,895,Undirected,16,11,dispute,bavli,bava_batra;bava_metzia;chullin;eruvin;pesachim;shabbat,bava_batra.sugya018:5
121,2298,Undirected,16,9,dispute,bavli,bava_batra;gittin;megillah;niddah;pesachim;sotah;sukkah;yoma,bava_batra.sugya376:48
1885,495,Undirected,16,9,dispute,bavli,berakhot;kiddushin;makkot;menachot;sotah;sukkah;yevamot;yoma,berakhot.sugya341:11
2518,270,Undirected,16,10,dispute,bavli,bava_batra;bava_kamma;bava_metzia;bekhorot;nedarim;sanhedrin;shevuot,bava_batra.sugya467:148
2763,534,Undirected,16,12,dispute,bavli,bava_batra;bava_kamma;ketubot;kiddushin;nazir;shabbat;shevuot;yevamot,bava_batra.sugya363:10
121,1394,Undirected,15,9,dispute,bavli,bava_batra;keritot;nazir;shabbat;sukkah;yevamot,bava_batra.sugya512:44
1345,2938,Undirected,15,10,dispute,bavli,berakhot;eruvin;nedarim;pesachim;rosh_hashanah;sanhedrin;zevachim,berakhot.sugya239:19
1508,2846,Undirected,15,9,dispute,bavli,bava_batra;bava_kamma;gittin;ketubot;megillah;niddah;yevamot,bava_batra.sugya039:37
1508,1657,Undirected,15,9,dispute,bavli,gittin;makkot;menachot;niddah;sanhedrin;shabbat;zevachim,gittin.sugya291:43
2582,467,Undirected,15,8,dispute,bavli,bava_batra;bava_kamma;berakhot;ketubot;sanhedrin;sotah,bava_batra.sugya470:11
1345,2518,Undirected,14,8,dispute,bavli,eruvin;ketubot;menachot;moed_katan;nedarim;pesachim;yevamot,eruvin.sugya326:35
1394,2582,Undirected,14,9,dispute,bavli,avodah_zarah;bava_kamma;bava_metzia;beitzah;eruvin;pesachim;shabbat;taanit;yevamot,avodah_zarah.sugya121:31
1657,2330,Undirected,14,7,dispute,bavli,keritot;rosh_hashanah;sanhedrin;shabbat;sukkah;yevamot,keritot.sugya104:43
1689,92,Undirected,14,8,dispute,bavli,bava_batra;bava_metzia;berakhot;kiddushin;shabbat;sotah;zevachim,bava_batra.sugya393:18
1764,2298,Undirected,14,8,dispute,bavli,bava_metzia;berakhot;eruvin;megillah;shabbat;yoma,bava_metzia.sugya439:16
2582,2763,Undirected,14,10,dispute,bavli,bava_batra;beitzah;bekhorot;berakhot;sanhedrin;taanit;tamid;yevamot;zevachim,bava_batra.sugya472:113
2582,895,Undirected,14,9,dispute,bavli,bava_kamma;beitzah;chullin;eruvin;gittin;yevamot;yoma,bava_kamma.sugya108:3
2763,895,Undirected,14,11,dispute,bavli,bava_metzia;beitzah;chullin;eruvin;gittin;menachot;nedarim;shabbat;zevachim,bava_metzia.sugya261:28
1017,2582,Undirected,13,8,dispute,bavli,bava_kamma;gittin;keritot;niddah;pesachim;sanhedrin;shabbat,bava_kamma.sugya180:8
1088,1508,Undirected,13,7,dispute,bavli,avodah_zarah;chullin;niddah;yevamot,avodah_zarah.sugya137:137
121,1345,Undirected,13,9,dispute,bavli,bava_batra;bava_metzia;berakhot;eruvin;keritot;nedarim;yoma,bava_batra.sugya117:3
121,92,Undirected,13,7,dispute,bavli,chullin;moed_katan;sanhedrin;shabbat;zevachim,chullin.sugya186:121
1395,451,Undirected,13,7,dispute,bavli,bekhorot;keritot;kiddushin;niddah;pesachim;rosh_hashanah;yoma,bekhorot.sugya204:43
1570,2581,Undirected,13,9,dispute,bavli,bava_kamma;bava_metzia;berakhot;ketubot;pesachim;shevuot;sukkah;yevamot,bava_kamma.sugya148:25
1885,2285,Undirected,13,8,dispute,bavli,arakhin;avodah_zarah;beitzah;gittin;ketubot;sanhedrin;sotah,arakhin.sugya048:22
2285,571,Undirected,13,8,dispute,bavli,avodah_zarah;bava_kamma;bekhorot;ketubot;megillah;menachot;sanhedrin;yevamot,avodah_zarah.sugya214:71
2409,2578,Undirected,13,10,dispute,bavli,berakhot;chullin;eruvin;gittin;ketubot;megillah;niddah;pesachim;sanhedrin,berakhot.sugya218:17
2581,2938,Undirected,13,7,dispute,bavli,avodah_zarah;bava_batra;bava_metzia;eruvin;pesachim,avodah_zarah.sugya092:29
2582,913,Undirected,13,7,dispute,bavli,avodah_zarah;bava_batra;eruvin;temurah,avodah_zarah.sugya083:111
2582,2879,Undirected,13,7,dispute,bavli,bava_batra;bava_kamma;chullin;kiddushin;menachot;taanit;zevachim,bava_batra.sugya020:1
417,829,Undirected,13,7,dispute,bavli,chullin;gittin;keritot;rosh_hashanah;sukkah;yevamot,chullin.sugya094:100
1345,1890,Undirected,12,6,dispute,bavli,menachot;sanhedrin;sotah,menachot.sugya354:12
1570,239,Undirected,12,7,dispute,bavli,chagigah;nazir;pesachim;sukkah;temurah;yevamot;zevachim,chagigah.sugya028:14
2206,571,Undirected,12,6,dispute,bavli,bava_batra;bava_kamma;menachot;sanhedrin;yoma,bava_batra.sugya338:34
2298,2582,Undirected,12,8,dispute,bavli,bava_batra;chullin;menachot;nedarim;pesachim;rosh_hashanah;shabbat,bava_batra.sugya069:90
2465,2830,Undirected,12,9,dispute,bavli,bava_kamma;horayot;keritot;makkot;niddah;rosh_hashanah;sanhedrin;sotah;zevachim,bava_kamma.sugya273:2
2578,895,Undirected,12,7,dispute,bavli,bava_batra;beitzah;berakhot;eruvin;sanhedrin;shabbat,bava_batra.sugya150:10
2582,2646,Undirected,12,6,dispute,bavli,chullin;pesachim;sanhedrin;shevuot;yevamot;zevachim,chullin.sugya002:100
2763,467,Undirected,12,8,dispute,bavli,kiddushin;menachot;nedarim;niddah;shevuot;taanit;yevamot,kiddushin.sugya294:80
1345,2285,Undirected,11,7,dispute,bavli,chullin;eruvin;menachot;moed_katan;nazir;sukkah;yoma,chullin.sugya128:143
1394,2409,Undirected,11,7,dispute,bavli,arakhin;bava_metzia;chullin;gittin;pesachim;sanhedrin;shabbat,arakhin.sugya206:20
1395,1508,Undirected,11,7,dispute,bavli,eruvin;keritot;ketubot;nazir;taanit;yoma;zevachim,eruvin.sugya150:12
1508,2465,Undirected,11,6,dispute,bavli,chullin;kiddushin;sanhedrin;shevuot;sotah,chullin.sugya380:18
1570,763,Undirected,11,7,dispute,bavli,bava_metzia;bekhorot;chullin;menachot;temurah,bava_metzia.sugya473:160
1657,2465,Undirected,11,9,dispute,bavli,eruvin;keritot;menachot;niddah;pesachim;shabbat,eruvin.sugya161:9
1764,2285,Undirected,11,6,dispute,bavli,bava_batra;beitzah;berakhot;chagigah;ketubot;sanhedrin,bava_batra.sugya022:2
2068,2852,Undirected,11,7,dispute,bavli,bava_metzia;bekhorot;gittin;sanhedrin;taanit;yoma,bava_metzia.sugya449:14
2465,2885,Undirected,11,6,dispute,bavli,eruvin;gittin;ketubot;menachot,eruvin.sugya462:1
2578,467,Undirected,11,8,dispute,bavli,avodah_zarah;bava_batra;berakhot;eruvin;gittin;sanhedrin;shevuot,avodah_zarah.sugya047:4
2578,2594,Undirected,11,6,dispute,bavli,avodah_zarah;chullin;menachot;sukkah,avodah_zarah.sugya293:22
2582,2618,Undirected,11,6,dispute,bavli,avodah_zarah;chullin;eruvin;menachot;nedarim;zevachim,avodah_zarah.sugya031:11
2938,571,Undirected,11,6,dispute,bavli,niddah;pesachim;shabbat;sotah;yoma,niddah.sugya235:22
1017,571,Undirected,10,4,dispute,bavli,bava_kamma;berakhot;shevuot;sukkah,bava_kamma.sugya262:7
1212,1544,Undirected,10,6,dispute,bavli,avodah_zarah;niddah;pesachim;sanhedrin;shabbat,avodah_zarah.sugya131:15
1345,2596,Undirected,10,7,dispute,bavli,bava_batra;bava_kamma;bekhorot;eruvin;pesachim;sotah;zevachim,bava_batra.sugya158:4
1345,977,Undirected,10,6,dispute,bavli,berakhot;eruvin;menachot;sanhedrin;shabbat,berakhot.sugya183:2
1345,2578,Undirected,10,6,dispute,bavli,berakhot;chullin;menachot;moed_katan;nedarim;shabbat,berakhot.sugya323:12
1345,1764,Undirected,10,6,dispute,bavli,horayot;ketubot;kiddushin;megillah,horayot.sugya073:12
1394,2581,Undirected,10,6,dispute,bavli,arakhin;beitzah;eruvin;kiddushin;shabbat,arakhin.sugya042:16
1395,1695,Undirected,10,7,dispute,bavli,bekhorot;eruvin;menachot;moed_katan;yevamot;zevachim,bekhorot.sugya246:66
1508,1979,Undirected,10,6,dispute,bavli,bava_batra;ketubot;menachot;zevachim,bava_batra.sugya378:45
1657,2852,Undirected,10,6,dispute,bavli,bekhorot;chullin;kiddushin;pesachim;yevamot,bekhorot.sugya172:74
1885,2763,Undirected,10,5,dispute,bavli,bava_batra;berakhot;menachot;sotah,bava_batra.sugya305:17
194,2578,Undirected,10,5,dispute,bavli,bava_kamma;eruvin;ketubot,bava_kamma.sugya104:32
2174,993,Undirected,10,7,dispute,bavli,bava_batra;bava_kamma;sotah,bava_batra.sugya419:22
2237,2582,Undirected,10,8,dispute,bavli,arakhin;avodah_zarah;bava_batra;bava_metzia;beitzah;moed_katan;sanhedrin,arakhin.sugya137:111
239,2582,Undirected,10,7,dispute,bavli,bava_kamma;ketubot;megillah;nedarim;shabbat,bava_kamma.sugya417:12
2518,2581,Undirected,10,6,dispute,bavli,bava_batra;bava_kamma;chullin;ketubot;yevamot,bava_batra.sugya060:28
2581,895,Undirected,10,5,dispute,bavli,bava_metzia;chullin;gittin;nedarim;sanhedrin,bava_metzia.sugya034:46
2582,2647,Undirected,10,6,dispute,bavli,bekhorot;chullin;niddah;pesachim;yoma;zevachim,bekhorot.sugya079:13
2830,467,Undirected,10,6,dispute,bavli,bava_metzia;horayot;keritot;yevamot,bava_metzia.sugya240:8
1017,2581,Undirected,9,6,dispute,bavli,bava_metzia;eruvin;gittin;pesachim;shabbat,bava_metzia.sugya034:20
1091,535,Undirected,9,5,dispute,bavli,bekhorot;eruvin;menachot;moed_katan,bekhorot.sugya098:27
1113,1570,Undirected,9,6,dispute,bavli,bava_kamma;bava_metzia;bekhorot;chullin;menachot;zevachim,bava_kamma.sugya461:35
1345,571,Undirected,9,6,dispute,bavli,eruvin;niddah;pesachim;yoma,eruvin.sugya449:11
1395,2852,Undirected,9,5,dispute,bavli,bava_batra;chullin;ketubot;shabbat,bava_batra.sugya114:20
1395,1608,Undirected,9,5,dispute,bavli,bava_kamma;berakhot;chullin;gittin;ketubot,bava_kamma.sugya299:32
1764,2763,Undirected,9,5,dispute,bavli,eruvin;megillah;shabbat;yevamot,eruvin.sugya300:25
194,2763,Undirected,9,5,dispute,bavli,avodah_zarah;eruvin;gittin;ketubot,avodah_zarah.sugya131:26
194,2582,Undirected,9,5,dispute,bavli,bava_kamma;bava_metzia;eruvin;niddah;sanhedrin,bava_kamma.sugya011:14
194,895,Undirected,9,6,dispute,bavli,eruvin;ketubot;meilah;nazir;nedarim;pesachim,eruvin.sugya010:55
2068,417,Undirected,9,5,dispute,bavli,gittin;menachot;sanhedrin;shabbat;yevamot,gittin.sugya141:149
2285,2518,Undirected,9,5,dispute,bavli,bava_kamma;bekhorot;gittin;shevuot,bava_kamma.sugya371:20
2465,2888,Undirected,9,7,dispute,bavli,bekhorot;horayot;niddah;sanhedrin;sotah;yoma,bekhorot.sugya371:0
2578,2581,Undirected,9,6,dispute,bavli,beitzah;eruvin;menachot;pesachim;yevamot,beitzah.sugya002:161
2581,571,Undirected,9,5,dispute,bavli,chullin;ketubot;menachot;yevamot,chullin.sugya378:38
2582,2596,Undirected,9,6,dispute,bavli,bava_metzia;beitzah;gittin;shabbat,bava_metzia.sugya399:9
2582,977,Undirected,9,5,dispute,bavli,keritot;menachot;shabbat;zevachim,keritot.sugya130:2
2582,286,Undirected,9,6,dispute,bavli,nedarim;pesachim;shabbat;temurah;yoma,nedarim.sugya002:51
2596,895,Undirected,9,5,dispute,bavli,bava_batra;ketubot;shabbat;sukkah,bava_batra.sugya472:120
467,92,Undirected,9,4,dispute,bavli,sanhedrin;sotah;yoma,sanhedrin.sugya223:11
121,2647,Undirected,8,4,dispute,bavli,bekhorot;chullin;gittin,bekhorot.sugya077:12
1212,2763,Undirected,8,5,dispute,bavli,avodah_zarah;bava_batra;bava_kamma;bava_metzia;eruvin,avodah_zarah.sugya131:16
1212,1814,Undirected,8,4,dispute,bavli,bava_batra;niddah;pesachim;sanhedrin,bava_batra.sugya462:20
129,2763,Undirected,8,4,dispute,bavli,gittin;ketubot;sanhedrin,gittin.sugya333:5
1395,1577,Undirected,8,5,dispute,bavli,eruvin;ketubot;pesachim,eruvin.sugya462:0
1508,2888,Undirected,8,3,dispute,bavli,bava_kamma;kiddushin,bava_kamma.sugya372:6
1508,2830,Undirected,8,5,dispute,bavli,gittin;keritot;shevuot;sotah;temurah,gittin.sugya135:93
1570,485,Undirected,8,4,dispute,bavli,avodah_zarah;ketubot;pesachim;sanhedrin,avodah_zarah.sugya143:47
1570,92,Undirected,8,6,dispute,bavli,bava_kamma;berakhot;chagigah;sotah,bava_kamma.sugya143:5
1657,1695,Undirected,8,5,dispute,bavli,beitzah;makkot;shabbat;zevachim,beitzah.sugya084:17
1764,2518,Undirected,8,5,dispute,bavli,gittin;kiddushin;menachot;shabbat,gittin.sugya090:4
1885,2582,Undirected,8,4,dispute,bavli,avodah_zarah;eruvin;menachot;sanhedrin,avodah_zarah.sugya272:13
1885,467,Undirected,8,5,dispute,bavli,bava_batra;megillah;rosh_hashanah;yevamot;zevachim,bava_batra.sugya033:92
1922,2891,Undirected,8,4,dispute,bavli,berakhot;megillah;sanhedrin;shevuot,berakhot.sugya298:5
1952,2582,Undirected,8,6,dispute,bavli,eruvin;megillah;sanhedrin;yevamot;yoma,eruvin.sugya131:33
1971,2368,Undirected,8,4,dispute,bavli,ketubot;kiddushin;yevamot,ketubot.sugya083:145
2068,2465,Undirected,8,5,dispute,bavli,berakhot;gittin;megillah;menachot;niddah,berakhot.sugya073:4
2298,2647,Undirected,8,4,dispute,bavli,chullin;kiddushin;menachot;sanhedrin,chullin.sugya429:66
2465,829,Undirected,8,5,dispute,bavli,berakhot;pesachim;sanhedrin;sukkah,berakhot.sugya227:2
2518,2646,Undirected,8,5,dispute,bavli,bava_batra;sanhedrin;sukkah;zevachim,bava_batra.sugya171:14
2518,2647,Undirected,8,5,dispute,bavli,bava_metzia;menachot;pesachim;yoma,bava_metzia.sugya008:36
2582,2681,Undirected,8,5,dispute,bavli,avodah_zarah;bava_kamma;bava_metzia;chagigah,avodah_zarah.sugya231:28
2646,571,Undirected,8,6,dispute,bavli,bava_batra;chullin;menachot;sanhedrin;yoma,bava_batra.sugya136:11
2879,467,Undirected,8,6,dispute,bavli,avodah_zarah;bava_batra;sanhedrin;zevachim,avodah_zarah.sugya084:15
1043,2578,Undirected,7,5,dispute,bavli,bava_kamma;chullin;gittin;yevamot,bava_kamma.sugya103:3
121,2646,Undirected,7,3,dispute,bavli,bava_kamma;chullin;pesachim,bava_kamma.sugya224:12
1212,2582,Undirected,7,5,dispute,bavli,bava_batra;sanhedrin;shabbat,bava_batra.sugya080:42
1237,2068,Undirected,7,5,dispute,bavli,arakhin;niddah,arakhin.sugya045:1
1345,2763,Undirected,7,4,dispute,bavli,kiddushin;shabbat;sukkah;zevachim,kiddushin.sugya036:30
1394,2763,Undirected,7,5,dispute,bavli,berakhot;eruvin;gittin,berakhot.sugya143:10
1395,2465,Undirected,7,5,dispute,bavli,berakhot;eruvin;makkot;sanhedrin;shabbat,berakhot.sugya489:11
1508,1885,Undirected,7,4,dispute,bavli,berakhot;chagigah;gittin;pesachim,berakhot.sugya389:11
1544,467,Undirected,7,3,dispute,bavli,avodah_zarah;berakhot;pesachim,avodah_zarah.sugya084:32
1544,2763,Undirected,7,5,dispute,bavli,eruvin;sanhedrin;shabbat;sotah;sukkah,eruvin.sugya332:15
1570,571,Undirected,7,4,dispute,bavli,arakhin;menachot;moed_katan;sanhedrin,arakhin.sugya241:10
1570,1764,Undirected,7,4,dispute,bavli,bava_batra;pesachim;rosh_hashanah,bava_batra.sugya419:15
1570,2298,Undirected,7,5,dispute,bavli,bava_kamma;bava_metzia;berakhot;shabbat;sotah,bava_kamma.sugya106:4
1570,1689,Undirected,7,5,dispute,bavli,bava_kamma;berakhot;ketubot;shabbat,bava_kamma.sugya146:4
1615,1952,Undirected,7,4,dispute,bavli,bava_metzia;bekhorot;shabbat;temurah,bava_metzia.sugya223:33
1689,2578,Undirected,7,4,dispute,bavli,arakhin;avodah_zarah;bava_metzia;chullin,arakhin.sugya091:189
17,2763,Undirected,7,5,dispute,bavli,bava_batra;beitzah;kiddushin;shabbat;yevamot,bava_batra.sugya141:20
1764,2938,Undirected,7,5,dispute,bavli,berakhot;kiddushin;menachot;sotah,berakhot.sugya320:22
1764,286,Undirected,7,4,dispute,bavli,gittin;nedarim;pesachim,gittin.sugya112:38
2161,514,Undirected,7,6,dispute,bavli,bava_kamma;berakhot;chullin;ketubot;sanhedrin;shabbat,bava_kamma.sugya504:32
2280,2465,Undirected,7,4,dispute,bavli,bava_kamma;bekhorot;kiddushin;pesachim,bava_kamma.sugya155:22
2298,2578,Undirected,7,5,dispute,bavli,arakhin;eruvin;pesachim;sotah,arakhin.sugya031:4
2298,2646,Undirected,7,4,dispute,bavli,avodah_zarah;moed_katan;yevamot,avodah_zarah.sugya012:4
2298,571,Undirected,7,5,dispute,bavli,bava_batra;eruvin;makkot;pesachim;sukkah,bava_batra.sugya045:57
2298,2581,Undirected,7,4,dispute,bavli,bava_batra;shabbat,bava_batra.sugya033:101
2409,2582,Undirected,7,4,dispute,bavli,bava_kamma;moed_katan;nedarim;sanhedrin,bava_kamma.sugya287:11
2518,2938,Undirected,7,4,dispute,bavli,bava_batra;bekhorot;ketubot;niddah,bava_batra.sugya407:9
2518,2744,Undirected,7,4,dispute,bavli,bava_metzia;pesachim;rosh_hashanah,bava_metzia.sugya280:0
2518,286,Undirected,7,4,dispute,bavli,shevuot;tamid;yoma,shevuot.sugya119:4
2578,2852,Undirected,7,4,dispute,bavli,bava_batra;bava_metzia;ketubot,bava_batra.sugya360:23
2581,467,Undirected,7,5,dispute,bavli,bava_metzia;gittin;shabbat;zevachim,bava_metzia.sugya205:29
2582,495,Undirected,7,5,dispute,bavli,chullin;eruvin;sukkah;yevamot,chullin.sugya212:90
2830,451,Undirected,7,4,dispute,bavli,arakhin;chullin;kiddushin;pesachim,arakhin.sugya097:12
2830,478,Undirected,7,6,dispute,bavli,beitzah;kiddushin;menachot;sanhedrin;shabbat;zevachim,beitzah.sugya079:47
286,571,Undirected,7,4,dispute,bavli,berakhot;pesachim;rosh_hashanah;yoma,berakhot.sugya456:7
495,534,Undirected,7,5,dispute,bavli,bava_metzia;chullin;sanhedrin;shabbat,bava_metzia.sugya215:138
1017,2518,Undirected,6,3,dispute,bavli,berakhot;keritot;niddah,berakhot.sugya392:10
1094,2582,Undirected,6,3,dispute,bavli,bava_kamma;kiddushin;yevamot,bava_kamma.sugya421:17
121,2285,Undirected,6,4,dispute,bavli,bava_batra;bava_metzia;nedarim;shabbat,bava_batra.sugya014:21
121,2578,Undirected,6,3,dispute,bavli,bava_metzia;moed_katan;sotah,bava_metzia.sugya061:11
121,2938,Undirected,6,3,dispute,bavli,beitzah;pesachim;yoma,beitzah.sugya222:13
121,918,Undirected,6,4,dispute,bavli,eruvin;menachot;shabbat,eruvin.sugya300:27
1212,2879,Undirected,6,3,dispute,bavli,gittin;sanhedrin;yoma,gittin.sugya185:37
1345,2298,Undirected,6,4,dispute,bavli,avodah_zarah;chullin;sotah,avodah_zarah.sugya131:28
1345,1394,Undirected,6,4,dispute,bavli,bava_batra;niddah;sanhedrin;shabbat,bava_batra.sugya316:22
1345,2646,Undirected,6,3,dispute,bavli,eruvin;pesachim;shabbat,eruvin.sugya135:13
1395,1570,Undirected,6,4,dispute,bavli,bekhorot;chullin;pesachim;yoma,bekhorot.sugya255:11
1395,2763,Undirected,6,4,dispute,bavli,chullin;horayot;sotah;zevachim,chullin.sugya286:18
1527,2068,Undirected,6,4,dispute,bavli,beitzah;berakhot;megillah;nazir,beitzah.sugya170:22
1570,495,Undirected,6,4,dispute,bavli,bava_metzia;chullin;gittin;niddah,bava_metzia.sugya440:3
1570,2938,Undirected,6,4,dispute,bavli,bava_metzia;berakhot;temurah,bava_metzia.sugya138:14
1663,1684,Undirected,6,4,dispute,bavli,berakhot;megillah;shabbat,berakhot.sugya179:4
1689,2763,Undirected,6,3,dispute,bavli,bava_batra;chullin,bava_batra.sugya414:33
1885,895,Undirected,6,4,dispute,bavli,bava_batra;bava_metzia;chullin;eruvin,bava_batra.sugya525:18
1885,2578,Undirected,6,5,dispute,bavli,bava_metzia;eruvin;niddah;sanhedrin,bava_metzia.sugya360:7
194,571,Undirected,6,3,dispute,bavli,bava_kamma;gittin;pesachim,bava_kamma.sugya096:56
1952,2581,Undirected,6,4,dispute,bavli,bava_metzia;eruvin;gittin;megillah,bava_metzia.sugya034:28
1954,911,Undirected,6,3,dispute,bavli,menachot;pesachim;shabbat,menachot.sugya289:4
2068,465,Undirected,6,3,dispute,bavli,megillah;moed_katan;yevamot,megillah.sugya078:24
2266,2830,Undirected,6,3,dispute,bavli,shabbat;zevachim,shabbat.sugya727:18
2409,895,Undirected,6,3,dispute,bavli,arakhin;shabbat;temurah,arakhin.sugya044:49
2465,2852,Undirected,6,3,dispute,bavli,ketubot;meilah;nedarim,ketubot.sugya445:1
2578,2586,Undirected,6,3,dispute,bavli,bava_batra;ketubot;rosh_hashanah,bava_batra.sugya467:139
2578,571,Undirected,6,4,dispute,bavli,bava_metzia;horayot;shabbat;yevamot,bava_metzia.sugya203:10
2582,918,Undirected,6,3,dispute,bavli,arakhin;bava_batra;bava_kamma,arakhin.sugya137:101
2763,92,Undirected,6,4,dispute,bavli,gittin;sanhedrin;shabbat,gittin.sugya050:14
2879,495,Undirected,6,2,dispute,bavli,berakhot;taanit,berakhot.sugya069:3
2879,895,Undirected,6,4,dispute,bavli,ketubot;moed_katan;shabbat;taanit,ketubot.sugya205:12
417,465,Undirected,6,4,dispute,bavli,arakhin;bava_kamma;sanhedrin;yevamot,arakhin.sugya198:10
534,895,Undirected,6,4,dispute,bavli,berakhot;ketubot;nedarim;pesachim,berakhot.sugya297:2
571,918,Undirected,6,5,dispute,bavli,bava_batra;berakhot;eruvin;yevamot,bava_batra.sugya347:11
1176,1570,Undirected,5,3,dispute,bavli,sanhedrin;shabbat;sotah,sanhedrin.sugya506:10
121,2879,Undirected,5,3,dispute,bavli,bava_batra;nedarim;sotah,bava_batra.sugya020:0
121,1570,Undirected,5,3,dispute,bavli,chullin;menachot;shabbat,chullin.sugya368:25
1212,467,Undirected,5,3,dispute,bavli,bava_batra;pesachim;sukkah,bava_batra.sugya033:143
1242,2068,Undirected,5,3,dispute,bavli,avodah_zarah;kiddushin,avodah_zarah.sugya150:11
1383,417,Undirected,5,3,dispute,bavli,gittin;kiddushin,gittin.sugya141:150
1395,850,Undirected,5,3,dispute,bavli,bava_kamma;yoma,bava_kamma.sugya293:15
1395,465,Undirected,5,3,dispute,bavli,beitzah;moed_katan,beitzah.sugya110:2
1423,2465,Undirected,5,4,dispute,bavli,ketubot;sanhedrin;sotah,ketubot.sugya199:5
1441,1570,Undirected,5,3,dispute,bavli,chullin;eruvin;zevachim,chullin.sugya368:26
1527,2888,Undirected,5,3,dispute,bavli,arakhin;berakhot;sotah,arakhin.sugya091:168
1527,2912,Undirected,5,3,dispute,bavli,kiddushin;yevamot,kiddushin.sugya302:28
1544,2578,Undirected,5,4,dispute,bavli,avodah_zarah;pesachim;sotah,avodah_zarah.sugya057:112
1544,2800,Undirected,5,3,dispute,bavli,berakhot;chullin;ketubot,berakhot.sugya303:20
1556,2330,Undirected,5,3,dispute,bavli,bava_batra;ketubot,bava_batra.sugya048:49
1570,2800,Undirected,5,4,dispute,bavli,avodah_zarah;megillah;taanit,avodah_zarah.sugya084:47
1570,535,Undirected,5,3,dispute,bavli,bava_batra;gittin;shabbat,bava_batra.sugya459:10
1608,2068,Undirected,5,3,dispute,bavli,ketubot;kiddushin;nedarim,ketubot.sugya204:0
1624,2879,Undirected,5,3,dispute,bavli,bekhorot;shabbat;yoma,bekhorot.sugya333:18
1657,2266,Undirected,5,4,dispute,bavli,eruvin;megillah;niddah;shabbat,eruvin.sugya138:47
1764,895,Undirected,5,3,dispute,bavli,avodah_zarah;bava_kamma;shabbat,avodah_zarah.sugya012:22
1764,1954,Undirected,5,3,dispute,bavli,sanhedrin;sukkah,sanhedrin.sugya511:180
1832,2830,Undirected,5,3,dispute,bavli,kiddushin;pesachim;shabbat,kiddushin.sugya220:18
1885,2298,Undirected,5,3,dispute,bavli,bava_batra;ketubot;megillah,bava_batra.sugya033:99
1885,2409,Undirected,5,3,dispute,bavli,beitzah;moed_katan;shabbat,beitzah.sugya193:3
1954,895,Undirected,5,3,dispute,bavli,bava_batra;kiddushin;megillah,bava_batra.sugya488:24
1979,417,Undirected,5,4,dispute,bavli,kiddushin;niddah;sanhedrin;sotah,kiddushin.sugya158:12
2068,829,Undirected,5,3,dispute,bavli,pesachim;sotah;yevamot,pesachim.sugya031:3
2237,514,Undirected,5,3,dispute,bavli,bava_batra;bava_metzia,bava_batra.sugya113:10
2266,2465,Undirected,5,3,dispute,bavli,niddah;rosh_hashanah;sotah,niddah.sugya198:12
2298,918,Undirected,5,3,dispute,bavli,bekhorot;pesachim;yevamot,bekhorot.sugya208:12
2298,993,Undirected,5,3,dispute,bavli,pesachim,pesachim.sugya013:19
2465,2912,Undirected,5,3,dispute,bavli,kiddushin;yevamot,kiddushin.sugya302:27
2518,92,Undirected,5,3,dispute,bavli,gittin;ketubot,gittin.sugya050:18
2518,895,Undirected,5,3,dispute,bavli,pesachim;sanhedrin;yevamot,pesachim.sugya377:37
2578,2879,Undirected,5,4,dispute,bavli,bava_metzia;menachot;yoma,bava_metzia.sugya316:9
2581,2763,Undirected,5,4,dispute,bavli,eruvin;pesachim;shabbat;yevamot,eruvin.sugya185:42
2582,534,Undirected,5,3,dispute,bavli,eruvin;ketubot;megillah,eruvin.sugya155:14
2594,867,Undirected,5,4,dispute,bavli,kiddushin;yevamot;zevachim,kiddushin.sugya275:26
2647,2763,Undirected,5,3,dispute,bavli,bava_metzia;ketubot;sanhedrin,bava_metzia.sugya433:4
2846,2852,Undirected,5,2,dispute,bavli,bava_metzia;berakhot,bava_metzia.sugya407:40
2852,417,Undirected,5,3,dispute,bavli,chullin;ketubot;kiddushin,chullin.sugya093:0
2888,417,Undirected,5,4,dispute,bavli,arakhin;sotah;zevachim,arakhin.sugya091:169
2938,977,Undirected,5,3,dispute,bavli,bava_batra;eruvin;menachot,bava_batra.sugya447:108
2938,895,Undirected,5,3,dispute,bavli,bava_batra;berakhot;sanhedrin,bava_batra.sugya447:164
467,895,Undirected,5,4,dispute,bavli,bava_metzia;berakhot;ketubot;sanhedrin,bava_metzia.sugya397:22
514,571,Undirected,5,5,dispute,bavli,avodah_zarah;bava_kamma;chullin;ketubot;kiddushin,avodah_zarah.sugya280:0
571,895,Undirected,5,3,dispute,bavli,eruvin;ketubot;yevamot,eruvin.sugya300:20
1017,2879,Undirected,4,2,dispute,bavli,avodah_zarah;sanhedrin,avodah_zarah.sugya035:47
1017,368,Undirected,4,4,dispute,bavli,bava_batra;berakhot;chagigah,bava_batra.sugya484:1
1017,1570,Undirected,4,2,dispute,bavli,berakhot;moed_katan,berakhot.sugya115:11
1017,47,Undirected,4,2,dispute,bavli,moed_katan;sukkah,moed_katan.sugya008:0
1018,2582,Undirected,4,3,dispute,bavli,eruvin;sanhedrin;sukkah,eruvin.sugya092:54
1043,2582,Undirected,4,2,dispute,bavli,chullin;zevachim,chullin.sugya269:114
1043,534,Undirected,4,2,dispute,bavli,ketubot,ketubot.sugya027:3
1043,1570,Undirected,4,2,dispute,bavli,ketubot;menachot,ketubot.sugya037:5
1043,121,Undirected,4,2,dispute,bavli,nazir;pesachim,nazir.sugya125:78
1075,1624,Undirected,4,2,dispute,bavli,gittin;zevachim,gittin.sugya080:17
1075,2879,Undirected,4,2,dispute,bavli,keritot;temurah,keritot.sugya092:25
1075,485,Undirected,4,2,dispute,bavli,menachot;sanhedrin,menachot.sugya381:19
1075,121,Undirected,4,3,dispute,bavli,pesachim;shabbat,pesachim.sugya288:5
1091,2594,Undirected,4,2,dispute,bavli,chagigah;niddah,chagigah.sugya060:250
121,239,Undirected,4,2,dispute,bavli,avodah_zarah;bava_batra,avodah_zarah.sugya185:14
121,194,Undirected,4,2,dispute,bavli,eruvin,eruvin.sugya300:15
121,368,Undirected,4,2,dispute,bavli,ketubot;zevachim,ketubot.sugya523:145
121,600,Undirected,4,2,dispute,bavli,shabbat;yoma,shabbat.sugya916:3
121,2398,Undirected,4,2,dispute,bavli,yevamot,yevamot.sugya084:13
1235,2518,Undirected,4,4,dispute,bavli,avodah_zarah;ketubot;makkot;niddah,avodah_zarah.sugya098:4
1275,281,Undirected,4,2,dispute,bavli,sotah,sotah.sugya060:115
129,1570,Undirected,4,2,dispute,bavli,ketubot;zevachim,ketubot.sugya301:12
1345,2594,Undirected,4,3,dispute,bavli,berakhot;gittin,berakhot.sugya192:8
1394,2578,Undirected,4,3,dispute,bavli,berakhot;taanit,berakhot.sugya143:9
1394,2938,Undirected,4,2,dispute,bavli,eruvin;sanhedrin,eruvin.sugya185:2
1394,2441,Undirected,4,2,dispute,bavli,sanhedrin;sukkah,sanhedrin.sugya140:50
1395,450,Undirected,4,2,dispute,bavli,bava_kamma;makkot,bava_kamma.sugya173:21
1395,2846,Undirected,4,3,dispute,bavli,eruvin;menachot;shabbat,eruvin.sugya078:5
1395,2578,Undirected,4,2,dispute,bavli,menachot;yoma,menachot.sugya187:1
1418,2465,Undirected,4,2,dispute,bavli,eruvin;yoma,eruvin.sugya081:0
1441,2582,Undirected,4,2,dispute,bavli,eruvin;zevachim,eruvin.sugya455:13
1508,1556,Undirected,4,2,dispute,bavli,nedarim;zevachim,nedarim.sugya097:2
1570,534,Undirected,4,3,dispute,bavli,arakhin;gittin;yevamot,arakhin.sugya137:26
1570,2795,Undirected,4,2,dispute,bavli,chullin;eruvin,chullin.sugya246:4
1624,467,Undirected,4,3,dispute,bavli,avodah_zarah;sanhedrin;sotah,avodah_zarah.sugya004:15
1657,2578,Undirected,4,2,dispute,bavli,bava_batra;bava_metzia,bava_batra.sugya360:24
1657,467,Undirected,4,2,dispute,bavli,bava_batra;yevamot,bava_batra.sugya152:28
1657,2888,Undirected,4,3,dispute,bavli,bava_kamma;niddah;yoma,bava_kamma.sugya252:106
1657,1832,Undirected,4,1,dispute,bavli,nazir,nazir.sugya021:13
1689,2830,Undirected,4,2,dispute,bavli,bava_batra;berakhot,bava_batra.sugya370:54
1689,417,Undirected,4,2,dispute,bavli,eruvin;rosh_hashanah,eruvin.sugya100:1
1689,895,Undirected,4,2,dispute,bavli,ketubot,ketubot.sugya245:10
1695,2763,Undirected,4,2,dispute,bavli,chullin;kiddushin,chullin.sugya031:132
1695,478,Undirected,4,2,dispute,bavli,yoma;zevachim,yoma.sugya097:10
1764,571,Undirected,4,2,dispute,bavli,chullin;makkot,chullin.sugya302:21
1764,2744,Undirected,4,2,dispute,bavli,nedarim;shabbat,nedarim.sugya260:36
1764,2409,Undirected,4,4,dispute,bavli,sanhedrin;shabbat;taanit,sanhedrin.sugya496:360
1764,485,Undirected,4,2,dispute,bavli,zevachim,zevachim.sugya189:172
1814,2578,Undirected,4,2,dispute,bavli,bava_metzia;chullin,bava_metzia.sugya261:21
1832,2330,Undirected,4,2,dispute,bavli,bava_batra;kiddushin,bava_batra.sugya470:3
1885,2032,Undirected,4,2,dispute,bavli,berakhot;menachot,berakhot.sugya013:1
1885,571,Undirected,4,2,dispute,bavli,gittin;keritot,gittin.sugya228:5
1915,867,Undirected,4,2,dispute,bavli,avodah_zarah;shabbat,avodah_zarah.sugya284:10
194,2646,Undirected,4,2,dispute,bavli,bava_kamma;pesachim,bava_kamma.sugya011:21
1952,571,Undirected,4,2,dispute,bavli,bava_metzia;gittin,bava_metzia.sugya034:32
1985,417,Undirected,4,2,dispute,bavli,chullin;pesachim,chullin.sugya316:114
2032,2763,Undirected,4,3,dispute,bavli,bava_batra;sotah;yoma,bava_batra.sugya141:21
2068,2578,Undirected,4,3,dispute,bavli,avodah_zarah;bekhorot;sanhedrin,avodah_zarah.sugya084:6
2068,2330,Undirected,4,2,dispute,bavli,sanhedrin,sanhedrin.sugya285:170
2155,2158,Undirected,4,2,dispute,bavli,beitzah;shabbat,beitzah.sugya136:18
2161,92,Undirected,4,2,dispute,bavli,ketubot;moed_katan,ketubot.sugya289:6
2164,2647,Undirected,4,2,dispute,bavli,bava_batra;bava_metzia,bava_batra.sugya023:5
2285,2581,Undirected,4,3,dispute,bavli,bava_batra;bava_kamma;zevachim,bava_batra.sugya402:36
2285,92,Undirected,4,2,dispute,bavli,ketubot;niddah,ketubot.sugya005:21
2285,286,Undirected,4,2,dispute,bavli,kiddushin;sanhedrin,kiddushin.sugya309:11
2285,2596,Undirected,4,2,dispute,bavli,nazir;sukkah,nazir.sugya112:2
2330,2465,Undirected,4,3,dispute,bavli,nedarim;sanhedrin;yoma,nedarim.sugya065:25
239,2586,Undirected,4,2,dispute,bavli,ketubot,ketubot.sugya051:3
2409,2957,Undirected,4,2,dispute,bavli,moed_katan;nedarim,moed_katan.sugya101:25
2465,447,Undirected,4,3,dispute,bavli,sotah,sotah.sugya170:3
2518,2879,Undirected,4,2,dispute,bavli,ketubot;sotah,ketubot.sugya083:135
2578,2938,Undirected,4,3,dispute,bavli,chullin;ketubot;moed_katan,chullin.sugya128:32
2578,6,Undirected,4,2,dispute,bavli,ketubot;shevuot,ketubot.sugya482:38
2581,918,Undirected,4,2,dispute,bavli,bekhorot;menachot,bekhorot.sugya208:10
2582,514,Undirected,4,3,dispute,bavli,bava_batra;shevuot;sukkah,bava_batra.sugya144:47
2582,2594,Undirected,4,2,dispute,bavli,berakhot;temurah,berakhot.sugya490:17
2596,571,Undirected,4,3,dispute,bavli,bava_metzia;shabbat;zevachim,bava_metzia.sugya025:82
2618,571,Undirected,4,2,dispute,bavli,avodah_zarah;chullin,avodah_zarah.sugya054:10
2618,2646,Undirected,4,2,dispute,bavli,chullin;rosh_hashanah,chullin.sugya002:97
2637,2646,Undirected,4,1,dispute,bavli,eruvin,eruvin.sugya003:13
2681,2923,Undirected,4,2,dispute,bavli,pesachim;temurah,pesachim.sugya057:27
2690,297,Undirected,4,2,dispute,bavli,ketubot;yevamot,ketubot.sugya128:25
270,286,Undirected,4,2,dispute,bavli,nedarim;sanhedrin,nedarim.sugya002:60
2763,2938,Undirected,4,4,dispute,bavli,bava_batra;berakhot;chullin;shabbat,bava_batra.sugya407:8
2763,571,Undirected,4,2,dispute,bavli,bava_kamma;nedarim,bava_kamma.sugya488:26
2788,867,Undirected,4,3,dispute,bavli,gittin;sanhedrin;shabbat,gittin.sugya135:135
2800,2879,Undirected,4,2,dispute,bavli,shabbat;taanit,shabbat.sugya275:43
2879,917,Undirected,4,2,dispute,bavli,sotah;yoma,sotah.sugya226:3
467,571,Undirected,4,3,dispute,bavli,berakhot;keritot;zevachim,berakhot.sugya073:32
475,478,Undirected,4,2,dispute,bavli,rosh_hashanah;sanhedrin,rosh_hashanah.sugya073:10
571,6,Undirected,4,2,dispute,bavli,bava_metzia;gittin,bava_metzia.sugya187:185
571,92,Undirected,4,2,dispute,bavli,bava_metzia;yoma,bava_metzia.sugya010:53
895,918,Undirected,4,2,dispute,bavli,eruvin;sanhedrin,eruvin.sugya008:13
1017,121,Undirected,3,3,dispute,bavli,beitzah;menachot,beitzah.sugya002:154
1017,467,Undirected,3,2,dispute,bavli,chullin;megillah,chullin.sugya112:39
1017,2795,Undirected,3,2,dispute,bavli,niddah;zevachim,niddah.sugya022:0
1051,2156,Undirected,3,2,dispute,bavli,bava_batra;ketubot,bava_batra.sugya447:147
1075,2409,Undirected,3,2,dispute,bavli,berakhot;horayot,berakhot.sugya429:13
1075,2763,Undirected,3,2,dispute,bavli,keritot;sanhedrin,keritot.sugya092:24
1075,92,Undirected,3,1,dispute,bavli,pesachim,pesachim.sugya053:147
1088,485,Undirected,3,1,dispute,bavli,yevamot,yevamot.sugya106:24
1091,1570,Undirected,3,2,dispute,bavli,berakhot;yoma,berakhot.sugya290:21
121,514,Undirected,3,2,dispute,bavli,bava_batra;menachot,bava_batra.sugya494:6
121,881,Undirected,3,2,dispute,bavli,bava_batra;menachot,bava_batra.sugya069:86
121,895,Undirected,3,2,dispute,bavli,berakhot;niddah,berakhot.sugya073:47
121,2618,Undirected,3,2,dispute,bavli,chullin;ketubot,chullin.sugya002:91
121,495,Undirected,3,2,dispute,bavli,eruvin;sanhedrin,eruvin.sugya007:7
121,2556,Undirected,3,3,dispute,bavli,niddah;rosh_hashanah;sanhedrin,niddah.sugya073:14
1212,495,Undirected,3,2,dispute,bavli,bekhorot;moed_katan,bekhorot.sugya319:5
1212,2409,Undirected,3,2,dispute,bavli,berakhot;niddah,berakhot.sugya228:11
1212,2330,Undirected,3,2,dispute,bavli,berakhot,berakhot.sugya444:38
1212,2041,Undirected,3,1,dispute,bavli,taanit,taanit.sugya045:15
1237,1657,Undirected,3,2,dispute,bavli,arakhin;sukkah,arakhin.sugya045:2
1293,2465,Undirected,3,2,dispute,bavli,ketubot;zevachim,ketubot.sugya489:23
1345,2879,Undirected,3,2,dispute,bavli,chullin;eruvin,chullin.sugya027:43
1345,92,Undirected,3,2,dispute,bavli,sanhedrin;zevachim,sanhedrin.sugya516:107
1383,1979,Undirected,3,3,dispute,bavli,pesachim;sukkah,pesachim.sugya260:2
139,2409,Undirected,3,2,dispute,bavli,pesachim,pesachim.sugya193:5
139,2594,Undirected,3,2,dispute,bavli,sukkah;yevamot,sukkah.sugya175:57
1394,2237,Undirected,3,2,dispute,bavli,bava_batra;sanhedrin,bava_batra.sugya454:13
1394,993,Undirected,3,2,dispute,bavli,bava_metzia;yoma,bava_metzia.sugya455:7
1394,467,Undirected,3,2,dispute,bavli,berakhot;chullin,berakhot.sugya173:11
1394,2596,Undirected,3,2,dispute,bavli,berakhot;rosh_hashanah,berakhot.sugya197:26
1394,2879,Undirected,3,2,dispute,bavli,chagigah;eruvin,chagigah.sugya058:94
1395,1985,Undirected,3,2,dispute,bavli,arakhin;niddah,arakhin.sugya003:58
1395,1979,Undirected,3,2,dispute,bavli,horayot;keritot,horayot.sugya077:12
1395,2920,Undirected,3,1,dispute,bavli,keritot,keritot.sugya104:17
1395,1423,Undirected,3,2,dispute,bavli,ketubot;sanhedrin,ketubot.sugya199:13
1395,478,Undirected,3,2,dispute,bavli,sotah;yoma,sotah.sugya204:16
1508,1832,Undirected,3,2,dispute,bavli,chullin;ketubot,chullin.sugya117:2
1508,2578,Undirected,3,2,dispute,bavli,megillah;yoma,megillah.sugya011:49
1527,484,Undirected,3,2,dispute,bavli,megillah;zevachim,megillah.sugya020:102
1527,1536,Undirected,3,2,dispute,bavli,pesachim;zevachim,pesachim.sugya128:2
1544,239,Undirected,3,2,dispute,bavli,bava_batra;niddah,bava_batra.sugya090:13
1544,1689,Undirected,3,2,dispute,bavli,berakhot,berakhot.sugya211:7
1544,1764,Undirected,3,2,dispute,bavli,berakhot;megillah,berakhot.sugya228:24
1544,2298,Undirected,3,2,dispute,bavli,berakhot;sotah,berakhot.sugya249:19
1544,2879,Undirected,3,2,dispute,bavli,gittin;sanhedrin,gittin.sugya215:38
1556,2830,Undirected,3,2,dispute,bavli,bava_batra;zevachim,bava_batra.sugya306:64
1556,447,Undirected,3,1,dispute,bavli,sanhedrin,sanhedrin.sugya010:10
1570,2068,Undirected,3,2,dispute,bavli,avodah_zarah;berakhot,avodah_zarah.sugya084:11
1570,371,Undirected,3,2,dispute,bavli,bava_metzia;zevachim,bava_metzia.sugya473:161
1570,417,Undirected,3,2,dispute,bavli,beitzah;yevamot,beitzah.sugya189:45
1570,2206,Undirected,3,2,dispute,bavli,eruvin;megillah,eruvin.sugya179:145
1570,2031,Undirected,3,2,dispute,bavli,megillah;pesachim,megillah.sugya107:4
1577,1657,Undirected,3,2,dispute,bavli,eruvin;niddah,eruvin.sugya340:10
1615,2582,Undirected,3,2,dispute,bavli,yevamot;zevachim,yevamot.sugya002:105
1624,2578,Undirected,3,2,dispute,bavli,chullin;shabbat,chullin.sugya184:28
1657,451,Undirected,3,2,dispute,bavli,bekhorot;kiddushin,bekhorot.sugya204:44
1657,2920,Undirected,3,1,dispute,bavli,menachot,menachot.sugya091:298
1689,2582,Undirected,3,2,dispute,bavli,ketubot;rosh_hashanah,ketubot.sugya130:17
1695,2830,Undirected,3,2,dispute,bavli,menachot;yevamot,menachot.sugya171:5
1764,600,Undirected,3,2,dispute,bavli,beitzah;eruvin,beitzah.sugya072:27
1764,92,Undirected,3,2,dispute,bavli,chagigah;taanit,chagigah.sugya060:13
1854,2800,Undirected,3,2,dispute,bavli,berakhot;sanhedrin,berakhot.sugya495:17
1885,2800,Undirected,3,2,dispute,bavli,avodah_zarah;zevachim,avodah_zarah.sugya084:18
1885,2879,Undirected,3,2,dispute,bavli,berakhot;keritot,berakhot.sugya021:15
1954,2578,Undirected,3,2,dispute,bavli,bava_batra;shabbat,bava_batra.sugya467:114
1965,571,Undirected,3,1,dispute,bavli,shabbat,shabbat.sugya064:36
1971,2465,Undirected,3,2,dispute,bavli,chullin,chullin.sugya074:62
1979,2830,Undirected,3,3,dispute,bavli,berakhot;yoma;zevachim,berakhot.sugya309:7
2068,451,Undirected,3,1,dispute,bavli,eruvin,eruvin.sugya256:12
2068,2696,Undirected,3,2,dispute,bavli,meilah;sotah,meilah.sugya011:5
2156,2518,Undirected,3,2,dispute,bavli,chullin;nazir,chullin.sugya031:53
2237,571,Undirected,3,3,dispute,bavli,bava_batra;beitzah;ketubot,bava_batra.sugya120:10
2285,977,Undirected,3,3,dispute,bavli,bava_batra;taanit,bava_batra.sugya411:13
2285,467,Undirected,3,2,dispute,bavli,bava_kamma;chullin,bava_kamma.sugya024:126
2285,2453,Undirected,3,2,dispute,bavli,beitzah;bekhorot,beitzah.sugya226:14
2298,2879,Undirected,3,2,dispute,bavli,berakhot;gittin,berakhot.sugya490:21
2298,92,Undirected,3,2,dispute,bavli,berakhot;chullin,berakhot.sugya033:14
2330,2846,Undirected,3,2,dispute,bavli,gittin;shabbat,gittin.sugya085:1
239,2409,Undirected,3,2,dispute,bavli,gittin;yevamot,gittin.sugya319:3
239,2763,Undirected,3,2,dispute,bavli,menachot;temurah,menachot.sugya439:12
2398,867,Undirected,3,2,dispute,bavli,eruvin;ketubot,eruvin.sugya252:29
2398,2518,Undirected,3,2,dispute,bavli,sukkah;yevamot,sukkah.sugya216:43
2409,92,Undirected,3,2,dispute,bavli,bava_batra;zevachim,bava_batra.sugya488:80
2409,2581,Undirected,3,3,dispute,bavli,bava_batra;bava_kamma;sukkah,bava_batra.sugya531:3
2409,2938,Undirected,3,2,dispute,bavli,ketubot;megillah,ketubot.sugya036:45
2465,2846,Undirected,3,2,dispute,bavli,bava_metzia;moed_katan,bava_metzia.sugya003:52
2465,467,Undirected,3,2,dispute,bavli,chagigah;yevamot,chagigah.sugya018:21
2502,2582,Undirected,3,2,dispute,bavli,pesachim;zevachim,pesachim.sugya200:39
2518,514,Undirected,3,2,dispute,bavli,bava_batra;gittin,bava_batra.sugya363:16
2518,2681,Undirected,3,2,dispute,bavli,bava_kamma;yevamot,bava_kamma.sugya297:13
2534,417,Undirected,3,2,dispute,bavli,temurah,temurah.sugya073:5
2578,2800,Undirected,3,2,dispute,bavli,chagigah;sotah,chagigah.sugya060:83
2578,495,Undirected,3,2,dispute,bavli,kiddushin;niddah,kiddushin.sugya186:10
2582,2586,Undirected,3,2,dispute,bavli,kiddushin;shevuot,kiddushin.sugya304:71
2582,2830,Undirected,3,2,dispute,bavli,menachot;niddah,menachot.sugya385:6
2594,6,Undirected,3,2,dispute,bavli,bava_metzia;gittin,bava_metzia.sugya156:5
2594,895,Undirected,3,2,dispute,bavli,menachot;niddah,menachot.sugya091:159
2596,2938,Undirected,3,2,dispute,bavli,gittin;sanhedrin,gittin.sugya141:110
2647,2938,Undirected,3,3,dispute,bavli,gittin;pesachim;yevamot,gittin.sugya167:1
2744,571,Undirected,3,2,dispute,bavli,moed_katan;rosh_hashanah,moed_katan.sugya057:3
2763,6,Undirected,3,2,dispute,bavli,bava_batra;shevuot,bava_batra.sugya407:7
2763,535,Undirected,3,2,dispute,bavli,bava_batra;gittin,bava_batra.sugya459:12
2763,763,Undirected,3,2,dispute,bavli,menachot;temurah,menachot.sugya439:11
2763,417,Undirected,3,2,dispute,bavli,sanhedrin;shabbat,sanhedrin.sugya445:30
2763,2846,Undirected,3,2,dispute,bavli,shabbat;taanit,shabbat.sugya935:12
2830,2852,Undirected,3,2,dispute,bavli,bava_batra;gittin,bava_batra.sugya346:3
2852,467,Undirected,3,2,dispute,bavli,bava_batra;gittin,bava_batra.sugya114:26
2934,571,Undirected,3,2,dispute,bavli,pesachim;yevamot,pesachim.sugya369:11
2938,467,Undirected,3,2,dispute,bavli,kiddushin;temurah,kiddushin.sugya085:6
297,571,Undirected,3,2,dispute,bavli,avodah_zarah;eruvin,avodah_zarah.sugya094:113
417,850,Undirected,3,2,dispute,bavli,niddah;sanhedrin,niddah.sugya005:4
43,467,Undirected,3,2,dispute,bavli,berakhot;shabbat,berakhot.sugya034:6
495,895,Undirected,3,3,dispute,bavli,bava_metzia;pesachim,bava_metzia.sugya209:2
535,92,Undirected,3,2,dispute,bavli,sotah;yoma,sotah.sugya129:24
571,993,Undirected,3,2,dispute,bavli,bava_kamma;rosh_hashanah,bava_kamma.sugya153:5
1013,1015,Undirected,2,1,dispute,bavli,berakhot,berakhot.sugya434:19
1013,256,Undirected,2,1,dispute,bavli,berakhot,berakhot.sugya434:20
1017,1764,Undirected,2,1,dispute,bavli,bava_kamma,bava_kamma.sugya286:19
1017,2174,Undirected,2,1,dispute,bavli,beitzah,beitzah.sugya002:104
1017,256,Undirected,2,1,dispute,bavli,berakhot,berakhot.sugya012:10
1017,1952,Undirected,2,2,dispute,bavli,berakhot;menachot,berakhot.sugya387:5
1017,495,Undirected,2,1,dispute,bavli,eruvin,eruvin.sugya210:20
1017,1885,Undirected,2,1,dispute,bavli,eruvin,eruvin.sugya210:23
1017,2423,Undirected,2,1,dispute,bavli,eruvin,eruvin.sugya326:23
1017,2285,Undirected,2,1,dispute,bavli,keritot,keritot.sugya096:168
1017,1394,Undirected,2,1,dispute,bavli,ketubot,ketubot.sugya523:124
1017,194,Undirected,2,1,dispute,bavli,menachot,menachot.sugya463:3
1017,2647,Undirected,2,1,dispute,bavli,shevuot,shevuot.sugya085:24
1017,1075,Undirected,2,1,dispute,bavli,sukkah,sukkah.sugya191:3
1017,993,Undirected,2,1,dispute,bavli,taanit,taanit.sugya014:203
1017,2742,Undirected,2,1,dispute,bavli,yoma,yoma.sugya005:114
1018,1772,Undirected,2,1,dispute,bavli,gittin,gittin.sugya141:118
1018,1764,Undirected,2,1,dispute,bavli,kiddushin,kiddushin.sugya032:3
1018,121,Undirected,2,1,dispute,bavli,sukkah,sukkah.sugya060:66
1018,2581,Undirected,2,1,dispute,bavli,sukkah,sukkah.sugya002:105
1022,2698,Undirected,2,1,dispute,bavli,ketubot,ketubot.sugya401:21
1043,2763,Undirected,2,1,dispute,bavli,chullin,chullin.sugya162:47
1043,2032,Undirected,2,1,dispute,bavli,chullin,chullin.sugya162:48
1043,867,Undirected,2,1,dispute,bavli,eruvin,eruvin.sugya354:21
1043,2647,Undirected,2,1,dispute,bavli,eruvin,eruvin.sugya354:32
1043,763,Undirected,2,1,dispute,bavli,menachot,menachot.sugya439:10
1043,1814,Undirected,2,1,dispute,bavli,menachot,menachot.sugya013:12
1043,2298,Undirected,2,1,dispute,bavli,sotah,sotah.sugya011:50
1043,2581,Undirected,2,1,dispute,bavli,zevachim,zevachim.sugya379:10
1044,2647,Undirected,2,1,dispute,bavli,taanit,taanit.sugya014:118
1046,1772,Undirected,2,1,dispute,bavli,sotah,sotah.sugya129:19
1075,1814,Undirected,2,2,dispute,bavli,bava_kamma;niddah,bava_kamma.sugya252:10
1075,129,Undirected,2,1,dispute,bavli,gittin,gittin.sugya080:11
1075,571,Undirected,2,2,dispute,bavli,horayot;kiddushin,horayot.sugya018:11
1075,2174,Undirected,2,1,dispute,bavli,ketubot,ketubot.sugya065:32
1075,1508,Undirected,2,1,dispute,bavli,megillah,megillah.sugya017:121
1075,2647,Undirected,2,1,dispute,bavli,menachot,menachot.sugya215:16
1075,895,Undirected,2,1,dispute,bavli,pesachim,pesachim.sugya393:22
1075,1764,Undirected,2,1,dispute,bavli,pesachim,pesachim.sugya393:23
1075,2298,Undirected,2,1,dispute,bavli,pesachim,pesachim.sugya414:44
1075,2206,Undirected,2,1,dispute,bavli,sanhedrin,sanhedrin.sugya161:21
1088,856,Undirected,2,1,dispute,bavli,bava_metzia,bava_metzia.sugya003:104
1088,2938,Undirected,2,2,dispute,bavli,bava_metzia;berakhot,bava_metzia.sugya003:44
1088,1885,Undirected,2,2,dispute,bavli,berakhot;sotah,berakhot.sugya184:1
1088,2582,Undirected,2,1,dispute,bavli,berakhot,berakhot.sugya323:105
1088,1570,Undirected,2,1,dispute,bavli,eruvin,eruvin.sugya012:148
1088,2031,Undirected,2,1,dispute,bavli,megillah,megillah.sugya048:159
1088,1986,Undirected,2,1,dispute,bavli,sanhedrin,sanhedrin.sugya161:40
1091,1198,Undirected,2,1,dispute,bavli,avodah_zarah,avodah_zarah.sugya293:44
1091,92,Undirected,2,1,dispute,bavli,bava_batra,bava_batra.sugya135:10
1091,495,Undirected,2,1,dispute,bavli,bekhorot,bekhorot.sugya364:59
1091,695,Undirected,2,1,dispute,bavli,berakhot,berakhot.sugya323:31
1091,2795,Undirected,2,1,dispute,bavli,chullin,chullin.sugya331:11
1091,534,Undirected,2,1,dispute,bavli,chullin,chullin.sugya290:131
1091,1689,Undirected,2,1,dispute,bavli,eruvin,eruvin.sugya179:142
1091,571,Undirected,2,1,dispute,bavli,gittin,gittin.sugya228:7
1091,2285,Undirected,2,1,dispute,bavli,ketubot,ketubot.sugya497:14
1091,2578,Undirected,2,1,dispute,bavli,nedarim,nedarim.sugya120:31
1091,1885,Undirected,2,1,dispute,bavli,shevuot,shevuot.sugya185:108
1091,281,Undirected,2,1,dispute,bavli,sotah,sotah.sugya215:56
1091,2879,Undirected,2,1,dispute,bavli,taanit,taanit.sugya045:1
1094,535,Undirected,2,1,dispute,bavli,sukkah,sukkah.sugya118:2
1101,1764,Undirected,2,1,dispute,bavli,shabbat,shabbat.sugya617:2
1102,2879,Undirected,2,1,dispute,bavli,eruvin,eruvin.sugya318:62
1102,1327,Undirected,2,1,dispute,bavli,ketubot,ketubot.sugya029:44
1106,2647,Undirected,2,1,dispute,bavli,bava_metzia,bava_metzia.sugya288:27
1106,2518,Undirected,2,1,dispute,bavli,yevamot,yevamot.sugya517:11
1113,2763,Undirected,2,1,dispute,bavli,eruvin,eruvin.sugya380:19
1113,1814,Undirected,2,1,dispute,bavli,zevachim,zevachim.sugya367:11
1113,1345,Undirected,2,1,dispute,bavli,zevachim,zevachim.sugya057:41
1127,2518,Undirected,2,1,dispute,bavli,bava_metzia,bava_metzia.sugya028:36
1127,2763,Undirected,2,1,dispute,bavli,eruvin,eruvin.sugya166:64
1127,121,Undirected,2,1,dispute,bavli,shabbat,shabbat.sugya016:11
1127,2582,Undirected,2,1,dispute,bavli,shabbat,shabbat.sugya016:12
1164,571,Undirected,2,1,dispute,bavli,bava_metzia,bava_metzia.sugya292:63
1176,2518,Undirected,2,1,dispute,bavli,berakhot,berakhot.sugya263:30
1176,2879,Undirected,2,1,dispute,bavli,makkot,makkot.sugya067:53
1176,1624,Undirected,2,1,dispute,bavli,sanhedrin,sanhedrin.sugya161:14
121,2738,Undirected,2,1,dispute,bavli,avodah_zarah,avodah_zarah.sugya185:19
121,286,Undirected,2,1,dispute,bavli,bava_batra,bava_batra.sugya372:20
121,913,Undirected,2,1,dispute,bavli,bava_kamma,bava_kamma.sugya171:11
121,534,Undirected,2,1,dispute,bavli,bava_metzia,bava_metzia.sugya025:101
121,229,Undirected,2,1,dispute,bavli,beitzah,beitzah.sugya039:10
121,1979,Undirected,2,1,dispute,bavli,bekhorot,bekhorot.sugya243:2
121,1441,Undirected,2,1,dispute,bavli,chullin,chullin.sugya368:22
121,6,Undirected,2,2,dispute,bavli,horayot;menachot,horayot.sugya002:6
121,1212,Undirected,2,1,dispute,bavli,keritot,keritot.sugya136:26
121,2913,Undirected,2,1,dispute,bavli,keritot,keritot.sugya012:63
121,2586,Undirected,2,1,dispute,bavli,ketubot,ketubot.sugya433:11
121,1885,Undirected,2,1,dispute,bavli,megillah,megillah.sugya180:47
121,867,Undirected,2,1,dispute,bavli,moed_katan,moed_katan.sugya073:19
121,1689,Undirected,2,1,dispute,bavli,nedarim,nedarim.sugya131:4
121,2409,Undirected,2,1,dispute,bavli,rosh_hashanah,rosh_hashanah.sugya091:26
121,535,Undirected,2,1,dispute,bavli,sotah,sotah.sugya129:10
121,1772,Undirected,2,1,dispute,bavli,sotah,sotah.sugya129:16
121,2198,Undirected,2,1,dispute,bavli,sukkah,sukkah.sugya177:112
1212,2690,Undirected,2,1,dispute,bavli,bava_batra,bava_batra.sugya488:121
1212,1954,Undirected,2,1,dispute,bavli,bava_batra,bava_batra.sugya174:18
1212,1689,Undirected,2,1,dispute,bavli,bava_metzia,bava_metzia.sugya451:114
1212,2068,Undirected,2,1,dispute,bavli,berakhot,berakhot.sugya004:21
1212,1624,Undirected,2,1,dispute,bavli,chullin,chullin.sugya214:26
1212,1345,Undirected,2,2,dispute,bavli,menachot;niddah,menachot.sugya064:0
1212,92,Undirected,2,1,dispute,bavli,niddah,niddah.sugya087:14
1212,535,Undirected,2,1,dispute,bavli,niddah,niddah.sugya344:10
1212,478,Undirected,2,1,dispute,bavli,sanhedrin,sanhedrin.sugya255:8
1212,2161,Undirected,2,1,dispute,bavli,sanhedrin,sanhedrin.sugya496:477
1212,1885,Undirected,2,1,dispute,bavli,shabbat,shabbat.sugya694:145
1212,1395,Undirected,2,1,dispute,bavli,shabbat,shabbat.sugya694:147
1212,2586,Undirected,2,1,dispute,bavli,shevuot,shevuot.sugya011:16
1212,6,Undirected,2,1,dispute,bavli,yevamot,yevamot.sugya533:18
1212,534,Undirected,2,1,dispute,bavli,yevamot,yevamot.sugya142:20
1213,2879,Undirected,2,1,dispute,bavli,chagigah,chagigah.sugya060:219
1213,2735,Undirected,2,1,dispute,bavli,yevamot,yevamot.sugya487:13
1214,417,Undirected,2,1,dispute,bavli,eruvin,eruvin.sugya093:3
1214,368,Undirected,2,1,dispute,bavli,eruvin,eruvin.sugya094:16
1235,2647,Undirected,2,1,dispute,bavli,niddah,niddah.sugya016:10
1235,2744,Undirected,2,1,dispute,bavli,niddah,niddah.sugya016:19
1237,850,Undirected,2,1,dispute,bavli,bekhorot,bekhorot.sugya256:2
1237,1695,Undirected,2,1,dispute,bavli,chullin,chullin.sugya031:128
1237,478,Undirected,2,1,dispute,bavli,sanhedrin,sanhedrin.sugya343:48
124,571,Undirected,2,1,dispute,bavli,eruvin,eruvin.sugya354:30
124,2582,Undirected,2,1,dispute,bavli,keritot,keritot.sugya104:45
1242,1395,Undirected,2,1,dispute,bavli,avodah_zarah,avodah_zarah.sugya150:10
1242,2852,Undirected,2,1,dispute,bavli,bava_batra,bava_batra.sugya487:2
1242,1580,Undirected,2,1,dispute,bavli,menachot,menachot.sugya102:180
1242,2465,Undirected,2,1,dispute,bavli,niddah,niddah.sugya014:121
1275,2586,Undirected,2,1,dispute,bavli,chagigah,chagigah.sugya078:15
129,2285,Undirected,2,2,dispute,bavli,eruvin,eruvin.sugya091:4
129,2578,Undirected,2,1,dispute,bavli,sanhedrin,sanhedrin.sugya043:16
1290,2174,Undirected,2,1,dispute,bavli,zevachim,zevachim.sugya271:2
1293,1395,Undirected,2,1,dispute,bavli,yoma,yoma.sugya125:19
1293,2068,Undirected,2,1,dispute,bavli,yoma,yoma.sugya005:138
1345,194,Undirected,2,2,dispute,bavli,avodah_zarah,avodah_zarah.sugya131:27
1345,1885,Undirected,2,2,dispute,bavli,bava_batra;shabbat,bava_batra.sugya527:7
1345,2647,Undirected,2,1,dispute,bavli,berakhot,berakhot.sugya171:16
1345,2830,Undirected,2,1,dispute,bavli,chullin,chullin.sugya390:108
1345,534,Undirected,2,2,dispute,bavli,chullin;kiddushin,chullin.sugya396:2
1345,2198,Undirected,2,2,dispute,bavli,eruvin;gittin,eruvin.sugya372:33
1345,1527,Undirected,2,1,dispute,bavli,kiddushin,kiddushin.sugya302:50
1345,1423,Undirected,2,1,dispute,bavli,kiddushin,kiddushin.sugya302:51
1345,2340,Undirected,2,2,dispute,bavli,makkot;yevamot,makkot.sugya008:1
1345,2409,Undirected,2,1,dispute,bavli,pesachim,pesachim.sugya386:24
1345,2977,Undirected,2,1,dispute,bavli,taanit,taanit.sugya014:123
1345,2891,Undirected,2,1,dispute,bavli,taanit,taanit.sugya014:127
1345,286,Undirected,2,1,dispute,bavli,yoma,yoma.sugya082:45
1345,548,Undirected,2,1,dispute,bavli,yoma,yoma.sugya157:40
1354,467,Undirected,2,1,dispute,bavli,megillah,megillah.sugya020:29
1358,2006,Undirected,2,1,dispute,bavli,bava_kamma,bava_kamma.sugya156:11
1383,1527,Undirected,2,1,dispute,bavli,shabbat,shabbat.sugya723:19
1383,1593,Undirected,2,1,dispute,bavli,yevamot,yevamot.sugya015:249
1385,417,Undirected,2,1,dispute,bavli,bava_batra,bava_batra.sugya398:15
1385,322,Undirected,2,1,dispute,bavli,gittin,gittin.sugya150:12
139,534,Undirected,2,1,dispute,bavli,bava_batra,bava_batra.sugya165:37
139,1915,Undirected,2,1,dispute,bavli,chullin,chullin.sugya316:174
139,2518,Undirected,2,1,dispute,bavli,meilah,meilah.sugya092:10
139,723,Undirected,2,1,dispute,bavli,sukkah,sukkah.sugya166:117
1392,2285,Undirected,2,1,dispute,bavli,chullin,chullin.sugya123:2
1394,2518,Undirected,2,1,dispute,bavli,bava_batra,bava_batra.sugya119:1
1394,2225,Undirected,2,1,dispute,bavli,bava_metzia,bava_metzia.sugya150:18
1394,2344,Undirected,2,1,dispute,bavli,beitzah,beitzah.sugya191:1
1394,2224,Undirected,2,1,dispute,bavli,berakhot,berakhot.sugya077:11
1394,1799,Undirected,2,1,dispute,bavli,moed_katan,moed_katan.sugya048:3
1394,297,Undirected,2,1,dispute,bavli,pesachim,pesachim.sugya187:4
1394,1764,Undirected,2,1,dispute,bavli,shabbat,shabbat.sugya207:117
1394,6,Undirected,2,1,dispute,bavli,shabbat,shabbat.sugya207:178
1394,2891,Undirected,2,1,dispute,bavli,sukkah,sukkah.sugya008:41
1394,571,Undirected,2,1,dispute,bavli,yevamot,yevamot.sugya005:1
1394,239,Undirected,2,1,dispute,bavli,yevamot,yevamot.sugya028:25
1394,92,Undirected,2,1,dispute,bavli,zevachim,zevachim.sugya189:247
1395,475,Undirected,2,1,dispute,bavli,bekhorot,bekhorot.sugya086:14
1395,2409,Undirected,2,1,dispute,bavli,chullin,chullin.sugya273:144
1395,2854,Undirected,2,1,dispute,bavli,ketubot,ketubot.sugya057:3
1395,829,Undirected,2,1,dispute,bavli,pesachim,pesachim.sugya031:2
1395,2696,Undirected,2,1,dispute,bavli,pesachim,pesachim.sugya036:27
1395,2582,Undirected,2,1,dispute,bavli,shabbat,shabbat.sugya694:160
1395,445,Undirected,2,1,dispute,bavli,shabbat,shabbat.sugya167:29
140,92,Undirected,2,1,dispute,bavli,bava_batra,bava_batra.sugya447:181
140,2084,Undirected,2,1,dispute,bavli,chullin,chullin.sugya343:17
140,2075,Undirected,2,1,dispute,bavli,megillah,megillah.sugya180:41
140,2186,Undirected,2,1,dispute,bavli,temurah,temurah.sugya098:22
1409,1508,Undirected,2,1,dispute,bavli,niddah,niddah.sugya231:40
1418,1423,Undirected,2,1,dispute,bavli,eruvin,eruvin.sugya281:18
1423,1695,Undirected,2,1,dispute,bavli,menachot,menachot.sugya179:30
1423,2068,Undirected,2,1,dispute,bavli,yevamot,yevamot.sugya401:44
1423,2222,Undirected,2,1,dispute,bavli,yoma,yoma.sugya067:39
1423,417,Undirected,2,1,dispute,bavli,yoma,yoma.sugya266:27
1428,417,Undirected,2,1,dispute,bavli,eruvin,eruvin.sugya101:33
143,917,Undirected,2,1,dispute,bavli,chullin,chullin.sugya288:12
143,297,Undirected,2,1,dispute,bavli,ketubot,ketubot.sugya006:15
1441,1814,Undirected,2,1,dispute,bavli,menachot,menachot.sugya072:3
1447,2898,Undirected,2,1,dispute,bavli,chagigah,chagigah.sugya065:2
1459,417,Undirected,2,1,dispute,bavli,yoma,yoma.sugya167:6
1459,2830,Undirected,2,1,dispute,bavli,yoma,yoma.sugya167:7
1463,2879,Undirected,2,1,dispute,bavli,sotah,sotah.sugya236:3
1493,2879,Undirected,2,1,dispute,bavli,taanit,taanit.sugya045:12
1507,2578,Undirected,2,1,dispute,bavli,menachot,menachot.sugya010:228
1508,2582,Undirected,2,1,dispute,bavli,bava_kamma,bava_kamma.sugya481:12
1508,895,Undirected,2,1,dispute,bavli,chullin,chullin.sugya118:2
1508,322,Undirected,2,1,dispute,bavli,gittin,gittin.sugya150:15
1508,467,Undirected,2,1,dispute,bavli,keritot,keritot.sugya096:183
1508,1742,Undirected,2,1,dispute,bavli,kiddushin,kiddushin.sugya046:124
1508,1608,Undirected,2,1,dispute,bavli,kiddushin,kiddushin.sugya253:48
1508,1593,Undirected,2,1,dispute,bavli,menachot,menachot.sugya101:116
1508,1764,Undirected,2,1,dispute,bavli,rosh_hashanah,rosh_hashanah.sugya132:15
1508,484,Undirected,2,1,dispute,bavli,sanhedrin,sanhedrin.sugya118:23
1508,850,Undirected,2,2,dispute,bavli,sanhedrin;yoma,sanhedrin.sugya496:422
1508,473,Undirected,2,1,dispute,bavli,sukkah,sukkah.sugya147:2
1508,2068,Undirected,2,1,dispute,bavli,yoma,yoma.sugya082:42
1512,2518,Undirected,2,1,dispute,bavli,sotah,sotah.sugya018:22
1527,1885,Undirected,2,2,dispute,bavli,chagigah;yoma,chagigah.sugya034:7
1527,2260,Undirected,2,1,dispute,bavli,chullin,chullin.sugya384:16
1532,2161,Undirected,2,1,dispute,bavli,moed_katan,moed_katan.sugya014:19
1539,1583,Undirected,2,1,dispute,bavli,sotah,sotah.sugya172:4
1544,895,Undirected,2,2,dispute,bavli,beitzah;berakhot,beitzah.sugya093:9
1544,92,Undirected,2,1,dispute,bavli,berakhot,berakhot.sugya033:11
1544,2007,Undirected,2,1,dispute,bavli,ketubot,ketubot.sugya043:106
1544,2285,Undirected,2,1,dispute,bavli,megillah,megillah.sugya052:306
1544,2647,Undirected,2,1,dispute,bavli,nazir,nazir.sugya043:11
1544,2681,Undirected,2,1,dispute,bavli,sanhedrin,sanhedrin.sugya133:18
1544,2032,Undirected,2,1,dispute,bavli,sotah,sotah.sugya312:11
1544,2581,Undirected,2,1,dispute,bavli,temurah,temurah.sugya075:17
1552,2318,Undirected,2,1,dispute,bavli,chagigah,chagigah.sugya065:1
1555,2852,Undirected,2,1,dispute,bavli,bekhorot,bekhorot.sugya172:73
1556,2068,Undirected,2,1,dispute,bavli,avodah_zarah,avodah_zarah.sugya012:35
1556,1979,Undirected,2,1,dispute,bavli,chullin,chullin.sugya129:11
1556,1624,Undirected,2,1,dispute,bavli,kiddushin,kiddushin.sugya172:46
1556,2852,Undirected,2,1,dispute,bavli,nedarim,nedarim.sugya097:62
1570,2478,Undirected,2,1,dispute,bavli,avodah_zarah,avodah_zarah.sugya083:167
1570,2429,Undirected,2,1,dispute,bavli,bava_batra,bava_batra.sugya350:5
1570,1854,Undirected,2,1,dispute,bavli,berakhot,berakhot.sugya021:38
1570,281,Undirected,2,1,dispute,bavli,berakhot,berakhot.sugya021:39
1570,602,Undirected,2,1,dispute,bavli,berakhot,berakhot.sugya031:12
1570,2161,Undirected,2,1,dispute,bavli,berakhot,berakhot.sugya053:25
1570,478,Undirected,2,1,dispute,bavli,chullin,chullin.sugya123:43
1570,449,Undirected,2,1,dispute,bavli,gittin,gittin.sugya108:4
1570,2596,Undirected,2,2,dispute,bavli,gittin;niddah,gittin.sugya411:13
1570,2445,Undirected,2,1,dispute,bavli,menachot,menachot.sugya010:230
1570,286,Undirected,2,2,dispute,bavli,pesachim;shabbat,pesachim.sugya414:8
1570,2744,Undirected,2,1,dispute,bavli,pesachim,pesachim.sugya171:2
1570,2368,Undirected,2,1,dispute,bavli,sanhedrin,sanhedrin.sugya491:21
1570,2839,Undirected,2,1,dispute,bavli,shabbat,shabbat.sugya715:21
1570,2681,Undirected,2,1,dispute,bavli,shabbat,shabbat.sugya940:52
1570,1952,Undirected,2,1,dispute,bavli,shabbat,shabbat.sugya125:10
1570,2941,Undirected,2,1,dispute,bavli,shabbat,shabbat.sugya181:10
1577,2830,Undirected,2,2,dispute,bavli,eruvin;ketubot,eruvin.sugya335:1
1583,634,Undirected,2,2,dispute,bavli,arakhin;menachot,arakhin.sugya012:12
1583,851,Undirected,2,1,dispute,bavli,ketubot,ketubot.sugya484:3
1583,417,Undirected,2,1,dispute,bavli,menachot,menachot.sugya179:18
1583,2546,Undirected,2,1,dispute,bavli,sukkah,sukkah.sugya070:3
1624,171,Undirected,2,1,dispute,bavli,gittin,gittin.sugya004:136
1624,239,Undirected,2,1,dispute,bavli,kiddushin,kiddushin.sugya028:34
1624,2465,Undirected,2,1,dispute,bavli,menachot,menachot.sugya140:24
1624,1764,Undirected,2,1,dispute,bavli,nedarim,nedarim.sugya120:48
1624,1814,Undirected,2,1,dispute,bavli,nedarim,nedarim.sugya194:13
1624,2032,Undirected,2,1,dispute,bavli,sanhedrin,sanhedrin.sugya498:49
1624,286,Undirected,2,1,dispute,bavli,shabbat,shabbat.sugya483:12
1634,2330,Undirected,2,1,dispute,bavli,berakhot,berakhot.sugya379:13
1644,2330,Undirected,2,1,dispute,bavli,eruvin,eruvin.sugya386:121
1657,2885,Undirected,2,1,dispute,bavli,bava_batra,bava_batra.sugya360:29
1657,2361,Undirected,2,1,dispute,bavli,bava_kamma,bava_kamma.sugya146:15
1657,2462,Undirected,2,1,dispute,bavli,niddah,niddah.sugya074:3
1657,682,Undirected,2,1,dispute,bavli,niddah,niddah.sugya227:55
1657,1742,Undirected,2,1,dispute,bavli,sotah,sotah.sugya262:14
1657,2518,Undirected,2,1,dispute,bavli,zevachim,zevachim.sugya189:244
1663,2646,Undirected,2,1,dispute,bavli,bekhorot,bekhorot.sugya159:47
1663,1954,Undirected,2,1,dispute,bavli,ketubot,ketubot.sugya009:71
1677,1954,Undirected,2,1,dispute,bavli,chagigah,chagigah.sugya060:276
1679,2763,Undirected,2,1,dispute,bavli,megillah,megillah.sugya020:115
1689,2285,Undirected,2,1,dispute,bavli,bava_batra,bava_batra.sugya414:52
1689,2518,Undirected,2,1,dispute,bavli,ketubot,ketubot.sugya328:18
1689,2879,Undirected,2,1,dispute,bavli,sanhedrin,sanhedrin.sugya059:10
1689,1952,Undirected,2,1,dispute,bavli,sanhedrin,sanhedrin.sugya291:75
1689,2824,Undirected,2,1,dispute,bavli,shabbat,shabbat.sugya824:18
1689,2646,Undirected,2,1,dispute,bavli,yoma,yoma.sugya251:102
1695,1832,Undirected,2,1,dispute,bavli,beitzah,beitzah.sugya189:44
1695,2578,Undirected,2,1,dispute,bavli,chullin,chullin.sugya031:131
1695,477,Undirected,2,1,dispute,bavli,menachot,menachot.sugya383:56
17,2578,Undirected,2,1,dispute,bavli,avodah_zarah,avodah_zarah.sugya143:102
17,1814,Undirected,2,1,dispute,bavli,kiddushin,kiddushin.sugya273:101
17,2879,Undirected,2,1,dispute,bavli,niddah,niddah.sugya144:25
17,2032,Undirected,2,1,dispute,bavli,sukkah,sukkah.sugya177:107
1742,2888,Undirected,2,2,dispute,bavli,bava_kamma;temurah,bava_kamma.sugya027:3
1742,417,Undirected,2,1,dispute,bavli,bava_kamma,bava_kamma.sugya156:16
1742,1979,Undirected,2,1,dispute,bavli,zevachim,zevachim.sugya100:19
1742,450,Undirected,2,1,dispute,bavli,zevachim,zevachim.sugya189:270
1745,2465,Undirected,2,1,dispute,bavli,rosh_hashanah,rosh_hashanah.sugya031:165
1764,1885,Undirected,2,2,dispute,bavli,beitzah;shabbat,beitzah.sugya002:42
1764,973,Undirected,2,1,dispute,bavli,berakhot,berakhot.sugya228:22
1764,6,Undirected,2,1,dispute,bavli,chagigah,chagigah.sugya063:4
1764,2646,Undirected,2,1,dispute,bavli,keritot,keritot.sugya134:6
1764,514,Undirected,2,1,dispute,bavli,ketubot,ketubot.sugya379:25
1764,229,Undirected,2,1,dispute,bavli,megillah,megillah.sugya056:102
1764,2647,Undirected,2,2,dispute,bavli,pesachim;yoma,pesachim.sugya393:24
1764,918,Undirected,2,1,dispute,bavli,sanhedrin,sanhedrin.sugya351:39
1764,2676,Undirected,2,1,dispute,bavli,shabbat,shabbat.sugya083:14
1764,2556,Undirected,2,1,dispute,bavli,taanit,taanit.sugya014:139
1764,2139,Undirected,2,1,dispute,bavli,yevamot,yevamot.sugya058:12
1764,478,Undirected,2,1,dispute,bavli,yevamot,yevamot.sugya240:19
1764,467,Undirected,2,1,dispute,bavli,zevachim,zevachim.sugya036:107
1775,993,Undirected,2,1,dispute,bavli,bava_metzia,bava_metzia.sugya030:12
1804,2198,Undirected,2,2,dispute,bavli,bekhorot;shabbat,bekhorot.sugya172:44
1804,571,Undirected,2,1,dispute,bavli,yoma,yoma.sugya288:40
1814,1932,Undirected,2,1,dispute,bavli,chullin,chullin.sugya090:134
1814,2285,Undirected,2,1,dispute,bavli,megillah,megillah.sugya151:10
1814,2409,Undirected,2,1,dispute,bavli,yevamot,yevamot.sugya134:20
1832,577,Undirected,2,1,dispute,bavli,menachot,menachot.sugya088:20
1832,2266,Undirected,2,1,dispute,bavli,niddah,niddah.sugya298:13
1840,2335,Undirected,2,1,dispute,bavli,bava_metzia,bava_metzia.sugya171:15
1854,2298,Undirected,2,1,dispute,bavli,yevamot,yevamot.sugya217:103
1885,194,Undirected,2,1,dispute,bavli,bava_metzia,bava_metzia.sugya259:11
1885,2581,Undirected,2,1,dispute,bavli,beitzah,beitzah.sugya002:318
1885,2330,Undirected,2,1,dispute,bavli,berakhot,berakhot.sugya389:15
1885,417,Undirected,2,1,dispute,bavli,gittin,gittin.sugya132:126
1885,2225,Undirected,2,1,dispute,bavli,gittin,gittin.sugya228:3
1885,2260,Undirected,2,1,dispute,bavli,ketubot,ketubot.sugya086:122
1885,2830,Undirected,2,1,dispute,bavli,megillah,megillah.sugya017:105
1885,1954,Undirected,2,2,dispute,bavli,sanhedrin,sanhedrin.sugya494:133
1885,6,Undirected,2,1,dispute,bavli,shabbat,shabbat.sugya125:12
1885,1891,Undirected,2,1,dispute,bavli,shevuot,shevuot.sugya095:26
1885,265,Undirected,2,1,dispute,bavli,temurah,temurah.sugya014:143
1890,2763,Undirected,2,1,dispute,bavli,niddah,niddah.sugya089:23
1890,2582,Undirected,2,1,dispute,bavli,yevamot,yevamot.sugya128:17
1901,2091,Undirected,2,1,dispute,bavli,chullin,chullin.sugya126:19
1901,2582,Undirected,2,1,dispute,bavli,sanhedrin,sanhedrin.sugya341:29
1913,2594,Undirected,2,1,dispute,bavli,niddah,niddah.sugya093:39
1913,2763,Undirected,2,1,dispute,bavli,shabbat,shabbat.sugya095:10
1913,2879,Undirected,2,1,dispute,bavli,shabbat,shabbat.sugya095:11
1932,2763,Undirected,2,1,dispute,bavli,gittin,gittin.sugya086:4
194,2879,Undirected,2,2,dispute,bavli,bava_batra;gittin,bava_batra.sugya290:45
194,534,Undirected,2,1,dispute,bavli,berakhot,berakhot.sugya192:35
194,2285,Undirected,2,2,dispute,bavli,chullin;menachot,chullin.sugya066:3
194,787,Undirected,2,1,dispute,bavli,ketubot,ketubot.sugya241:10
194,2518,Undirected,2,1,dispute,bavli,zevachim,zevachim.sugya160:23
194,2934,Undirected,2,1,dispute,bavli,zevachim,zevachim.sugya189:266
1952,92,Undirected,2,1,dispute,bavli,bava_batra,bava_batra.sugya447:180
1952,2237,Undirected,2,1,dispute,bavli,bava_batra,bava_batra.sugya454:12
1952,600,Undirected,2,1,dispute,bavli,makkot,makkot.sugya100:4
1952,467,Undirected,2,1,dispute,bavli,megillah,megillah.sugya052:247
1952,495,Undirected,2,1,dispute,bavli,megillah,megillah.sugya189:4
1952,2129,Undirected,2,1,dispute,bavli,menachot,menachot.sugya091:155
1952,6,Undirected,2,1,dispute,bavli,yevamot,yevamot.sugya119:20
1965,993,Undirected,2,1,dispute,bavli,zevachim,zevachim.sugya090:16
1979,434,Undirected,2,1,dispute,bavli,avodah_zarah,avodah_zarah.sugya094:124
1979,2885,Undirected,2,2,dispute,bavli,bava_batra;ketubot,bava_batra.sugya530:0
1979,467,Undirected,2,1,dispute,bavli,bava_kamma,bava_kamma.sugya096:72
1979,2582,Undirected,2,1,dispute,bavli,bekhorot,bekhorot.sugya244:1
1979,2068,Undirected,2,1,dispute,bavli,gittin,gittin.sugya141:148
1979,465,Undirected,2,2,dispute,bavli,keritot;shabbat,keritot.sugya060:3
1985,2830,Undirected,2,1,dispute,bavli,menachot,menachot.sugya125:31
1986,445,Undirected,2,1,dispute,bavli,megillah,megillah.sugya047:31
2005,903,Undirected,2,1,dispute,bavli,pesachim,pesachim.sugya162:38
2031,2879,Undirected,2,2,dispute,bavli,berakhot;sotah,berakhot.sugya079:7
2032,2556,Undirected,2,1,dispute,bavli,bava_metzia,bava_metzia.sugya219:10
2032,534,Undirected,2,2,dispute,bavli,ketubot;meilah,ketubot.sugya007:11
2032,2586,Undirected,2,1,dispute,bavli,zevachim,zevachim.sugya373:72
205,895,Undirected,2,1,dispute,bavli,yoma,yoma.sugya018:124
2068,2266,Undirected,2,1,dispute,bavli,berakhot,berakhot.sugya333:12
2068,445,Undirected,2,1,dispute,bavli,gittin,gittin.sugya158:11
2068,2260,Undirected,2,1,dispute,bavli,ketubot,ketubot.sugya086:121
2068,2846,Undirected,2,1,dispute,bavli,kiddushin,kiddushin.sugya083:16
2068,2231,Undirected,2,1,dispute,bavli,kiddushin,kiddushin.sugya348:2
2068,475,Undirected,2,1,dispute,bavli,shabbat,shabbat.sugya037:11
2111,2578,Undirected,2,1,dispute,bavli,yevamot,yevamot.sugya323:15
2140,6,Undirected,2,1,dispute,bavli,sukkah,sukkah.sugya027:104
2142,2586,Undirected,2,1,dispute,bavli,bava_metzia,bava_metzia.sugya080:13
2143,2586,Undirected,2,1,dispute,bavli,bava_batra,bava_batra.sugya467:142
2143,2684,Undirected,2,1,dispute,bavli,bava_batra,bava_batra.sugya467:143
2156,514,Undirected,2,2,dispute,bavli,bava_batra;chullin,bava_batra.sugya150:40
2156,2285,Undirected,2,2,dispute,bavli,bava_batra;ketubot,bava_batra.sugya150:52
2156,2533,Undirected,2,1,dispute,bavli,sanhedrin,sanhedrin.sugya145:12
2156,571,Undirected,2,1,dispute,bavli,sotah,sotah.sugya167:16
2160,2409,Undirected,2,1,dispute,bavli,bava_kamma,bava_kamma.sugya392:21
2160,2879,Undirected,2,1,dispute,bavli,menachot,menachot.sugya008:21
2160,2586,Undirected,2,1,dispute,bavli,menachot,menachot.sugya008:26
2160,2161,Undirected,2,1,dispute,bavli,sanhedrin,sanhedrin.sugya513:186
2160,2518,Undirected,2,1,dispute,bavli,shabbat,shabbat.sugya844:12
2161,297,Undirected,2,1,dispute,bavli,chagigah,chagigah.sugya018:33
2161,2518,Undirected,2,1,dispute,bavli,chullin,chullin.sugya277:109
2161,2582,Undirected,2,1,dispute,bavli,menachot,menachot.sugya389:19
2161,2744,Undirected,2,1,dispute,bavli,nedarim,nedarim.sugya260:37
2161,478,Undirected,2,1,dispute,bavli,shabbat,shabbat.sugya824:11
2161,2298,Undirected,2,1,dispute,bavli,sotah,sotah.sugya124:17
2161,2647,Undirected,2,1,dispute,bavli,yoma,yoma.sugya073:18
2164,270,Undirected,2,1,dispute,bavli,nedarim,nedarim.sugya002:64
2174,571,Undirected,2,1,dispute,bavli,yoma,yoma.sugya251:106
2186,2646,Undirected,2,1,dispute,bavli,bekhorot,bekhorot.sugya159:45
2198,2647,Undirected,2,1,dispute,bavli,bava_batra,bava_batra.sugya095:15
2198,2518,Undirected,2,2,dispute,bavli,chullin;niddah,chullin.sugya186:64
2198,2409,Undirected,2,1,dispute,bavli,gittin,gittin.sugya404:19
2206,993,Undirected,2,1,dispute,bavli,bava_batra,bava_batra.sugya338:33
2206,2582,Undirected,2,1,dispute,bavli,bava_kamma,bava_kamma.sugya092:73
2206,2646,Undirected,2,1,dispute,bavli,yevamot,yevamot.sugya116:14
2206,2298,Undirected,2,1,dispute,bavli,yoma,yoma.sugya003:48
2212,571,Undirected,2,1,dispute,bavli,bava_batra,bava_batra.sugya276:41
2224,763,Undirected,2,1,dispute,bavli,nazir,nazir.sugya023:5
2224,820,Undirected,2,1,dispute,bavli,yoma,yoma.sugya234:30
2225,2409,Undirected,2,2,dispute,bavli,bava_batra;taanit,bava_batra.sugya398:109
2225,2581,Undirected,2,2,dispute,bavli,bava_batra;taanit,bava_batra.sugya398:112
2225,571,Undirected,2,1,dispute,bavli,megillah,megillah.sugya048:154
2225,2646,Undirected,2,1,dispute,bavli,sanhedrin,sanhedrin.sugya057:17
2231,2330,Undirected,2,1,dispute,bavli,sanhedrin,sanhedrin.sugya498:52
2237,2285,Undirected,2,2,dispute,bavli,bava_metzia;shevuot,bava_metzia.sugya451:86
2237,2578,Undirected,2,1,dispute,bavli,sanhedrin,sanhedrin.sugya166:56
2266,447,Undirected,2,2,dispute,bavli,sanhedrin;sotah,sanhedrin.sugya494:122
2266,467,Undirected,2,1,dispute,bavli,yoma,yoma.sugya251:100
2285,66,Undirected,2,1,dispute,bavli,bava_kamma,bava_kamma.sugya252:28
2285,2579,Undirected,2,1,dispute,bavli,chullin,chullin.sugya316:112
2285,514,Undirected,2,2,dispute,bavli,chullin;yevamot,chullin.sugya186:35
2285,2533,Undirected,2,1,dispute,bavli,gittin,gittin.sugya270:6
2285,829,Undirected,2,1,dispute,bavli,nedarim,nedarim.sugya255:62
229,2582,Undirected,2,1,dispute,bavli,bava_kamma,bava_kamma.sugya127:18
229,2298,Undirected,2,1,dispute,bavli,megillah,megillah.sugya056:104
2296,2744,Undirected,2,1,dispute,bavli,sukkah,sukkah.sugya224:17
2298,2533,Undirected,2,1,dispute,bavli,avodah_zarah,avodah_zarah.sugya259:114
2298,2330,Undirected,2,1,dispute,bavli,berakhot,berakhot.sugya053:12
2298,2903,Undirected,2,1,dispute,bavli,chagigah,chagigah.sugya060:279
2298,2763,Undirected,2,2,dispute,bavli,eruvin;sanhedrin,eruvin.sugya025:14
2298,6,Undirected,2,1,dispute,bavli,ketubot,ketubot.sugya332:22
2298,2744,Undirected,2,1,dispute,bavli,niddah,niddah.sugya016:18
2298,286,Undirected,2,1,dispute,bavli,sanhedrin,sanhedrin.sugya203:12
2298,2409,Undirected,2,1,dispute,bavli,shabbat,shabbat.sugya249:16
2298,895,Undirected,2,1,dispute,bavli,shabbat,shabbat.sugya251:6
2298,467,Undirected,2,2,dispute,bavli,shabbat;yoma,shabbat.sugya328:2
2298,2724,Undirected,2,1,dispute,bavli,sotah,sotah.sugya204:107
2330,2888,Undirected,2,1,dispute,bavli,berakhot,berakhot.sugya379:12
2330,467,Undirected,2,1,dispute,bavli,ketubot,ketubot.sugya130:158
2330,2578,Undirected,2,1,dispute,bavli,ketubot,ketubot.sugya186:1
2330,571,Undirected,2,1,dispute,bavli,menachot,menachot.sugya095:127
2330,2879,Undirected,2,1,dispute,bavli,temurah,temurah.sugya063:5
2340,2879,Undirected,2,1,dispute,bavli,bekhorot,bekhorot.sugya099:5
2340,2763,Undirected,2,1,dispute,bavli,keritot,keritot.sugya094:49
2361,467,Undirected,2,1,dispute,bavli,horayot,horayot.sugya014:16
2368,417,Undirected,2,1,dispute,bavli,yevamot,yevamot.sugya303:13
239,895,Undirected,2,1,dispute,bavli,arakhin,arakhin.sugya243:23
239,2879,Undirected,2,1,dispute,bavli,avodah_zarah,avodah_zarah.sugya057:106
239,2518,Undirected,2,2,dispute,bavli,bava_metzia;yevamot,bava_metzia.sugya223:68
239,467,Undirected,2,1,dispute,bavli,meilah,meilah.sugya007:14
239,2741,Undirected,2,1,dispute,bavli,pesachim,pesachim.sugya115:6
2391,571,Undirected,2,1,dispute,bavli,bava_metzia,bava_metzia.sugya173:44
2392,2647,Undirected,2,1,dispute,bavli,kiddushin,kiddushin.sugya023:31
2398,2788,Undirected,2,1,dispute,bavli,bekhorot,bekhorot.sugya188:22
2398,2586,Undirected,2,1,dispute,bavli,yevamot,yevamot.sugya315:17
2406,2646,Undirected,2,1,dispute,bavli,bava_batra,bava_batra.sugya414:84
2409,2518,Undirected,2,1,dispute,bavli,avodah_zarah,avodah_zarah.sugya137:115
2409,2618,Undirected,2,1,dispute,bavli,chagigah,chagigah.sugya103:16
2409,2647,Undirected,2,1,dispute,bavli,chullin,chullin.sugya205:11
2409,286,Undirected,2,1,dispute,bavli,kiddushin,kiddushin.sugya162:19
2409,2845,Undirected,2,1,dispute,bavli,nedarim,nedarim.sugya129:2
2409,2879,Undirected,2,1,dispute,bavli,nedarim,nedarim.sugya133:15
2409,2676,Undirected,2,1,dispute,bavli,niddah,niddah.sugya089:33
2409,281,Undirected,2,1,dispute,bavli,rosh_hashanah,rosh_hashanah.sugya038:117
2409,2423,Undirected,2,1,dispute,bavli,sanhedrin,sanhedrin.sugya214:23
2409,2800,Undirected,2,1,dispute,bavli,sanhedrin,sanhedrin.sugya496:228
2409,977,Undirected,2,1,dispute,bavli,shabbat,shabbat.sugya694:137
2409,571,Undirected,2,1,dispute,bavli,shabbat,shabbat.sugya015:17
2409,467,Undirected,2,1,dispute,bavli,yevamot,yevamot.sugya451:11
2423,2582,Undirected,2,1,dispute,bavli,niddah,niddah.sugya227:21
2423,2518,Undirected,2,1,dispute,bavli,shabbat,shabbat.sugya416:10
2445,2581,Undirected,2,1,dispute,bavli,bava_metzia,bava_metzia.sugya043:5
2445,895,Undirected,2,1,dispute,bavli,chullin,chullin.sugya098:28
2448,2578,Undirected,2,1,dispute,bavli,shabbat,shabbat.sugya825:13
2462,92,Undirected,2,1,dispute,bavli,niddah,niddah.sugya081:1
2462,851,Undirected,2,1,dispute,bavli,zevachim,zevachim.sugya284:32
2465,534,Undirected,2,1,dispute,bavli,berakhot,berakhot.sugya179:33
2465,2720,Undirected,2,1,dispute,bavli,berakhot,berakhot.sugya450:62
2465,451,Undirected,2,1,dispute,bavli,sanhedrin,sanhedrin.sugya475:33
2491,475,Undirected,2,1,dispute,bavli,rosh_hashanah,rosh_hashanah.sugya072:2
2518,2586,Undirected,2,1,dispute,bavli,bava_batra,bava_batra.sugya171:11
2518,467,Undirected,2,1,dispute,bavli,chullin,chullin.sugya022:53
2518,495,Undirected,2,1,dispute,bavli,moed_katan,moed_katan.sugya079:69
2518,2923,Undirected,2,1,dispute,bavli,pesachim,pesachim.sugya140:11
2533,571,Undirected,2,1,dispute,bavli,avodah_zarah,avodah_zarah.sugya241:128
2533,918,Undirected,2,1,dispute,bavli,bava_batra,bava_batra.sugya429:12
2533,2735,Undirected,2,1,dispute,bavli,yoma,yoma.sugya198:61
255,2582,Undirected,2,1,dispute,bavli,menachot,menachot.sugya102:264
2556,977,Undirected,2,1,dispute,bavli,taanit,taanit.sugya014:137
2556,495,Undirected,2,1,dispute,bavli,taanit,taanit.sugya014:142
256,2800,Undirected,2,1,dispute,bavli,berakhot,berakhot.sugya480:17
256,2830,Undirected,2,1,dispute,bavli,shabbat,shabbat.sugya739:17
2578,850,Undirected,2,1,dispute,bavli,bava_metzia,bava_metzia.sugya325:16
2578,2646,Undirected,2,2,dispute,bavli,kiddushin;menachot,kiddushin.sugya180:12
2578,2830,Undirected,2,1,dispute,bavli,shabbat,shabbat.sugya660:26
2578,527,Undirected,2,1,dispute,bavli,shabbat,shabbat.sugya338:1
2578,411,Undirected,2,1,dispute,bavli,sotah,sotah.sugya051:12
2578,2891,Undirected,2,1,dispute,bavli,sukkah,sukkah.sugya008:39
2578,2720,Undirected,2,1,dispute,bavli,yoma,yoma.sugya041:14
2578,820,Undirected,2,1,dispute,bavli,yoma,yoma.sugya234:13
2581,2646,Undirected,2,1,dispute,bavli,avodah_zarah,avodah_zarah.sugya092:30
2581,867,Undirected,2,1,dispute,bavli,bava_batra,bava_batra.sugya514:10
2581,2596,Undirected,2,2,dispute,bavli,bava_metzia;chullin,bava_metzia.sugya379:40
2581,270,Undirected,2,1,dispute,bavli,chullin,chullin.sugya378:34
2581,535,Undirected,2,1,dispute,bavli,chullin,chullin.sugya277:117
2581,2738,Undirected,2,1,dispute,bavli,eruvin,eruvin.sugya172:22
2581,977,Undirected,2,2,dispute,bavli,ketubot;rosh_hashanah,ketubot.sugya431:1
2581,2627,Undirected,2,1,dispute,bavli,kiddushin,kiddushin.sugya208:31
2581,2618,Undirected,2,1,dispute,bavli,menachot,menachot.sugya091:261
2581,2879,Undirected,2,1,dispute,bavli,zevachim,zevachim.sugya427:12
2582,881,Undirected,2,1,dispute,bavli,bava_batra,bava_batra.sugya069:22
2582,417,Undirected,2,1,dispute,bavli,eruvin,eruvin.sugya213:32
2582,2744,Undirected,2,1,dispute,bavli,ketubot,ketubot.sugya085:103
2582,917,Undirected,2,1,dispute,bavli,ketubot,ketubot.sugya247:19
2582,2781,Undirected,2,1,dispute,bavli,ketubot,ketubot.sugya448:3
2582,2795,Undirected,2,1,dispute,bavli,megillah,megillah.sugya035:18
2582,92,Undirected,2,1,dispute,bavli,nazir,nazir.sugya124:33
2582,911,Undirected,2,1,dispute,bavli,niddah,niddah.sugya156:21
2582,867,Undirected,2,1,dispute,bavli,pesachim,pesachim.sugya200:29
2582,99,Undirected,2,1,dispute,bavli,sanhedrin,sanhedrin.sugya412:104
2582,411,Undirected,2,1,dispute,bavli,sanhedrin,sanhedrin.sugya496:37
2582,484,Undirected,2,1,dispute,bavli,shabbat,shabbat.sugya277:21
2582,265,Undirected,2,1,dispute,bavli,temurah,temurah.sugya014:147
2586,2938,Undirected,2,1,dispute,bavli,gittin,gittin.sugya004:127
2586,2763,Undirected,2,1,dispute,bavli,ketubot,ketubot.sugya433:25
2586,2957,Undirected,2,1,dispute,bavli,kiddushin,kiddushin.sugya312:14
2586,2744,Undirected,2,1,dispute,bavli,menachot,menachot.sugya008:31
2586,2653,Undirected,2,1,dispute,bavli,yevamot,yevamot.sugya315:11
2594,2879,Undirected,2,1,dispute,bavli,berakhot,berakhot.sugya490:19
2594,535,Undirected,2,1,dispute,bavli,chullin,chullin.sugya090:131
2594,40,Undirected,2,1,dispute,bavli,ketubot,ketubot.sugya336:18
2594,571,Undirected,2,1,dispute,bavli,ketubot,ketubot.sugya341:3
2594,2596,Undirected,2,1,dispute,bavli,sanhedrin,sanhedrin.sugya172:5
2596,820,Undirected,2,1,dispute,bavli,bava_batra,bava_batra.sugya338:20
2596,2625,Undirected,2,1,dispute,bavli,eruvin,eruvin.sugya214:20
2618,2738,Undirected,2,1,dispute,bavli,avodah_zarah,avodah_zarah.sugya185:24
2643,2763,Undirected,2,1,dispute,bavli,chullin,chullin.sugya034:114
2646,2763,Undirected,2,2,dispute,bavli,kiddushin;pesachim,kiddushin.sugya180:13
2646,2934,Undirected,2,1,dispute,bavli,shabbat,shabbat.sugya804:70
2647,514,Undirected,2,1,dispute,bavli,gittin,gittin.sugya135:155
2647,2934,Undirected,2,1,dispute,bavli,ketubot,ketubot.sugya459:44
2647,2744,Undirected,2,1,dispute,bavli,menachot,menachot.sugya058:16
2647,2720,Undirected,2,1,dispute,bavli,pesachim,pesachim.sugya275:10
2657,2763,Undirected,2,1,dispute,bavli,chullin,chullin.sugya216:50
2684,2690,Undirected,2,1,dispute,bavli,bava_batra,bava_batra.sugya488:12
2692,534,Undirected,2,1,dispute,bavli,yevamot,yevamot.sugya021:8
2696,2830,Undirected,2,1,dispute,bavli,yevamot,yevamot.sugya076:3
270,571,Undirected,2,1,dispute,bavli,makkot,makkot.sugya123:4
2758,965,Undirected,2,1,dispute,bavli,beitzah,beitzah.sugya059:51
2763,881,Undirected,2,2,dispute,bavli,horayot;moed_katan,horayot.sugya002:0
2763,495,Undirected,2,1,dispute,bavli,kiddushin,kiddushin.sugya186:11
2763,2852,Undirected,2,1,dispute,bavli,shabbat,shabbat.sugya814:1
2763,2881,Undirected,2,1,dispute,bavli,yoma,yoma.sugya297:36
2773,2800,Undirected,2,1,dispute,bavli,chullin,chullin.sugya273:159
2795,2800,Undirected,2,1,dispute,bavli,chagigah,chagigah.sugya013:120
2795,895,Undirected,2,1,dispute,bavli,temurah,temurah.sugya131:2
2795,2879,Undirected,2,1,dispute,bavli,zevachim,zevachim.sugya109:11
2800,2969,Undirected,2,1,dispute,bavli,berakhot,berakhot.sugya480:19
2800,485,Undirected,2,1,dispute,bavli,berakhot,berakhot.sugya504:15
2800,417,Undirected,2,1,dispute,bavli,sanhedrin,sanhedrin.sugya496:46
2824,417,Undirected,2,1,dispute,bavli,avodah_zarah,avodah_zarah.sugya017:41
2830,2881,Undirected,2,2,dispute,bavli,chagigah,chagigah.sugya027:3
2830,2846,Undirected,2,1,dispute,bavli,eruvin,eruvin.sugya451:19
2830,829,Undirected,2,2,dispute,bavli,ketubot;zevachim,ketubot.sugya343:10
2830,534,Undirected,2,1,dispute,bavli,pesachim,pesachim.sugya415:38
2830,445,Undirected,2,1,dispute,bavli,shabbat,shabbat.sugya167:100
2852,2885,Undirected,2,1,dispute,bavli,bava_batra,bava_batra.sugya360:28
286,993,Undirected,2,1,dispute,bavli,bava_batra,bava_batra.sugya272:16
286,2879,Undirected,2,1,dispute,bavli,chagigah,chagigah.sugya058:133
2879,977,Undirected,2,1,dispute,bavli,niddah,niddah.sugya064:24
2881,2912,Undirected,2,1,dispute,bavli,ketubot,ketubot.sugya083:139
2888,467,Undirected,2,1,dispute,bavli,bekhorot,bekhorot.sugya371:1
2888,43,Undirected,2,1,dispute,bavli,shabbat,shabbat.sugya147:11
2891,977,Undirected,2,1,dispute,bavli,taanit,taanit.sugya014:130
2920,417,Undirected,2,1,dispute,bavli,nazir,nazir.sugya148:14
2938,465,Undirected,2,1,dispute,bavli,avodah_zarah,avodah_zarah.sugya057:121
2938,92,Undirected,2,1,dispute,bavli,ketubot,ketubot.sugya043:109
2938,312,Undirected,2,1,dispute,bavli,niddah,niddah.sugya144:118
2952,534,Undirected,2,1,dispute,bavli,ketubot,ketubot.sugya342:12
297,535,Undirected,2,1,dispute,bavli,taanit,taanit.sugya066:4
304,571,Undirected,2,1,dispute,bavli,bava_kamma,bava_kamma.sugya328:45
368,92,Undirected,2,1,dispute,bavli,chullin,chullin.sugya269:112
417,92,Undirected,2,1,dispute,bavli,eruvin,eruvin.sugya213:30
465,548,Undirected,2,1,dispute,bavli,keritot,keritot.sugya018:16
467,495,Undirected,2,1,dispute,bavli,ketubot,ketubot.sugya326:151
467,691,Undirected,2,1,dispute,bavli,ketubot,ketubot.sugya389:6
485,895,Undirected,2,1,dispute,bavli,yoma,yoma.sugya147:56
495,571,Undirected,2,1,dispute,bavli,yevamot,yevamot.sugya469:12
534,571,Undirected,2,2,dispute,bavli,avodah_zarah;bekhorot,avodah_zarah.sugya121:40
534,92,Undirected,2,1,dispute,bavli,berakhot,berakhot.sugya368:13
545,548,Undirected,2,1,dispute,bavli,sotah,sotah.sugya098:35
571,977,Undirected,2,2,dispute,bavli,bava_batra;kiddushin,bava_batra.sugya156:19
6,92,Undirected,2,1,dispute,bavli,bava_batra,bava_batra.sugya034:100
6,899,Undirected,2,1,dispute,bavli,bava_batra,bava_batra.sugya156:25
918,993,Undirected,2,1,dispute,bavli,bava_batra,bava_batra.sugya134:11
92,977,Undirected,2,1,dispute,bavli,shabbat,shabbat.sugya694:135
1017,2156,Undirected,1,1,dispute,bavli,bava_metzia,bava_metzia.sugya145:5
1017,2298,Undirected,1,1,dispute,bavli,niddah,niddah.sugya062:44
1018,194,Undirected,1,1,dispute,bavli,chullin,chullin.sugya120:10
1022,1814,Undirected,1,1,dispute,bavli,niddah,niddah.sugya103:16
1043,1212,Undirected,1,1,dispute,bavli,yevamot,yevamot.sugya517:0
1043,2285,Undirected,1,1,dispute,bavli,yevamot,yevamot.sugya348:0
1046,6,Undirected,1,1,dispute,bavli,bava_batra,bava_batra.sugya413:27
1046,2409,Undirected,1,1,dispute,bavli,sotah,sotah.sugya129:21
1051,571,Undirected,1,1,dispute,bavli,gittin,gittin.sugya414:11
1075,2582,Undirected,1,1,dispute,bavli,avodah_zarah,avodah_zarah.sugya231:39
1075,2003,Undirected,1,1,dispute,bavli,bava_kamma,bava_kamma.sugya024:7
1088,1102,Undirected,1,1,dispute,bavli,berakhot,berakhot.sugya323:76
1088,895,Undirected,1,1,dispute,bavli,berakhot,berakhot.sugya342:2
1088,2830,Undirected,1,1,dispute,bavli,chullin,chullin.sugya426:1
1088,241,Undirected,1,1,dispute,bavli,keritot,keritot.sugya002:32
1088,2556,Undirected,1,1,dispute,bavli,niddah,niddah.sugya073:10
1088,121,Undirected,1,1,dispute,bavli,niddah,niddah.sugya073:12
1088,2688,Undirected,1,1,dispute,bavli,niddah,niddah.sugya073:21
1088,1913,Undirected,1,1,dispute,bavli,niddah,niddah.sugya073:22
1088,467,Undirected,1,1,dispute,bavli,pesachim,pesachim.sugya303:1
1088,2763,Undirected,1,1,dispute,bavli,sanhedrin,sanhedrin.sugya328:11
1088,1423,Undirected,1,1,dispute,bavli,shabbat,shabbat.sugya082:2
1088,2409,Undirected,1,1,dispute,bavli,sotah,sotah.sugya188:8
1091,1305,Undirected,1,1,dispute,bavli,chagigah,chagigah.sugya088:9
1091,895,Undirected,1,1,dispute,bavli,megillah,megillah.sugya052:85
1091,417,Undirected,1,1,dispute,bavli,shabbat,shabbat.sugya326:10
1091,1508,Undirected,1,1,dispute,bavli,yevamot,yevamot.sugya289:82
1094,121,Undirected,1,1,dispute,bavli,kiddushin,kiddushin.sugya194:20
1102,2578,Undirected,1,1,dispute,bavli,chullin,chullin.sugya136:34
1113,1689,Undirected,1,1,dispute,bavli,bava_batra,bava_batra.sugya322:6
1113,2938,Undirected,1,1,dispute,bavli,bava_kamma,bava_kamma.sugya461:57
1127,534,Undirected,1,1,dispute,bavli,keritot,keritot.sugya096:1
1127,1394,Undirected,1,1,dispute,bavli,ketubot,ketubot.sugya336:0
1127,571,Undirected,1,1,dispute,bavli,shabbat,shabbat.sugya016:13
1146,1570,Undirected,1,1,dispute,bavli,avodah_zarah,avodah_zarah.sugya135:13
1160,467,Undirected,1,1,dispute,bavli,shabbat,shabbat.sugya556:12
1164,1544,Undirected,1,1,dispute,bavli,avodah_zarah,avodah_zarah.sugya105:0
1164,2156,Undirected,1,1,dispute,bavli,bava_batra,bava_batra.sugya467:82
1164,1394,Undirected,1,1,dispute,bavli,moed_katan,moed_katan.sugya048:15
1176,2161,Undirected,1,1,dispute,bavli,bava_batra,bava_batra.sugya252:27
1176,2578,Undirected,1,1,dispute,bavli,bava_metzia,bava_metzia.sugya360:44
1176,2298,Undirected,1,1,dispute,bavli,berakhot,berakhot.sugya444:82
1176,2409,Undirected,1,1,dispute,bavli,sotah,sotah.sugya011:34
1178,535,Undirected,1,1,dispute,bavli,eruvin,eruvin.sugya258:33
121,993,Undirected,1,1,dispute,bavli,bava_batra,bava_batra.sugya500:19
121,2156,Undirected,1,1,dispute,bavli,chullin,chullin.sugya216:40
121,467,Undirected,1,1,dispute,bavli,kiddushin,kiddushin.sugya288:10
121,2934,Undirected,1,1,dispute,bavli,pesachim,pesachim.sugya369:7
121,2237,Undirected,1,1,dispute,bavli,shabbat,shabbat.sugya765:21
121,1327,Undirected,1,1,dispute,bavli,sukkah,sukkah.sugya027:22
121,2174,Undirected,1,1,dispute,bavli,zevachim,zevachim.sugya358:31
1210,1657,Undirected,1,1,dispute,bavli,yoma,yoma.sugya189:6
1212,2075,Undirected,1,1,dispute,bavli,moed_katan,moed_katan.sugya089:104
1212,2646,Undirected,1,1,dispute,bavli,rosh_hashanah,rosh_hashanah.sugya029:18
1212,895,Undirected,1,1,dispute,bavli,sanhedrin,sanhedrin.sugya313:5
1230,1885,Undirected,1,1,dispute,bavli,chagigah,chagigah.sugya034:9
1230,1508,Undirected,1,1,dispute,bavli,yoma,yoma.sugya101:6
1237,2465,Undirected,1,1,dispute,bavli,bekhorot,bekhorot.sugya276:2
124,467,Undirected,1,1,dispute,bavli,keritot,keritot.sugya104:40
1242,1742,Undirected,1,1,dispute,bavli,menachot,menachot.sugya164:0
129,467,Undirected,1,1,dispute,bavli,bava_kamma,bava_kamma.sugya034:2
129,92,Undirected,1,1,dispute,bavli,sanhedrin,sanhedrin.sugya043:10
1293,1979,Undirected,1,1,dispute,bavli,ketubot,ketubot.sugya489:25
1305,2800,Undirected,1,1,dispute,bavli,megillah,megillah.sugya052:141
1305,1570,Undirected,1,1,dispute,bavli,pesachim,pesachim.sugya043:73
1306,1764,Undirected,1,1,dispute,bavli,berakhot,berakhot.sugya341:21
1327,2578,Undirected,1,1,dispute,bavli,avodah_zarah,avodah_zarah.sugya054:3
1327,2763,Undirected,1,1,dispute,bavli,pesachim,pesachim.sugya089:40
1337,1345,Undirected,1,1,dispute,bavli,shabbat,shabbat.sugya475:7
1337,977,Undirected,1,1,dispute,bavli,shabbat,shabbat.sugya475:8
1345,2478,Undirected,1,1,dispute,bavli,avodah_zarah,avodah_zarah.sugya056:23
1345,1544,Undirected,1,1,dispute,bavli,berakhot,berakhot.sugya461:3
1345,140,Undirected,1,1,dispute,bavli,ketubot,ketubot.sugya083:88
1345,2681,Undirected,1,1,dispute,bavli,ketubot,ketubot.sugya397:17
1345,1804,Undirected,1,1,dispute,bavli,niddah,niddah.sugya346:113
1345,1952,Undirected,1,1,dispute,bavli,sanhedrin,sanhedrin.sugya149:1
1383,1657,Undirected,1,1,dispute,bavli,shabbat,shabbat.sugya683:92
1383,2068,Undirected,1,1,dispute,bavli,shabbat,shabbat.sugya126:1
1383,2830,Undirected,1,1,dispute,bavli,zevachim,zevachim.sugya311:0
1385,1885,Undirected,1,1,dispute,bavli,nazir,nazir.sugya148:7
1385,2330,Undirected,1,1,dispute,bavli,shabbat,shabbat.sugya635:7
1385,451,Undirected,1,1,dispute,bavli,sotah,sotah.sugya208:45
1385,1508,Undirected,1,1,dispute,bavli,sotah,sotah.sugya208:46
1385,895,Undirected,1,1,dispute,bavli,sukkah,sukkah.sugya002:44
139,2582,Undirected,1,1,dispute,bavli,bava_batra,bava_batra.sugya165:44
139,2578,Undirected,1,1,dispute,bavli,ketubot,ketubot.sugya237:1
139,895,Undirected,1,1,dispute,bavli,shabbat,shabbat.sugya330:5
139,2763,Undirected,1,1,dispute,bavli,yevamot,yevamot.sugya200:45
139,571,Undirected,1,1,dispute,bavli,zevachim,zevachim.sugya084:68
1394,2646,Undirected,1,1,dispute,bavli,bava_kamma,bava_kamma.sugya031:11
1394,2406,Undirected,1,1,dispute,bavli,bava_metzia,bava_metzia.sugya455:8
1394,2174,Undirected,1,1,dispute,bavli,bava_metzia,bava_metzia.sugya175:4
1394,534,Undirected,1,1,dispute,bavli,chullin,chullin.sugya056:2
1394,2744,Undirected,1,1,dispute,bavli,chullin,chullin.sugya058:0
1394,1544,Undirected,1,1,dispute,bavli,gittin,gittin.sugya215:36
1394,2340,Undirected,1,1,dispute,bavli,kiddushin,kiddushin.sugya125:2
1394,2830,Undirected,1,1,dispute,bavli,niddah,niddah.sugya021:3
1394,485,Undirected,1,1,dispute,bavli,pesachim,pesachim.sugya093:5
1394,43,Undirected,1,1,dispute,bavli,sanhedrin,sanhedrin.sugya285:139
1394,495,Undirected,1,1,dispute,bavli,yevamot,yevamot.sugya244:19
1395,1418,Undirected,1,1,dispute,bavli,eruvin,eruvin.sugya083:0
1395,484,Undirected,1,1,dispute,bavli,pesachim,pesachim.sugya407:18
1395,1742,Undirected,1,1,dispute,bavli,pesachim,pesachim.sugya063:6
1395,1583,Undirected,1,1,dispute,bavli,rosh_hashanah,rosh_hashanah.sugya124:13
1395,2231,Undirected,1,1,dispute,bavli,sanhedrin,sanhedrin.sugya108:12
1395,2546,Undirected,1,1,dispute,bavli,shabbat,shabbat.sugya827:0
1395,2856,Undirected,1,1,dispute,bavli,yoma,yoma.sugya077:2
1395,977,Undirected,1,1,dispute,bavli,yoma,yoma.sugya307:34
1395,895,Undirected,1,1,dispute,bavli,zevachim,zevachim.sugya189:230
140,2298,Undirected,1,1,dispute,bavli,rosh_hashanah,rosh_hashanah.sugya031:82
140,1663,Undirected,1,1,dispute,bavli,temurah,temurah.sugya098:23
1423,467,Undirected,1,1,dispute,bavli,chullin,chullin.sugya368:67
1423,1979,Undirected,1,1,dispute,bavli,menachot,menachot.sugya179:23
1423,1657,Undirected,1,1,dispute,bavli,menachot,menachot.sugya179:32
1423,471,Undirected,1,1,dispute,bavli,sotah,sotah.sugya007:114
1432,2068,Undirected,1,1,dispute,bavli,berakhot,berakhot.sugya178:12
1467,2852,Undirected,1,1,dispute,bavli,niddah,niddah.sugya251:2
1480,2830,Undirected,1,1,dispute,bavli,bekhorot,bekhorot.sugya364:21
1480,417,Undirected,1,1,dispute,bavli,taanit,taanit.sugya004:11
1480,2465,Undirected,1,1,dispute,bavli,taanit,taanit.sugya004:12
1508,858,Undirected,1,1,dispute,bavli,arakhin,arakhin.sugya215:5
1508,1536,Undirected,1,1,dispute,bavli,avodah_zarah,avodah_zarah.sugya051:2
1508,485,Undirected,1,1,dispute,bavli,chullin,chullin.sugya065:10
1508,1570,Undirected,1,1,dispute,bavli,ketubot,ketubot.sugya288:68
1508,2231,Undirected,1,1,dispute,bavli,nazir,nazir.sugya021:51
1508,256,Undirected,1,1,dispute,bavli,niddah,niddah.sugya256:7
1508,465,Undirected,1,1,dispute,bavli,sanhedrin,sanhedrin.sugya496:413
1508,92,Undirected,1,1,dispute,bavli,sukkah,sukkah.sugya116:13
1508,417,Undirected,1,1,dispute,bavli,taanit,taanit.sugya004:10
1527,2864,Undirected,1,1,dispute,bavli,bava_kamma,bava_kamma.sugya252:55
1527,475,Undirected,1,1,dispute,bavli,berakhot,berakhot.sugya239:2
1527,1979,Undirected,1,1,dispute,bavli,menachot,menachot.sugya179:21
1527,2852,Undirected,1,1,dispute,bavli,pesachim,pesachim.sugya130:2
1527,447,Undirected,1,1,dispute,bavli,sanhedrin,sanhedrin.sugya496:179
1527,1986,Undirected,1,1,dispute,bavli,shevuot,shevuot.sugya052:15
1527,2846,Undirected,1,1,dispute,bavli,sotah,sotah.sugya306:4
1536,2250,Undirected,1,1,dispute,bavli,avodah_zarah,avodah_zarah.sugya017:9
1536,417,Undirected,1,1,dispute,bavli,pesachim,pesachim.sugya128:0
1544,2508,Undirected,1,1,dispute,bavli,avodah_zarah,avodah_zarah.sugya066:4
1544,1885,Undirected,1,1,dispute,bavli,bava_batra,bava_batra.sugya090:43
1544,286,Undirected,1,1,dispute,bavli,beitzah,beitzah.sugya093:11
1544,2409,Undirected,1,1,dispute,bavli,berakhot,berakhot.sugya228:10
1544,495,Undirected,1,1,dispute,bavli,chullin,chullin.sugya292:10
1544,2865,Undirected,1,1,dispute,bavli,nedarim,nedarim.sugya133:28
1544,2518,Undirected,1,1,dispute,bavli,pesachim,pesachim.sugya003:26
1544,2296,Undirected,1,1,dispute,bavli,rosh_hashanah,rosh_hashanah.sugya038:13
1544,2068,Undirected,1,1,dispute,bavli,sanhedrin,sanhedrin.sugya494:50
1556,2800,Undirected,1,1,dispute,bavli,berakhot,berakhot.sugya039:15
1556,2881,Undirected,1,1,dispute,bavli,megillah,megillah.sugya052:258
1556,829,Undirected,1,1,dispute,bavli,megillah,megillah.sugya052:259
1556,2888,Undirected,1,1,dispute,bavli,megillah,megillah.sugya052:74
1556,2266,Undirected,1,1,dispute,bavli,menachot,menachot.sugya326:33
1556,417,Undirected,1,1,dispute,bavli,sanhedrin,sanhedrin.sugya526:4
1556,1657,Undirected,1,1,dispute,bavli,sanhedrin,sanhedrin.sugya100:2
1570,6,Undirected,1,1,dispute,bavli,bava_batra,bava_batra.sugya407:18
1570,1716,Undirected,1,1,dispute,bavli,bava_metzia,bava_metzia.sugya171:42
1570,1832,Undirected,1,1,dispute,bavli,beitzah,beitzah.sugya189:41
1570,241,Undirected,1,1,dispute,bavli,beitzah,beitzah.sugya211:19
1570,977,Undirected,1,1,dispute,bavli,berakhot,berakhot.sugya088:35
1570,1889,Undirected,1,1,dispute,bavli,berakhot,berakhot.sugya290:20
1570,1583,Undirected,1,1,dispute,bavli,chullin,chullin.sugya138:4
1570,2224,Undirected,1,1,dispute,bavli,chullin,chullin.sugya147:11
1570,1624,Undirected,1,1,dispute,bavli,gittin,gittin.sugya105:0
1570,17,Undirected,1,1,dispute,bavli,gittin,gittin.sugya139:16
1570,1819,Undirected,1,1,dispute,bavli,gittin,gittin.sugya215:47
1570,2647,Undirected,1,1,dispute,bavli,menachot,menachot.sugya110:33
1570,2631,Undirected,1,1,dispute,bavli,moed_katan,moed_katan.sugya044:4
1570,2852,Undirected,1,1,dispute,bavli,shabbat,shabbat.sugya736:26
1570,881,Undirected,1,1,dispute,bavli,shabbat,shabbat.sugya740:3
1570,43,Undirected,1,1,dispute,bavli,shabbat,shabbat.sugya878:29
1570,2830,Undirected,1,1,dispute,bavli,sotah,sotah.sugya011:28
1570,194,Undirected,1,1,dispute,bavli,temurah,temurah.sugya153:3
1570,2865,Undirected,1,1,dispute,bavli,yoma,yoma.sugya129:104
1570,2032,Undirected,1,1,dispute,bavli,yoma,yoma.sugya307:32
1575,1716,Undirected,1,1,dispute,bavli,avodah_zarah,avodah_zarah.sugya241:70
1577,1985,Undirected,1,1,dispute,bavli,bava_kamma,bava_kamma.sugya491:0
1577,2068,Undirected,1,1,dispute,bavli,bekhorot,bekhorot.sugya342:2
1577,475,Undirected,1,1,dispute,bavli,niddah,niddah.sugya197:1
1592,2852,Undirected,1,1,dispute,bavli,bava_metzia,bava_metzia.sugya356:3
1593,829,Undirected,1,1,dispute,bavli,rosh_hashanah,rosh_hashanah.sugya076:1
1615,286,Undirected,1,1,dispute,bavli,kiddushin,kiddushin.sugya279:23
1624,2846,Undirected,1,1,dispute,bavli,bava_batra,bava_batra.sugya391:8
1624,2830,Undirected,1,1,dispute,bavli,sanhedrin,sanhedrin.sugya389:12
1624,417,Undirected,1,1,dispute,bavli,sanhedrin,sanhedrin.sugya389:19
1657,2763,Undirected,1,1,dispute,bavli,gittin,gittin.sugya272:34
1657,2881,Undirected,1,1,dispute,bavli,megillah,megillah.sugya052:257
1657,1885,Undirected,1,1,dispute,bavli,menachot,menachot.sugya091:35
1657,2846,Undirected,1,1,dispute,bavli,menachot,menachot.sugya179:37
1657,2231,Undirected,1,1,dispute,bavli,nazir,nazir.sugya021:52
1679,2068,Undirected,1,1,dispute,bavli,megillah,megillah.sugya020:71
1689,1814,Undirected,1,1,dispute,bavli,bava_kamma,bava_kamma.sugya252:9
1689,2581,Undirected,1,1,dispute,bavli,bava_metzia,bava_metzia.sugya333:5
1689,571,Undirected,1,1,dispute,bavli,ketubot,ketubot.sugya328:2
1690,2671,Undirected,1,1,dispute,bavli,menachot,menachot.sugya091:219
1690,453,Undirected,1,1,dispute,bavli,sotah,sotah.sugya122:1
1695,1979,Undirected,1,1,dispute,bavli,bekhorot,bekhorot.sugya079:15
1695,465,Undirected,1,1,dispute,bavli,yoma,yoma.sugya297:29
17,2581,Undirected,1,1,dispute,bavli,beitzah,beitzah.sugya010:41
17,2582,Undirected,1,1,dispute,bavli,ketubot,ketubot.sugya162:9
17,2409,Undirected,1,1,dispute,bavli,zevachim,zevachim.sugya387:13
1710,859,Undirected,1,1,dispute,bavli,gittin,gittin.sugya032:21
1716,2582,Undirected,1,1,dispute,bavli,bava_metzia,bava_metzia.sugya171:49
173,2763,Undirected,1,1,dispute,bavli,shabbat,shabbat.sugya951:79
1742,2830,Undirected,1,1,dispute,bavli,shevuot,shevuot.sugya142:18
1764,867,Undirected,1,1,dispute,bavli,avodah_zarah,avodah_zarah.sugya135:7
1764,881,Undirected,1,1,dispute,bavli,bava_batra,bava_batra.sugya069:85
1764,993,Undirected,1,1,dispute,bavli,bava_kamma,bava_kamma.sugya504:17
1764,2578,Undirected,1,1,dispute,bavli,bava_kamma,bava_kamma.sugya074:69
1764,1797,Undirected,1,1,dispute,bavli,berakhot,berakhot.sugya087:10
1764,2156,Undirected,1,1,dispute,bavli,ketubot,ketubot.sugya177:3
1764,2031,Undirected,1,1,dispute,bavli,megillah,megillah.sugya107:3
1764,2586,Undirected,1,1,dispute,bavli,sukkah,sukkah.sugya166:27
1804,2518,Undirected,1,1,dispute,bavli,chullin,chullin.sugya027:36
1804,2156,Undirected,1,1,dispute,bavli,gittin,gittin.sugya226:15
1814,2879,Undirected,1,1,dispute,bavli,chullin,chullin.sugya118:44
1814,2298,Undirected,1,1,dispute,bavli,menachot,menachot.sugya072:5
1814,2800,Undirected,1,1,dispute,bavli,sotah,sotah.sugya130:2
1814,286,Undirected,1,1,dispute,bavli,sotah,sotah.sugya130:3
1832,6,Undirected,1,1,dispute,bavli,eruvin,eruvin.sugya226:6
1832,417,Undirected,1,1,dispute,bavli,yevamot,yevamot.sugya232:66
1832,2888,Undirected,1,1,dispute,bavli,yevamot,yevamot.sugya232:69
1854,281,Undirected,1,1,dispute,bavli,berakhot,berakhot.sugya021:32
1885,1890,Undirected,1,1,dispute,bavli,berakhot,berakhot.sugya361:21
1885,2518,Undirected,1,1,dispute,bavli,berakhot,berakhot.sugya361:22
1885,43,Undirected,1,1,dispute,bavli,chullin,chullin.sugya273:69
1885,2465,Undirected,1,1,dispute,bavli,makkot,makkot.sugya093:4
1885,534,Undirected,1,1,dispute,bavli,niddah,niddah.sugya042:37
1885,2084,Undirected,1,1,dispute,bavli,sanhedrin,sanhedrin.sugya310:33
1890,368,Undirected,1,1,dispute,bavli,menachot,menachot.sugya134:16
1922,495,Undirected,1,1,dispute,bavli,sukkah,sukkah.sugya088:11
1952,343,Undirected,1,1,dispute,bavli,avodah_zarah,avodah_zarah.sugya086:12
1952,2647,Undirected,1,1,dispute,bavli,eruvin,eruvin.sugya131:23
1952,2578,Undirected,1,1,dispute,bavli,megillah,megillah.sugya052:209
1952,2646,Undirected,1,1,dispute,bavli,yoma,yoma.sugya084:34
1952,2879,Undirected,1,1,dispute,bavli,zevachim,zevachim.sugya227:6
1954,2763,Undirected,1,1,dispute,bavli,sanhedrin,sanhedrin.sugya494:130
1965,534,Undirected,1,1,dispute,bavli,zevachim,zevachim.sugya358:5
1979,2330,Undirected,1,1,dispute,bavli,chullin,chullin.sugya129:6
1979,450,Undirected,1,1,dispute,bavli,keritot,keritot.sugya057:2
1979,2409,Undirected,1,1,dispute,bavli,ketubot,ketubot.sugya326:85
1979,2800,Undirected,1,1,dispute,bavli,menachot,menachot.sugya385:10
1979,2231,Undirected,1,1,dispute,bavli,sanhedrin,sanhedrin.sugya498:11
1979,2846,Undirected,1,1,dispute,bavli,shabbat,shabbat.sugya130:1
1979,453,Undirected,1,1,dispute,bavli,sotah,sotah.sugya122:4
1979,473,Undirected,1,1,dispute,bavli,yoma,yoma.sugya257:133
1985,2846,Undirected,1,1,dispute,bavli,eruvin,eruvin.sugya073:25
1986,467,Undirected,1,1,dispute,bavli,ketubot,ketubot.sugya482:6
2003,495,Undirected,1,1,dispute,bavli,bava_kamma,bava_kamma.sugya024:6
2016,2582,Undirected,1,1,dispute,bavli,yevamot,yevamot.sugya268:89
2016,2934,Undirected,1,1,dispute,bavli,yevamot,yevamot.sugya268:91
2031,2578,Undirected,1,1,dispute,bavli,berakhot,berakhot.sugya079:13
2031,51,Undirected,1,1,dispute,bavli,eruvin,eruvin.sugya256:106
2031,895,Undirected,1,1,dispute,bavli,sukkah,sukkah.sugya175:0
2032,2581,Undirected,1,1,dispute,bavli,pesachim,pesachim.sugya379:3
2041,2582,Undirected,1,1,dispute,bavli,bava_batra,bava_batra.sugya048:21
2041,2646,Undirected,1,1,dispute,bavli,sukkah,sukkah.sugya177:57
206,941,Undirected,1,1,dispute,bavli,chullin,chullin.sugya124:40
2068,2888,Undirected,1,1,dispute,bavli,bekhorot,bekhorot.sugya371:5
2068,2920,Undirected,1,1,dispute,bavli,chullin,chullin.sugya211:1
2068,485,Undirected,1,1,dispute,bavli,pesachim,pesachim.sugya093:8
2068,2298,Undirected,1,1,dispute,bavli,sanhedrin,sanhedrin.sugya528:26
2068,2980,Undirected,1,1,dispute,bavli,sanhedrin,sanhedrin.sugya010:46
207,2646,Undirected,1,1,dispute,bavli,berakhot,berakhot.sugya183:30
2124,2582,Undirected,1,1,dispute,bavli,chullin,chullin.sugya404:35
2156,297,Undirected,1,1,dispute,bavli,avodah_zarah,avodah_zarah.sugya094:62
2156,2582,Undirected,1,1,dispute,bavli,sanhedrin,sanhedrin.sugya161:45
2157,514,Undirected,1,1,dispute,bavli,chullin,chullin.sugya116:8
2160,467,Undirected,1,1,dispute,bavli,arakhin,arakhin.sugya091:200
2164,296,Undirected,1,1,dispute,bavli,chullin,chullin.sugya124:53
2174,2596,Undirected,1,1,dispute,bavli,beitzah,beitzah.sugya123:8
2174,2582,Undirected,1,1,dispute,bavli,pesachim,pesachim.sugya027:29
2174,2938,Undirected,1,1,dispute,bavli,zevachim,zevachim.sugya358:26
2198,993,Undirected,1,1,dispute,bavli,avodah_zarah,avodah_zarah.sugya121:44
2221,2465,Undirected,1,1,dispute,bavli,yevamot,yevamot.sugya224:23
2221,2330,Undirected,1,1,dispute,bavli,yoma,yoma.sugya002:121
2224,2582,Undirected,1,1,dispute,bavli,chullin,chullin.sugya147:17
2224,2578,Undirected,1,1,dispute,bavli,ketubot,ketubot.sugya401:12
2225,2423,Undirected,1,1,dispute,bavli,moed_katan,moed_katan.sugya099:23
2225,467,Undirected,1,1,dispute,bavli,sanhedrin,sanhedrin.sugya057:13
2237,2518,Undirected,1,1,dispute,bavli,arakhin,arakhin.sugya141:23
2237,2409,Undirected,1,1,dispute,bavli,bava_batra,bava_batra.sugya113:1
2237,2646,Undirected,1,1,dispute,bavli,bava_metzia,bava_metzia.sugya451:89
2237,535,Undirected,1,1,dispute,bavli,ketubot,ketubot.sugya043:66
2266,2888,Undirected,1,1,dispute,bavli,megillah,megillah.sugya052:73
2285,2409,Undirected,1,1,dispute,bavli,bava_batra,bava_batra.sugya398:108
2285,6,Undirected,1,1,dispute,bavli,bava_batra,bava_batra.sugya407:1
2285,2586,Undirected,1,1,dispute,bavli,bava_batra,bava_batra.sugya022:9
2285,899,Undirected,1,1,dispute,bavli,bava_metzia,bava_metzia.sugya379:48
2285,2556,Undirected,1,1,dispute,bavli,bekhorot,bekhorot.sugya172:14
2285,2681,Undirected,1,1,dispute,bavli,ketubot,ketubot.sugya510:21
2285,2298,Undirected,1,1,dispute,bavli,nazir,nazir.sugya096:18
2285,417,Undirected,1,1,dispute,bavli,sanhedrin,sanhedrin.sugya073:18
2298,2594,Undirected,1,1,dispute,bavli,bava_metzia,bava_metzia.sugya154:21
2298,270,Undirected,1,1,dispute,bavli,bava_metzia,bava_metzia.sugya326:7
2298,2586,Undirected,1,1,dispute,bavli,shabbat,shabbat.sugya122:38
2298,2596,Undirected,1,1,dispute,bavli,taanit,taanit.sugya014:135
2330,2582,Undirected,1,1,dispute,bavli,berakhot,berakhot.sugya444:41
2330,2556,Undirected,1,1,dispute,bavli,berakhot,berakhot.sugya455:5
2330,2824,Undirected,1,1,dispute,bavli,sanhedrin,sanhedrin.sugya496:282
2330,478,Undirected,1,1,dispute,bavli,yevamot,yevamot.sugya240:12
2361,451,Undirected,1,1,dispute,bavli,bava_metzia,bava_metzia.sugya103:6
2361,450,Undirected,1,1,dispute,bavli,bava_metzia,bava_metzia.sugya104:12
2368,2763,Undirected,1,1,dispute,bavli,sotah,sotah.sugya215:71
239,2578,Undirected,1,1,dispute,bavli,bava_batra,bava_batra.sugya071:6
239,92,Undirected,1,1,dispute,bavli,bava_batra,bava_batra.sugya090:24
239,371,Undirected,1,1,dispute,bavli,bava_kamma,bava_kamma.sugya076:29
239,763,Undirected,1,1,dispute,bavli,niddah,niddah.sugya300:4
2398,2582,Undirected,1,1,dispute,bavli,gittin,gittin.sugya373:2
2398,993,Undirected,1,1,dispute,bavli,yevamot,yevamot.sugya003:188
2409,535,Undirected,1,1,dispute,bavli,gittin,gittin.sugya215:50
2409,2596,Undirected,1,1,dispute,bavli,moed_katan,moed_katan.sugya038:11
2409,763,Undirected,1,1,dispute,bavli,nedarim,nedarim.sugya076:2
2409,2533,Undirected,1,1,dispute,bavli,shabbat,shabbat.sugya643:3
2409,2830,Undirected,1,1,dispute,bavli,yoma,yoma.sugya167:9
2423,2763,Undirected,1,1,dispute,bavli,pesachim,pesachim.sugya097:19
2453,895,Undirected,1,1,dispute,bavli,bava_batra,bava_batra.sugya402:49
2465,682,Undirected,1,1,dispute,bavli,niddah,niddah.sugya227:61
2465,2881,Undirected,1,1,dispute,bavli,sanhedrin,sanhedrin.sugya526:5
2465,2684,Undirected,1,1,dispute,bavli,yoma,yoma.sugya185:8
2478,2647,Undirected,1,1,dispute,bavli,avodah_zarah,avodah_zarah.sugya083:42
2478,2586,Undirected,1,1,dispute,bavli,chagigah,chagigah.sugya074:51
2491,478,Undirected,1,1,dispute,bavli,rosh_hashanah,rosh_hashanah.sugya073:2
2518,417,Undirected,1,1,dispute,bavli,sanhedrin,sanhedrin.sugya359:17
2518,2800,Undirected,1,1,dispute,bavli,sotah,sotah.sugya051:7
2533,467,Undirected,1,1,dispute,bavli,bava_kamma,bava_kamma.sugya024:41
2533,2744,Undirected,1,1,dispute,bavli,shevuot,shevuot.sugya191:11
255,571,Undirected,1,1,dispute,bavli,bava_metzia,bava_metzia.sugya366:16
2578,2647,Undirected,1,1,dispute,bavli,avodah_zarah,avodah_zarah.sugya083:34
2578,286,Undirected,1,1,dispute,bavli,chagigah,chagigah.sugya060:73
2578,535,Undirected,1,1,dispute,bavli,chullin,chullin.sugya362:1
2578,881,Undirected,1,1,dispute,bavli,chullin,chullin.sugya020:91
2578,43,Undirected,1,1,dispute,bavli,kiddushin,kiddushin.sugya296:93
2578,417,Undirected,1,1,dispute,bavli,yevamot,yevamot.sugya232:47
2581,2625,Undirected,1,1,dispute,bavli,chullin,chullin.sugya216:24
2581,2744,Undirected,1,1,dispute,bavli,yevamot,yevamot.sugya301:33
2582,926,Undirected,1,1,dispute,bavli,avodah_zarah,avodah_zarah.sugya241:52
2582,485,Undirected,1,1,dispute,bavli,avodah_zarah,avodah_zarah.sugya295:6
2582,899,Undirected,1,1,dispute,bavli,bava_kamma,bava_kamma.sugya463:17
2582,343,Undirected,1,1,dispute,bavli,bava_metzia,bava_metzia.sugya435:37
2582,600,Undirected,1,1,dispute,bavli,beitzah,beitzah.sugya072:30
2582,2685,Undirected,1,1,dispute,bavli,beitzah,beitzah.sugya010:32
2582,368,Undirected,1,1,dispute,bavli,chagigah,chagigah.sugya078:11
2582,6,Undirected,1,1,dispute,bavli,chullin,chullin.sugya110:109
2582,270,Undirected,1,1,dispute,bavli,sanhedrin,sanhedrin.sugya004:22
2582,2891,Undirected,1,1,dispute,bavli,yevamot,yevamot.sugya011:23
2582,2934,Undirected,1,1,dispute,bavli,yevamot,yevamot.sugya182:23
2582,2735,Undirected,1,1,dispute,bavli,zevachim,zevachim.sugya036:83
2586,2646,Undirected,1,1,dispute,bavli,pesachim,pesachim.sugya042:132
2594,2763,Undirected,1,1,dispute,bavli,chullin,chullin.sugya160:8
2596,2716,Undirected,1,1,dispute,bavli,bava_batra,bava_batra.sugya425:6
2596,993,Undirected,1,1,dispute,bavli,gittin,gittin.sugya413:3
2596,2763,Undirected,1,1,dispute,bavli,moed_katan,moed_katan.sugya038:5
2647,270,Undirected,1,1,dispute,bavli,bava_kamma,bava_kamma.sugya153:20
2647,895,Undirected,1,1,dispute,bavli,beitzah,beitzah.sugya142:55
2647,6,Undirected,1,1,dispute,bavli,horayot,horayot.sugya002:9
2647,297,Undirected,1,1,dispute,bavli,ketubot,ketubot.sugya083:125
2647,286,Undirected,1,1,dispute,bavli,pesachim,pesachim.sugya003:29
2647,2795,Undirected,1,1,dispute,bavli,sanhedrin,sanhedrin.sugya033:47
2647,31,Undirected,1,1,dispute,bavli,sanhedrin,sanhedrin.sugya255:31
2647,2879,Undirected,1,1,dispute,bavli,shabbat,shabbat.sugya694:158
2648,296,Undirected,1,1,dispute,bavli,sanhedrin,sanhedrin.sugya416:4
2676,895,Undirected,1,1,dispute,bavli,beitzah,beitzah.sugya129:3
2681,2938,Undirected,1,1,dispute,bavli,sanhedrin,sanhedrin.sugya133:3
2681,467,Undirected,1,1,dispute,bavli,zevachim,zevachim.sugya460:10
2684,369,Undirected,1,1,dispute,bavli,shabbat,shabbat.sugya302:3
2690,571,Undirected,1,1,dispute,bavli,bava_batra,bava_batra.sugya512:40
2696,417,Undirected,1,1,dispute,bavli,yevamot,yevamot.sugya075:5
2735,895,Undirected,1,1,dispute,bavli,pesachim,pesachim.sugya393:58
2744,895,Undirected,1,1,dispute,bavli,gittin,gittin.sugya414:29
2763,2885,Undirected,1,1,dispute,bavli,bava_batra,bava_batra.sugya360:17
2763,842,Undirected,1,1,dispute,bavli,berakhot,berakhot.sugya197:19
2763,426,Undirected,1,1,dispute,bavli,chullin,chullin.sugya160:9
2763,2830,Undirected,1,1,dispute,bavli,niddah,niddah.sugya360:20
2763,369,Undirected,1,1,dispute,bavli,shabbat,shabbat.sugya302:2
2830,484,Undirected,1,1,dispute,bavli,bava_batra,bava_batra.sugya048:134
2830,2896,Undirected,1,1,dispute,bavli,makkot,makkot.sugya147:8
2830,447,Undirected,1,1,dispute,bavli,sanhedrin,sanhedrin.sugya496:181
2830,450,Undirected,1,1,dispute,bavli,yevamot,yevamot.sugya286:11
2846,534,Undirected,1,1,dispute,bavli,bava_metzia,bava_metzia.sugya063:44
2846,829,Undirected,1,1,dispute,bavli,chullin,chullin.sugya187:3
2846,465,Undirected,1,1,dispute,bavli,moed_katan,moed_katan.sugya095:5
2852,447,Undirected,1,1,dispute,bavli,megillah,megillah.sugya020:6
286,2938,Undirected,1,1,dispute,bavli,yevamot,yevamot.sugya380:4
2879,2938,Undirected,1,1,dispute,bavli,avodah_zarah,avodah_zarah.sugya187:5
2879,92,Undirected,1,1,dispute,bavli,chagigah,chagigah.sugya060:247
2879,535,Undirected,1,1,dispute,bavli,chullin,chullin.sugya034:70
2879,763,Undirected,1,1,dispute,bavli,makkot,makkot.sugya002:11
2879,417,Undirected,1,1,dispute,bavli,nazir,nazir.sugya203:5
2879,571,Undirected,1,1,dispute,bavli,sanhedrin,sanhedrin.sugya175:15
2888,92,Undirected,1,1,dispute,bavli,sukkah,sukkah.sugya116:14
2896,485,Undirected,1,1,dispute,bavli,berakhot,berakhot.sugya110:6
2938,534,Undirected,1,1,dispute,bavli,bava_kamma,bava_kamma.sugya443:29
2980,447,Undirected,1,1,dispute,bavli,sanhedrin,sanhedrin.sugya010:44
2980,417,Undirected,1,1,dispute,bavli,sanhedrin,sanhedrin.sugya010:45
417,485,Undirected,1,1,dispute,bavli,berakhot,berakhot.sugya102:3
417,447,Undirected,1,1,dispute,bavli,sanhedrin,sanhedrin.sugya010:6
417,484,Undirected,1,1,dispute,bavli,zevachim,zevachim.sugya436:51
450,467,Undirected,1,1,dispute,bavli,yevamot,yevamot.sugya442:2
451,467,Undirected,1,1,dispute,bavli,ketubot,ketubot.sugya145:16
451,489,Undirected,1,1,dispute,bavli,pesachim,pesachim.sugya072:16
465,484,Undirected,1,1,dispute,bavli,pesachim,pesachim.sugya407:19
467,977,Undirected,1,1,dispute,bavli,shabbat,shabbat.sugya556:9
47,993,Undirected,1,1,dispute,bavli,gittin,gittin.sugya033:5
475,829,Undirected,1,1,dispute,bavli,chullin,chullin.sugya187:2
477,478,Undirected,1,1,dispute,bavli,menachot,menachot.sugya058:28
478,6,Undirected,1,1,dispute,bavli,yevamot,yevamot.sugya240:8
495,92,Undirected,1,1,dispute,bavli,yoma,yoma.sugya253:16
534,918,Undirected,1,1,dispute,bavli,eruvin,eruvin.sugya304:9
571,602,Undirected,1,1,dispute,bavli,makkot,makkot.sugya121:9
600,895,Undirected,1,1,dispute,bavli,bava_batra,bava_batra.sugya150:34
867,881,Undirected,1,1,dispute,bavli,avodah_zarah,avodah_zarah.sugya029:8
899,92,Undirected,1,1,dispute,bavli,bava_batra,bava_batra.sugya156:26
