Source,Target,Type,Weight,Sugyot,Relation,Corpus,Tractates,ExampleRecord
121,1764,Directed,352,238,encounter,bavli,arakhin;avodah_zarah;bava_batra;bava_kamma;bava_metzia;beitzah;bekhorot;berakhot;chagigah;chullin;eruvin;gittin;horayot;ketubot;kiddushin;makkot;megillah;meilah;menachot;moed_katan;nazir;nedarim;niddah;pesachim;rosh_hashanah;sanhedrin;shabbat;shevuot;sotah;sukkah;taanit;temurah;yevamot;yoma;zevachim,arakhin.sugya058:21
121,2582,Directed,227,156,encounter,bavli,arakhin;avodah_zarah;bava_batra;bava_kamma;bava_metzia;beitzah;berakhot;chullin;eruvin;gittin;horayot;keritot;ketubot;kiddushin;makkot;megillah;menachot;moed_katan;nazir;nedarim;niddah;pesachim;rosh_hashanah;sanhedrin;shabbat;shevuot;sotah;sukkah;taanit;temurah;yevamot;yoma;zevachim,arakhin.sugya091:82
121,2581,Directed,221,119,encounter,bavli,arakhin;avodah_zarah;bava_batra;bava_kamma;bava_metzia;beitzah;berakhot;chullin;eruvin;gittin;keritot;ketubot;kiddushin;megillah;menachot;moed_katan;nazir;nedarim;niddah;pesachim;rosh_hashanah;sanhedrin;shabbat;shevuot;sukkah;taanit;yevamot;yoma;zevachim,arakhin.sugya091:84
2582,121,Directed,211,150,encounter,bavli,arakhin;avodah_zarah;bava_batra;bava_kamma;bava_metzia;bekhorot;berakhot;chullin;eruvin;gittin;horayot;keritot;ketubot;kiddushin;makkot;megillah;menachot;moed_katan;nazir;nedarim;niddah;pesachim;rosh_hashanah;sanhedrin;shabbat;shevuot;sotah;sukkah;taanit;temurah;yevamot;yoma;zevachim,arakhin.sugya141:0
2582,2285,Directed,209,127,encounter,bavli,avodah_zarah;bava_batra;bava_kamma;bava_metzia;beitzah;berakhot;chullin;eruvin;gittin;horayot;keritot;ketubot;kiddushin;menachot;moed_katan;nazir;nedarim;niddah;pesachim;rosh_hashanah;sanhedrin;shabbat;shevuot;temurah;yevamot;yoma;zevachim,avodah_zarah.sugya214:59
1764,121,Directed,183,124,encounter,bavli,arakhin;avodah_zarah;bava_batra;bava_kamma;bava_metzia;beitzah;bekhorot;berakhot;chullin;eruvin;gittin;horayot;ketubot;kiddushin;megillah;meilah;menachot;moed_katan;nazir;nedarim;niddah;pesachim;sanhedrin;shabbat;shevuot;sotah;sukkah;taanit;temurah;yevamot;yoma;zevachim,arakhin.sugya105:16
1570,2879,Directed,180,88,encounter,bavli,avodah_zarah;bava_batra;bava_kamma;bava_metzia;beitzah;bekhorot;berakhot;chagigah;chullin;eruvin;gittin;ketubot;kiddushin;makkot;meilah;menachot;moed_katan;nazir;niddah;pesachim;rosh_hashanah;sanhedrin;shabbat;sukkah;taanit;temurah;yevamot;yoma;zevachim,avodah_zarah.sugya173:11
2285,2582,Directed,164,96,encounter,bavli,avodah_zarah;bava_batra;bava_kamma;bava_metzia;beitzah;berakhot;chullin;eruvin;gittin;horayot;keritot;ketubot;kiddushin;menachot;moed_katan;nedarim;pesachim;rosh_hashanah;sanhedrin;shabbat;shevuot;temurah;yevamot;yoma;zevachim,avodah_zarah.sugya214:60
2879,1570,Directed,144,75,encounter,bavli,avodah_zarah;bava_batra;bava_kamma;bava_metzia;beitzah;bekhorot;chagigah;chullin;gittin;ketubot;kiddushin;makkot;meilah;menachot;moed_katan;nazir;niddah;pesachim;rosh_hashanah;sanhedrin;shabbat;sukkah;taanit;temurah;yevamot;yoma;zevachim,avodah_zarah.sugya173:12
2581,121,Directed,142,70,encounter,bavli,arakhin;avodah_zarah;bava_batra;bava_kamma;bava_metzia;beitzah;berakhot;chullin;eruvin;gittin;horayot;ketubot;kiddushin;menachot;pesachim;rosh_hashanah;sanhedrin;shabbat;shevuot;sukkah;yevamot;yoma;zevachim,arakhin.sugya091:87
2518,121,Directed,88,68,encounter,bavli,arakhin;bava_batra;bava_kamma;bava_metzia;bekhorot;berakhot;chagigah;chullin;eruvin;keritot;ketubot;kiddushin;makkot;megillah;meilah;menachot;moed_katan;nazir;nedarim;niddah;pesachim;rosh_hashanah;sanhedrin;shabbat;shevuot;sotah;sukkah;taanit;temurah;yevamot;yoma;zevachim,arakhin.sugya129:16
121,2518,Directed,88,71,encounter,bavli,arakhin;bava_batra;bava_kamma;bava_metzia;beitzah;bekhorot;berakhot;chagigah;chullin;eruvin;keritot;ketubot;kiddushin;makkot;megillah;meilah;menachot;moed_katan;nazir;niddah;pesachim;rosh_hashanah;sanhedrin;shabbat;shevuot;sotah;sukkah;taanit;temurah;yevamot;yoma;zevachim,arakhin.sugya129:18
2647,571,Directed,85,67,encounter,bavli,arakhin;avodah_zarah;bava_batra;bava_kamma;bava_metzia;beitzah;bekhorot;berakhot;chullin;eruvin;gittin;ketubot;kiddushin;menachot;moed_katan;nedarim;niddah;pesachim;sanhedrin;shabbat;shevuot;sukkah;yevamot;zevachim,arakhin.sugya172:57
571,2647,Directed,81,63,encounter,bavli,arakhin;bava_batra;bava_kamma;bava_metzia;beitzah;bekhorot;berakhot;chullin;eruvin;gittin;ketubot;meilah;menachot;moed_katan;nedarim;pesachim;sanhedrin;shabbat;shevuot;sukkah;taanit;yevamot;yoma;zevachim,arakhin.sugya172:60
1952,1017,Directed,71,42,encounter,bavli,avodah_zarah;bava_kamma;beitzah;bekhorot;berakhot;chullin;keritot;menachot;moed_katan;nedarim;niddah;pesachim;rosh_hashanah;sanhedrin;shabbat;sotah;taanit;temurah;zevachim,avodah_zarah.sugya035:44
1017,1952,Directed,70,38,encounter,bavli,avodah_zarah;bava_kamma;beitzah;bekhorot;berakhot;chullin;keritot;menachot;moed_katan;nedarim;niddah;pesachim;rosh_hashanah;sanhedrin;shabbat;sotah;taanit;temurah;zevachim,avodah_zarah.sugya035:45
2518,2582,Directed,64,50,encounter,bavli,avodah_zarah;bava_batra;bava_kamma;bava_metzia;beitzah;bekhorot;berakhot;chullin;eruvin;gittin;horayot;ketubot;makkot;megillah;menachot;moed_katan;nazir;nedarim;niddah;pesachim;shabbat;shevuot;temurah;yevamot;yoma;zevachim,avodah_zarah.sugya188:11
571,297,Directed,64,49,encounter,bavli,avodah_zarah;bava_batra;bava_kamma;bava_metzia;bekhorot;berakhot;chullin;eruvin;keritot;ketubot;makkot;megillah;menachot;nedarim;niddah;pesachim;sanhedrin;shabbat;shevuot;temurah;yevamot;zevachim,avodah_zarah.sugya121:16
2763,1394,Directed,55,31,encounter,bavli,avodah_zarah;bava_batra;bava_kamma;bava_metzia;berakhot;chagigah;chullin;eruvin;gittin;keritot;ketubot;kiddushin;nedarim;niddah;rosh_hashanah;sanhedrin;shabbat;yevamot,avodah_zarah.sugya177:30
571,514,Directed,55,37,encounter,bavli,bava_batra;bava_kamma;bava_metzia;beitzah;berakhot;chullin;eruvin;gittin;ketubot;kiddushin;menachot;moed_katan;rosh_hashanah;sanhedrin;shabbat;shevuot;yevamot,bava_batra.sugya045:30
1527,417,Directed,54,28,encounter,bavli,bava_batra;chullin;eruvin;keritot;kiddushin;menachot;niddah;pesachim;rosh_hashanah;sanhedrin;shevuot;taanit;zevachim,bava_batra.sugya048:91
121,867,Directed,53,30,encounter,bavli,avodah_zarah;bava_batra;bava_kamma;bava_metzia;bekhorot;berakhot;chullin;eruvin;keritot;kiddushin;nazir;pesachim;sanhedrin;shabbat;temurah;yevamot;yoma;zevachim,avodah_zarah.sugya045:9
297,571,Directed,52,40,encounter,bavli,bava_batra;bava_kamma;bava_metzia;berakhot;chullin;eruvin;gittin;keritot;ketubot;makkot;megillah;menachot;nedarim;pesachim;sanhedrin;shabbat;shevuot;temurah;zevachim,bava_batra.sugya345:2
2582,2518,Directed,51,43,encounter,bavli,avodah_zarah;bava_batra;bava_kamma;bava_metzia;bekhorot;berakhot;chullin;eruvin;gittin;horayot;ketubot;makkot;megillah;menachot;moed_katan;nazir;nedarim;niddah;pesachim;sanhedrin;shevuot;temurah;yevamot;yoma;zevachim,avodah_zarah.sugya282:24
867,121,Directed,45,28,encounter,bavli,avodah_zarah;bava_batra;bava_kamma;bava_metzia;bekhorot;berakhot;chullin;eruvin;keritot;kiddushin;nazir;pesachim;sanhedrin;shabbat;temurah;yevamot;yoma;zevachim,avodah_zarah.sugya045:10
417,1527,Directed,44,22,encounter,bavli,bava_batra;chullin;eruvin;kiddushin;menachot;niddah;pesachim;rosh_hashanah;sanhedrin;shevuot;taanit;zevachim,bava_batra.sugya249:24
2465,417,Directed,39,21,encounter,bavli,avodah_zarah;bava_kamma;bava_metzia;berakhot;keritot;menachot;nazir;nedarim;pesachim;rosh_hashanah;sanhedrin;yevamot;zevachim,avodah_zarah.sugya056:9
1394,2763,Directed,38,27,encounter,bavli,bava_batra;bava_kamma;bava_metzia;chagigah;chullin;eruvin;gittin;keritot;ketubot;kiddushin;menachot;nazir;nedarim;niddah;shabbat;shevuot;taanit,bava_batra.sugya442:2
121,1018,Directed,37,29,encounter,bavli,bava_kamma;bava_metzia;beitzah;chagigah;chullin;eruvin;gittin;keritot;ketubot;kiddushin;nedarim;pesachim;rosh_hashanah;sanhedrin;shabbat;sukkah;yoma;zevachim,bava_kamma.sugya451:17
2285,895,Directed,37,27,encounter,bavli,arakhin;avodah_zarah;bava_batra;bava_kamma;bava_metzia;beitzah;berakhot;chullin;eruvin;gittin;ketubot;menachot;niddah;rosh_hashanah;yevamot;zevachim,arakhin.sugya079:11
1345,2681,Directed,36,15,encounter,bavli,arakhin;bava_batra;bava_kamma;berakhot;eruvin;keritot;ketubot;menachot;pesachim;yoma;zevachim,arakhin.sugya166:20
2681,1345,Directed,34,16,encounter,bavli,arakhin;bava_kamma;berakhot;eruvin;keritot;ketubot;menachot;pesachim;yoma;zevachim,arakhin.sugya129:20
2646,2582,Directed,34,28,encounter,bavli,avodah_zarah;bava_batra;bava_kamma;berakhot;chullin;eruvin;gittin;makkot;megillah;menachot;nedarim;pesachim;sanhedrin;shabbat;shevuot;yevamot,avodah_zarah.sugya081:17
514,571,Directed,34,24,encounter,bavli,bava_batra;bava_kamma;bava_metzia;beitzah;chullin;gittin;ketubot;menachot;moed_katan;rosh_hashanah;sanhedrin;shevuot;yevamot,bava_batra.sugya045:31
2582,2613,Directed,28,5,encounter,bavli,bava_batra;bava_kamma;moed_katan;sanhedrin,bava_batra.sugya032:10
2582,1345,Directed,27,18,encounter,bavli,bava_kamma;beitzah;bekhorot;chullin;eruvin;gittin;ketubot;kiddushin;makkot;niddah;sukkah;yevamot,bava_kamma.sugya438:27
1764,2581,Directed,27,14,encounter,bavli,bava_batra;bava_kamma;bava_metzia;chullin;eruvin;kiddushin;meilah;menachot;moed_katan;nedarim;pesachim;shabbat,bava_batra.sugya115:1
1017,535,Directed,26,19,encounter,bavli,bava_batra;bava_metzia;chullin;eruvin;gittin;kiddushin;menachot;niddah;pesachim;shabbat;taanit,bava_batra.sugya290:1
535,1017,Directed,26,18,encounter,bavli,bava_batra;bava_metzia;chullin;gittin;kiddushin;menachot;niddah;pesachim;shabbat;taanit,bava_batra.sugya290:3
417,2465,Directed,26,16,encounter,bavli,avodah_zarah;bava_kamma;bava_metzia;keritot;menachot;nazir;nedarim;pesachim;sanhedrin;sukkah;yevamot;zevachim,avodah_zarah.sugya056:10
1088,2578,Directed,25,17,encounter,bavli,avodah_zarah;bava_kamma;bava_metzia;berakhot;chullin;keritot;moed_katan;nazir;pesachim;sanhedrin;shabbat;yevamot;yoma,avodah_zarah.sugya293:53
2613,2582,Directed,25,6,encounter,bavli,bava_batra;bava_kamma;berakhot;moed_katan;sanhedrin,bava_batra.sugya032:11
2285,1394,Directed,24,3,encounter,bavli,bava_batra;eruvin;kiddushin,bava_batra.sugya167:12
520,1508,Directed,23,3,encounter,bavli,avodah_zarah;sanhedrin,avodah_zarah.sugya025:10
829,1527,Directed,23,8,encounter,bavli,bava_kamma;bekhorot;berakhot;horayot;ketubot;niddah;rosh_hashanah,bava_kamma.sugya311:0
895,2285,Directed,23,16,encounter,bavli,arakhin;bava_batra;bava_metzia;beitzah;berakhot;gittin;ketubot;menachot,arakhin.sugya079:10
918,2518,Directed,23,16,encounter,bavli,bava_batra;bava_metzia;gittin;makkot;niddah;pesachim;sanhedrin;shevuot;yevamot;yoma,bava_batra.sugya097:18
534,2578,Directed,23,19,encounter,bavli,avodah_zarah;bava_batra;bava_kamma;bava_metzia;beitzah;chullin;gittin;ketubot;menachot;nazir;sanhedrin;sukkah;yoma,avodah_zarah.sugya241:20
1657,1395,Directed,22,16,encounter,bavli,arakhin;avodah_zarah;bava_batra;bekhorot;keritot;kiddushin;menachot;pesachim;shabbat;sukkah;yoma;zevachim,arakhin.sugya111:1
1570,535,Directed,22,12,encounter,bavli,avodah_zarah;bava_batra;bava_metzia;chullin;gittin;makkot;sanhedrin;shabbat;yevamot;zevachim,avodah_zarah.sugya241:82
1570,467,Directed,22,12,encounter,bavli,bava_batra;bava_kamma;bava_metzia;berakhot;chagigah;chullin;gittin;ketubot;makkot;yevamot,bava_batra.sugya472:39
2763,2578,Directed,22,16,encounter,bavli,avodah_zarah;bava_kamma;bava_metzia;berakhot;chullin;gittin;ketubot;niddah;pesachim;shabbat;sukkah;taanit;yevamot,avodah_zarah.sugya137:2
1088,1508,Directed,21,14,encounter,bavli,bava_kamma;berakhot;chagigah;horayot;ketubot;menachot;moed_katan;niddah;sanhedrin;shevuot,bava_kamma.sugya338:7
121,2398,Directed,21,9,encounter,bavli,bava_batra;bava_metzia;beitzah;chullin;eruvin;temurah;yoma,bava_batra.sugya500:27
121,2602,Directed,21,13,encounter,bavli,bekhorot;berakhot;eruvin;ketubot;menachot;shabbat;zevachim,bekhorot.sugya358:20
535,1570,Directed,21,13,encounter,bavli,avodah_zarah;bava_batra;bava_metzia;chullin;gittin;makkot;sanhedrin;shabbat;yevamot;zevachim,avodah_zarah.sugya241:81
467,1570,Directed,21,13,encounter,bavli,bava_batra;bava_metzia;berakhot;chagigah;chullin;eruvin;gittin;ketubot;makkot;sanhedrin;yevamot,bava_batra.sugya028:0
2285,1885,Directed,21,5,encounter,bavli,berakhot;megillah;menachot;sanhedrin;taanit,berakhot.sugya052:1
2582,2681,Directed,21,16,encounter,bavli,bava_batra;bava_metzia;gittin;ketubot;kiddushin;sanhedrin;shevuot;temurah;yevamot;yoma;zevachim,bava_batra.sugya188:1
895,2596,Directed,21,13,encounter,bavli,bava_kamma;beitzah;berakhot;chullin;moed_katan;nazir;nedarim;niddah;shabbat;sotah;tamid,bava_kamma.sugya457:14
1508,1088,Directed,20,13,encounter,bavli,avodah_zarah;bava_kamma;chagigah;chullin;horayot;ketubot;moed_katan;niddah;rosh_hashanah;sanhedrin,avodah_zarah.sugya137:80
1345,2581,Directed,20,10,encounter,bavli,bava_batra;bava_metzia;chullin;gittin;nedarim;pesachim;shevuot;yevamot,bava_batra.sugya518:1
2896,1508,Directed,20,14,encounter,bavli,arakhin;avodah_zarah;bava_batra;beitzah;gittin;ketubot;kiddushin;megillah;menachot;pesachim;shabbat;zevachim,arakhin.sugya044:45
2581,1764,Directed,20,8,encounter,bavli,bava_kamma;bava_metzia;eruvin;moed_katan;shabbat,bava_kamma.sugya246:14
1885,2285,Directed,20,6,encounter,bavli,berakhot;megillah;sanhedrin;shevuot;taanit,berakhot.sugya052:0
571,2161,Directed,20,14,encounter,bavli,bava_batra;bava_kamma;bava_metzia;bekhorot;berakhot;chullin;kiddushin;menachot;shabbat;yevamot;zevachim,bava_batra.sugya472:98
2578,534,Directed,20,17,encounter,bavli,avodah_zarah;bava_batra;bava_kamma;bava_metzia;beitzah;chullin;gittin;ketubot;nazir;niddah;pesachim;sanhedrin;yoma,avodah_zarah.sugya241:22
1570,1091,Directed,19,12,encounter,bavli,avodah_zarah;bava_batra;bava_kamma;bava_metzia;bekhorot;berakhot;rosh_hashanah;sanhedrin;shabbat;temurah;yevamot,avodah_zarah.sugya241:104
485,1508,Directed,19,6,encounter,bavli,bava_batra;berakhot;nedarim;pesachim;temurah,bava_batra.sugya048:127
2582,918,Directed,19,14,encounter,bavli,arakhin;avodah_zarah;bava_batra;bava_metzia;eruvin;gittin;horayot;ketubot;kiddushin;nazir;pesachim;yoma,arakhin.sugya137:110
2582,2646,Directed,19,14,encounter,bavli,bava_batra;bava_kamma;bekhorot;berakhot;eruvin;makkot;sanhedrin;shabbat;yevamot;zevachim,bava_batra.sugya048:151
2646,571,Directed,19,13,encounter,bavli,bava_metzia;berakhot;chullin;eruvin;megillah;menachot;moed_katan;nedarim;shabbat;yoma;zevachim,bava_metzia.sugya292:49
1345,895,Directed,18,15,encounter,bavli,avodah_zarah;bava_kamma;bava_metzia;bekhorot;berakhot;chullin;pesachim;sanhedrin;zevachim,avodah_zarah.sugya049:15
1508,2896,Directed,18,10,encounter,bavli,arakhin;bava_batra;beitzah;gittin;ketubot;kiddushin;menachot;shabbat;zevachim,arakhin.sugya044:46
571,2582,Directed,18,8,encounter,bavli,bava_metzia;beitzah;pesachim;sanhedrin;sukkah;zevachim,bava_metzia.sugya276:11
2647,304,Directed,18,16,encounter,bavli,bava_kamma;bava_metzia;beitzah;chullin;menachot;nedarim;sanhedrin;shevuot;zevachim,bava_kamma.sugya034:29
2578,1088,Directed,17,12,encounter,bavli,bava_batra;berakhot;chullin;eruvin;keritot;moed_katan;nazir;pesachim;sanhedrin;yevamot;yoma,bava_batra.sugya138:24
2581,1345,Directed,17,7,encounter,bavli,bava_kamma;chullin;nedarim;pesachim;shabbat;shevuot;yevamot,bava_kamma.sugya440:4
1394,2285,Directed,17,2,encounter,bavli,bava_batra;kiddushin,bava_batra.sugya167:13
1508,520,Directed,17,3,encounter,bavli,avodah_zarah;sanhedrin,avodah_zarah.sugya025:11
1986,1508,Directed,17,11,encounter,bavli,avodah_zarah;bava_metzia;eruvin;ketubot;niddah;pesachim;sanhedrin;shabbat,avodah_zarah.sugya164:2
1508,2032,Directed,17,9,encounter,bavli,berakhot;chullin;kiddushin;menachot;shabbat;yevamot;zevachim,berakhot.sugya391:11
2173,571,Directed,17,14,encounter,bavli,bava_batra;bava_kamma;bava_metzia;bekhorot;chullin;gittin;ketubot;makkot;shabbat;yevamot,bava_batra.sugya527:28
2298,2582,Directed,17,13,encounter,bavli,bava_batra;berakhot;chullin;eruvin;ketubot;sanhedrin;shabbat;shevuot;temurah,bava_batra.sugya405:52
2578,2763,Directed,17,12,encounter,bavli,avodah_zarah;bava_kamma;bava_metzia;berakhot;chullin;eruvin;ketubot;pesachim;taanit;yevamot,avodah_zarah.sugya137:10
2602,121,Directed,16,10,encounter,bavli,bekhorot;berakhot;eruvin;ketubot;menachot;shabbat;zevachim,bekhorot.sugya358:19
2830,1395,Directed,16,14,encounter,bavli,bava_batra;keritot;menachot;nedarim;pesachim;sanhedrin;shabbat;sotah;yoma,bava_batra.sugya047:14
2161,571,Directed,16,13,encounter,bavli,bava_batra;bava_metzia;bekhorot;berakhot;chullin;kiddushin;menachot;temurah;zevachim,bava_batra.sugya472:100
2285,2409,Directed,16,10,encounter,bavli,bava_kamma;bava_metzia;berakhot;chullin;gittin;makkot;pesachim;shabbat;zevachim,bava_kamma.sugya024:68
2578,895,Directed,16,10,encounter,bavli,bava_kamma;chullin;eruvin;keritot;ketubot;kiddushin;megillah;yoma,bava_kamma.sugya098:2
918,2582,Directed,16,13,encounter,bavli,arakhin;avodah_zarah;bava_metzia;eruvin;horayot;ketubot;nazir;pesachim;yoma,arakhin.sugya137:103
571,2646,Directed,16,11,encounter,bavli,bava_batra;bava_metzia;berakhot;eruvin;megillah;menachot;moed_katan;shabbat;yoma;zevachim,bava_batra.sugya169:1
1395,2068,Directed,15,11,encounter,bavli,bava_kamma;berakhot;kiddushin;menachot;pesachim;sotah;sukkah;yoma,bava_kamma.sugya124:1
1527,2465,Directed,15,10,encounter,bavli,keritot;makkot;nazir;nedarim;rosh_hashanah,keritot.sugya086:3
17,2763,Directed,15,5,encounter,bavli,bekhorot;berakhot;chullin;ketubot;zevachim,bekhorot.sugya272:4
207,2582,Directed,15,10,encounter,bavli,eruvin;gittin;ketubot;megillah;shabbat;shevuot;zevachim,eruvin.sugya135:0
6,895,Directed,15,8,encounter,bavli,chullin;gittin;ketubot;nazir;nedarim;niddah;sotah,chullin.sugya172:156
895,1345,Directed,14,10,encounter,bavli,avodah_zarah;bava_kamma;bava_metzia;bekhorot;berakhot;gittin;kiddushin;pesachim;zevachim,avodah_zarah.sugya049:16
1508,1986,Directed,14,8,encounter,bavli,avodah_zarah;bava_metzia;eruvin;ketubot;niddah;pesachim;shabbat,avodah_zarah.sugya164:1
2465,1527,Directed,14,11,encounter,bavli,berakhot;chullin;keritot;makkot;nazir;nedarim;rosh_hashanah,berakhot.sugya220:69
534,1570,Directed,14,7,encounter,bavli,chullin;kiddushin;meilah;nedarim;sanhedrin,chullin.sugya306:32
304,2647,Directed,14,12,encounter,bavli,bava_kamma;bava_metzia;bekhorot;nedarim;sanhedrin;zevachim,bava_kamma.sugya034:28
267,571,Directed,14,12,encounter,bavli,bava_batra;bava_metzia;chullin;ketubot;nazir;nedarim;pesachim,bava_batra.sugya147:10
2398,121,Directed,13,8,encounter,bavli,beitzah;bekhorot;chullin;eruvin;temurah;yoma,beitzah.sugya216:11
1345,2285,Directed,13,7,encounter,bavli,bava_batra;bava_kamma;eruvin;ketubot;shevuot;sukkah,bava_batra.sugya414:58
2582,2409,Directed,13,7,encounter,bavli,bava_kamma;chullin;nazir;pesachim;sanhedrin;yevamot,bava_kamma.sugya024:47
1018,121,Directed,12,11,encounter,bavli,bava_metzia;chullin;eruvin;kiddushin;nedarim;pesachim;sanhedrin;sukkah;yoma,bava_metzia.sugya004:3
1091,1570,Directed,12,9,encounter,bavli,bava_batra;bava_kamma;bava_metzia;bekhorot;berakhot;sanhedrin;shabbat;temurah,bava_batra.sugya366:1
2285,1345,Directed,12,7,encounter,bavli,bava_batra;bava_kamma;eruvin;ketubot;shevuot;sukkah,bava_batra.sugya414:60
1345,977,Directed,12,6,encounter,bavli,berakhot;kiddushin;menachot;nazir;shabbat,berakhot.sugya341:37
2409,1394,Directed,12,9,encounter,bavli,avodah_zarah;beitzah;chullin;gittin;kiddushin;sanhedrin,avodah_zarah.sugya231:7
2032,1508,Directed,12,9,encounter,bavli,avodah_zarah;berakhot;chullin;kiddushin;shabbat;yevamot;zevachim,avodah_zarah.sugya057:117
1527,829,Directed,12,5,encounter,bavli,bava_kamma;bekhorot;berakhot;horayot;niddah,bava_kamma.sugya311:1
1570,92,Directed,12,8,encounter,bavli,avodah_zarah;bava_kamma;berakhot;makkot;rosh_hashanah;shabbat;sotah,avodah_zarah.sugya092:12
2763,17,Directed,12,4,encounter,bavli,berakhot;chullin;ketubot;zevachim,berakhot.sugya151:39
2647,2198,Directed,12,12,encounter,bavli,bava_metzia;beitzah;bekhorot;chullin;nedarim;shabbat;yevamot;yoma,bava_metzia.sugya435:19
6,2398,Directed,12,5,encounter,bavli,bava_kamma;berakhot;ketubot;pesachim;tamid,bava_kamma.sugya455:20
2582,2398,Directed,12,7,encounter,bavli,bava_kamma;bava_metzia;chullin;eruvin;pesachim;shabbat;zevachim,bava_kamma.sugya455:21
2398,2582,Directed,12,7,encounter,bavli,bava_kamma;bava_metzia;chullin;eruvin;shabbat;sukkah,bava_kamma.sugya455:23
571,267,Directed,12,11,encounter,bavli,bava_batra;bava_metzia;chullin;eruvin;nazir;nedarim;pesachim,bava_batra.sugya468:3
276,2938,Directed,12,4,encounter,bavli,bava_batra;sanhedrin,bava_batra.sugya241:12
1017,1394,Directed,11,3,encounter,bavli,berakhot;niddah;shabbat,berakhot.sugya387:1
121,139,Directed,11,9,encounter,bavli,bava_batra;berakhot;chullin;eruvin;keritot;ketubot;shabbat;yevamot,bava_batra.sugya411:6
1383,2465,Directed,11,4,encounter,bavli,kiddushin;moed_katan;nazir;zevachim,kiddushin.sugya273:81
1395,1657,Directed,11,10,encounter,bavli,arakhin;bava_batra;horayot;keritot;menachot;sukkah;yoma;zevachim,arakhin.sugya111:2
2266,1395,Directed,11,9,encounter,bavli,bava_batra;bava_kamma;megillah;sanhedrin;sotah;temurah;zevachim,bava_batra.sugya398:126
1508,485,Directed,11,5,encounter,bavli,berakhot;nazir;nedarim;pesachim;temurah,berakhot.sugya444:31
225,1527,Directed,11,1,encounter,bavli,chullin,chullin.sugya182:0
1570,1814,Directed,11,8,encounter,bavli,avodah_zarah;bava_batra;makkot;rosh_hashanah;shabbat;temurah;yevamot,avodah_zarah.sugya221:70
1804,571,Directed,11,10,encounter,bavli,avodah_zarah;bava_batra;bava_kamma;bava_metzia;gittin;ketubot;kiddushin;shevuot,avodah_zarah.sugya259:26
1832,1952,Directed,11,10,encounter,bavli,avodah_zarah;bava_batra;meilah;menachot;moed_katan;sanhedrin;yoma;zevachim,avodah_zarah.sugya036:2
1952,92,Directed,11,8,encounter,bavli,bava_batra;bava_metzia;gittin;shabbat;shevuot;temurah,bava_batra.sugya442:16
2465,1979,Directed,11,9,encounter,bavli,bekhorot;berakhot;chagigah;kiddushin;moed_katan;sanhedrin;shevuot;yevamot,bekhorot.sugya078:0
2170,571,Directed,11,9,encounter,bavli,avodah_zarah;bava_batra;bava_kamma;ketubot;nedarim;pesachim;shabbat;taanit,avodah_zarah.sugya280:21
2938,2285,Directed,11,7,encounter,bavli,bava_batra;bava_kamma;bekhorot;eruvin;ketubot;sanhedrin;zevachim,bava_batra.sugya468:40
2582,2298,Directed,11,9,encounter,bavli,bava_batra;berakhot;chullin;eruvin;ketubot;sanhedrin;shabbat;temurah,bava_batra.sugya468:101
2518,918,Directed,11,6,encounter,bavli,bava_batra;niddah;pesachim;sanhedrin;yevamot,bava_batra.sugya097:17
2738,2578,Directed,11,9,encounter,bavli,avodah_zarah;bekhorot;menachot;niddah;yevamot;yoma,avodah_zarah.sugya241:24
895,2578,Directed,11,8,encounter,bavli,bava_kamma;berakhot;chullin;eruvin;ketubot;megillah;pesachim;yoma,bava_kamma.sugya098:1
467,2578,Directed,11,7,encounter,bavli,bava_kamma;chullin;eruvin;menachot;shabbat;yevamot,bava_kamma.sugya389:0
2578,2738,Directed,11,8,encounter,bavli,bekhorot;berakhot;menachot;niddah;yevamot;yoma,bekhorot.sugya259:1
1017,1091,Directed,10,5,encounter,bavli,bava_kamma;berakhot;gittin;zevachim,bava_kamma.sugya461:48
1394,1017,Directed,10,3,encounter,bavli,berakhot;niddah;shabbat,berakhot.sugya387:2
1113,2763,Directed,10,7,encounter,bavli,chullin;eruvin;ketubot;shabbat;yevamot,chullin.sugya116:10
92,1570,Directed,10,7,encounter,bavli,avodah_zarah;bava_kamma;berakhot;makkot;rosh_hashanah;shabbat;sotah,avodah_zarah.sugya092:10
1583,553,Directed,10,1,encounter,bavli,gittin,gittin.sugya212:103
571,1804,Directed,10,9,encounter,bavli,avodah_zarah;bava_batra;bava_kamma;bava_metzia;gittin;ketubot;kiddushin;shevuot,avodah_zarah.sugya259:27
2582,194,Directed,10,10,encounter,bavli,arakhin;bava_batra;chullin;makkot;meilah;pesachim;sanhedrin;shabbat;yoma,arakhin.sugya044:32
194,2582,Directed,10,10,encounter,bavli,chullin;makkot;meilah;nedarim;pesachim;shabbat;yoma,chullin.sugya043:9
1979,2465,Directed,10,9,encounter,bavli,chagigah;kiddushin;sanhedrin;shevuot;sotah;yevamot,chagigah.sugya058:71
2206,2582,Directed,10,9,encounter,bavli,bava_batra;chullin;eruvin;gittin;shabbat;zevachim,bava_batra.sugya413:39
2285,2938,Directed,10,6,encounter,bavli,avodah_zarah;bava_batra;bava_kamma;eruvin;ketubot,avodah_zarah.sugya295:10
2465,829,Directed,10,9,encounter,bavli,berakhot;chullin;keritot;makkot;pesachim;sanhedrin;yevamot,berakhot.sugya319:13
2594,2578,Directed,10,7,encounter,bavli,bava_batra;bava_kamma;bava_metzia;kiddushin;menachot;shabbat,bava_batra.sugya157:1
2582,977,Directed,10,8,encounter,bavli,keritot;makkot;menachot;nazir;nedarim;niddah;yevamot,keritot.sugya131:10
2596,895,Directed,10,9,encounter,bavli,bava_kamma;beitzah;berakhot;chullin;moed_katan;nedarim;niddah;shabbat;sotah,bava_kamma.sugya457:13
2938,276,Directed,10,3,encounter,bavli,bava_batra;sanhedrin,bava_batra.sugya241:10
895,2763,Directed,10,5,encounter,bavli,arakhin;chullin;gittin;menachot;zevachim,arakhin.sugya091:160
2879,467,Directed,10,5,encounter,bavli,bava_kamma;ketubot;makkot;menachot;zevachim,bava_kamma.sugya443:106
6,571,Directed,10,9,encounter,bavli,bava_batra;bava_kamma;bekhorot;gittin;menachot;niddah;shabbat;taanit,bava_batra.sugya467:42
895,6,Directed,10,7,encounter,bavli,chullin;gittin;ketubot;nedarim;niddah;sotah;zevachim,chullin.sugya006:49
2298,1094,Directed,9,5,encounter,bavli,arakhin;bava_batra;berakhot;moed_katan;pesachim,arakhin.sugya137:13
2465,1383,Directed,9,7,encounter,bavli,bekhorot;kiddushin;menachot;moed_katan;nazir;sanhedrin;zevachim,bekhorot.sugya117:3
1395,2830,Directed,9,7,encounter,bavli,menachot;nedarim;pesachim;sanhedrin;sotah;yoma,menachot.sugya401:6
2824,1570,Directed,9,1,encounter,bavli,pesachim,pesachim.sugya202:101
2582,1764,Directed,9,4,encounter,bavli,bava_batra;chullin;eruvin;nedarim,bava_batra.sugya480:8
92,1952,Directed,9,5,encounter,bavli,bava_batra;bava_metzia;shabbat;shevuot,bava_batra.sugya442:20
6,1952,Directed,9,6,encounter,bavli,beitzah;chullin;shabbat;yoma,beitzah.sugya134:52
1954,2578,Directed,9,5,encounter,bavli,beitzah;berakhot;chullin;eruvin;pesachim,beitzah.sugya105:1
2164,2647,Directed,9,5,encounter,bavli,bava_kamma;chullin;pesachim;temurah;zevachim,bava_kamma.sugya096:53
2285,2453,Directed,9,4,encounter,bavli,bava_batra;bava_metzia;chullin;kiddushin,bava_batra.sugya138:12
2409,2285,Directed,9,7,encounter,bavli,bava_kamma;bava_metzia;berakhot;chullin;gittin;makkot,bava_kamma.sugya024:69
6,2409,Directed,9,8,encounter,bavli,bava_metzia;chullin;gittin;kiddushin;pesachim,bava_metzia.sugya016:21
2581,2409,Directed,9,6,encounter,bavli,moed_katan;pesachim;sanhedrin;shabbat;yevamot;yoma,moed_katan.sugya101:15
829,2465,Directed,9,8,encounter,bavli,berakhot;keritot;makkot;pesachim;sukkah;yevamot,berakhot.sugya319:12
927,2518,Directed,9,9,encounter,bavli,bava_metzia;horayot;menachot;niddah;pesachim;zevachim,bava_metzia.sugya279:30
2578,2594,Directed,9,6,encounter,bavli,bava_batra;bava_kamma;bava_metzia;makkot;moed_katan,bava_batra.sugya157:2
2582,917,Directed,9,5,encounter,bavli,bava_kamma;berakhot;nedarim;pesachim;zevachim,bava_kamma.sugya517:24
917,2582,Directed,9,7,encounter,bavli,bava_kamma;berakhot;nedarim;pesachim;zevachim,bava_kamma.sugya517:25
2582,895,Directed,9,7,encounter,bavli,chullin;eruvin;meilah;menachot;nedarim;shabbat;temurah,chullin.sugya006:53
467,535,Directed,9,5,encounter,bavli,bekhorot;berakhot;chagigah;eruvin;yevamot,bekhorot.sugya006:24
1017,534,Directed,8,6,encounter,bavli,avodah_zarah;bava_kamma;chullin;meilah;rosh_hashanah;zevachim,avodah_zarah.sugya054:39
1017,1570,Directed,8,4,encounter,bavli,berakhot;chullin;kiddushin;shabbat,berakhot.sugya369:71
495,1091,Directed,8,5,encounter,bavli,arakhin;chullin;niddah;yevamot,arakhin.sugya020:7
1094,2298,Directed,8,5,encounter,bavli,arakhin;bava_batra;berakhot;pesachim;shabbat,arakhin.sugya137:14
2578,1127,Directed,8,8,encounter,bavli,avodah_zarah;berakhot;ketubot;nazir;nedarim;pesachim;tamid;yevamot,avodah_zarah.sugya214:65
121,343,Directed,8,7,encounter,bavli,bava_batra;bava_metzia;chullin;moed_katan;taanit;yevamot,bava_batra.sugya116:1
121,49,Directed,8,2,encounter,bavli,beitzah;gittin,beitzah.sugya103:1
121,2594,Directed,8,4,encounter,bavli,eruvin;pesachim;zevachim,eruvin.sugya172:18
1345,2689,Directed,8,1,encounter,bavli,chullin,chullin.sugya316:61
2689,1345,Directed,8,1,encounter,bavli,chullin,chullin.sugya316:62
1394,2409,Directed,8,6,encounter,bavli,avodah_zarah;beitzah;chullin;kiddushin;sanhedrin,avodah_zarah.sugya231:3
2581,1394,Directed,8,7,encounter,bavli,eruvin;gittin;shabbat;zevachim,eruvin.sugya049:19
1394,1913,Directed,8,4,encounter,bavli,pesachim;sanhedrin;shabbat;yevamot,pesachim.sugya380:230
1952,140,Directed,8,5,encounter,bavli,bava_kamma;chullin;nedarim;niddah;pesachim,bava_kamma.sugya481:46
1527,225,Directed,8,1,encounter,bavli,chullin,chullin.sugya182:10
1570,534,Directed,8,6,encounter,bavli,chullin;kiddushin;nedarim;sanhedrin;zevachim,chullin.sugya306:33
495,1570,Directed,8,5,encounter,bavli,gittin;sanhedrin;yevamot;zevachim,gittin.sugya135:132
1570,2824,Directed,8,1,encounter,bavli,pesachim,pesachim.sugya202:100
1570,495,Directed,8,4,encounter,bavli,sanhedrin;yevamot;zevachim,sanhedrin.sugya129:50
2465,1593,Directed,8,5,encounter,bavli,bekhorot;pesachim;rosh_hashanah;temurah;yoma,bekhorot.sugya212:0
1764,2582,Directed,8,6,encounter,bavli,chullin;eruvin;menachot;nedarim;yoma,chullin.sugya390:56
1979,2068,Directed,8,2,encounter,bavli,eruvin;sotah,eruvin.sugya025:27
2582,207,Directed,8,5,encounter,bavli,eruvin;ketubot;shabbat;shevuot,eruvin.sugya135:4
571,2170,Directed,8,5,encounter,bavli,avodah_zarah;bava_batra;bava_kamma;bava_metzia;nedarim,avodah_zarah.sugya280:23
465,2465,Directed,8,6,encounter,bavli,chagigah;menachot;niddah;sanhedrin;shabbat,chagigah.sugya060:99
2578,2808,Directed,8,4,encounter,bavli,bava_batra;ketubot;shabbat,bava_batra.sugya069:10
2578,467,Directed,8,6,encounter,bavli,bava_kamma;chullin;eruvin;menachot;shabbat;yevamot,bava_kamma.sugya389:1
2581,895,Directed,8,6,encounter,bavli,bava_kamma;eruvin;niddah,bava_kamma.sugya419:1
2763,895,Directed,8,5,encounter,bavli,arakhin;chullin;gittin;menachot;zevachim,arakhin.sugya091:161
467,2879,Directed,8,5,encounter,bavli,bava_kamma;ketubot;makkot;menachot;zevachim,bava_kamma.sugya443:107
92,2957,Directed,8,5,encounter,bavli,bava_batra;bava_metzia;berakhot;gittin,bava_batra.sugya256:2
535,467,Directed,8,5,encounter,bavli,bekhorot;berakhot;chagigah;eruvin;yevamot,bekhorot.sugya006:25
1017,92,Directed,7,6,encounter,bavli,berakhot;kiddushin;moed_katan;sanhedrin;sukkah;zevachim,berakhot.sugya369:70
1854,1017,Directed,7,4,encounter,bavli,chullin;eruvin;gittin;yevamot,chullin.sugya003:134
2898,1065,Directed,7,3,encounter,bavli,berakhot;taanit,berakhot.sugya152:16
1570,1075,Directed,7,2,encounter,bavli,eruvin;shabbat,eruvin.sugya092:12
1091,495,Directed,7,3,encounter,bavli,chullin;niddah;temurah,chullin.sugya012:11
1345,2582,Directed,7,5,encounter,bavli,bava_kamma;beitzah;chullin;ketubot;kiddushin,bava_kamma.sugya438:28
1345,2178,Directed,7,2,encounter,bavli,bava_metzia;ketubot,bava_metzia.sugya157:15
1375,2465,Directed,7,2,encounter,bavli,bava_batra;sanhedrin,bava_batra.sugya033:109
1764,1394,Directed,7,5,encounter,bavli,avodah_zarah;bava_metzia;eruvin;pesachim,avodah_zarah.sugya259:92
2578,1394,Directed,7,4,encounter,bavli,eruvin;kiddushin,eruvin.sugya016:9
2068,1395,Directed,7,5,encounter,bavli,berakhot;pesachim;sukkah;yoma,berakhot.sugya123:34
1395,2465,Directed,7,5,encounter,bavli,chullin;sanhedrin;yoma;zevachim,chullin.sugya378:27
1508,2578,Directed,7,4,encounter,bavli,bava_kamma;berakhot;shabbat,bava_kamma.sugya511:11
1814,1570,Directed,7,5,encounter,bavli,bava_batra;makkot;rosh_hashanah;shabbat;yevamot,bava_batra.sugya039:23
1570,2839,Directed,7,6,encounter,bavli,berakhot;chullin;ketubot;shabbat,berakhot.sugya288:1
553,1583,Directed,7,1,encounter,bavli,gittin,gittin.sugya212:109
1593,2465,Directed,7,6,encounter,bavli,bekhorot;gittin;niddah;pesachim;temurah,bekhorot.sugya212:1
6,1772,Directed,7,4,encounter,bavli,bava_batra,bava_batra.sugya406:9
1841,2582,Directed,7,2,encounter,bavli,pesachim;zevachim,pesachim.sugya380:2
2582,1841,Directed,7,2,encounter,bavli,pesachim;zevachim,pesachim.sugya380:3
2681,2285,Directed,7,5,encounter,bavli,bava_kamma;bava_metzia;bekhorot;eruvin;ketubot,bava_kamma.sugya460:24
2398,6,Directed,7,5,encounter,bavli,berakhot;ketubot;pesachim;sanhedrin;tamid,berakhot.sugya490:72
2409,2582,Directed,7,5,encounter,bavli,chullin;makkot;nazir;pesachim;sanhedrin,chullin.sugya386:149
2409,977,Directed,7,3,encounter,bavli,chullin;shabbat;yevamot,chullin.sugya090:90
2647,2582,Directed,7,5,encounter,bavli,bava_batra;bava_kamma;niddah;pesachim;yevamot,bava_batra.sugya241:37
2582,571,Directed,7,2,encounter,bavli,meilah;zevachim,meilah.sugya002:54
284,571,Directed,7,7,encounter,bavli,bava_metzia;chullin;menachot;pesachim;yevamot,bava_metzia.sugya454:25
2957,92,Directed,7,6,encounter,bavli,bava_batra;bava_kamma;bava_metzia;gittin;sanhedrin,bava_batra.sugya256:0
47,495,Directed,7,5,encounter,bavli,bava_kamma;bava_metzia;nedarim;niddah;yevamot,bava_kamma.sugya064:0
92,1017,Directed,6,5,encounter,bavli,berakhot;moed_katan;sanhedrin;sukkah;zevachim,berakhot.sugya369:69
1017,1854,Directed,6,4,encounter,bavli,chullin;eruvin;gittin;yevamot,chullin.sugya003:133
2581,1017,Directed,6,3,encounter,bavli,megillah;pesachim;shabbat,megillah.sugya022:12
1017,2581,Directed,6,3,encounter,bavli,megillah;pesachim;shabbat,megillah.sugya022:13
1570,1022,Directed,6,3,encounter,bavli,eruvin;sanhedrin;yevamot,eruvin.sugya012:55
1113,1570,Directed,6,5,encounter,bavli,bava_metzia;beitzah;chullin;gittin,bava_metzia.sugya193:10
2763,1187,Directed,6,4,encounter,bavli,bava_batra;ketubot;yevamot;zevachim,bava_batra.sugya447:86
139,121,Directed,6,4,encounter,bavli,bava_batra;berakhot;eruvin;shabbat,bava_batra.sugya411:8
207,121,Directed,6,5,encounter,bavli,bava_batra;bava_metzia;ketubot;kiddushin;shabbat,bava_batra.sugya290:76
49,121,Directed,6,2,encounter,bavli,beitzah;gittin,beitzah.sugya103:0
121,1345,Directed,6,5,encounter,bavli,ketubot;menachot;taanit;yevamot;zevachim,ketubot.sugya003:109
1212,1570,Directed,6,4,encounter,bavli,berakhot;gittin;ketubot;sanhedrin,berakhot.sugya022:32
2938,1345,Directed,6,5,encounter,bavli,berakhot;chagigah;eruvin;gittin;yoma,berakhot.sugya288:34
977,1345,Directed,6,4,encounter,bavli,berakhot;nazir;shabbat,berakhot.sugya341:40
1395,2888,Directed,6,4,encounter,bavli,berakhot;sanhedrin;yevamot,berakhot.sugya177:8
1508,1731,Directed,6,2,encounter,bavli,avodah_zarah;niddah,avodah_zarah.sugya221:120
2578,1508,Directed,6,5,encounter,bavli,bava_kamma;beitzah;ketubot;pesachim;shabbat,bava_kamma.sugya511:7
2582,1781,Directed,6,4,encounter,bavli,bava_metzia;chullin;ketubot;yevamot,bava_metzia.sugya355:18
2681,1913,Directed,6,1,encounter,bavli,zevachim,zevachim.sugya340:33
1954,6,Directed,6,1,encounter,bavli,chullin,chullin.sugya172:27
571,2007,Directed,6,2,encounter,bavli,berakhot;ketubot,berakhot.sugya186:7
2647,2164,Directed,6,5,encounter,bavli,bava_metzia;chullin;kiddushin;pesachim;zevachim,bava_metzia.sugya443:26
2190,2582,Directed,6,4,encounter,bavli,bava_metzia;berakhot;chullin;shabbat,bava_metzia.sugya292:44
2582,2190,Directed,6,4,encounter,bavli,bava_metzia;berakhot;chullin;shabbat,bava_metzia.sugya292:45
2582,2206,Directed,6,5,encounter,bavli,bava_batra;chullin;eruvin;gittin,bava_batra.sugya468:73
2581,2285,Directed,6,5,encounter,bavli,avodah_zarah;bava_metzia;beitzah;chagigah;shabbat,avodah_zarah.sugya241:39
600,2285,Directed,6,4,encounter,bavli,bava_batra;bava_metzia;chagigah;yevamot,bava_batra.sugya126:10
2285,600,Directed,6,3,encounter,bavli,bava_batra;bava_metzia;chagigah,bava_batra.sugya126:11
2453,2285,Directed,6,3,encounter,bavli,bava_batra;bava_metzia;chullin,bava_batra.sugya138:11
2285,2581,Directed,6,5,encounter,bavli,bava_metzia;beitzah;chagigah;pesachim;shabbat,bava_metzia.sugya345:26
2298,918,Directed,6,2,encounter,bavli,pesachim;sanhedrin,pesachim.sugya074:44
2582,2341,Directed,6,2,encounter,bavli,bava_batra;moed_katan,bava_batra.sugya419:37
239,495,Directed,6,2,encounter,bavli,chullin;pesachim,chullin.sugya364:15
2409,6,Directed,6,5,encounter,bavli,bava_metzia;gittin;kiddushin,bava_metzia.sugya016:23
2582,2581,Directed,6,5,encounter,bavli,bava_kamma;berakhot;shabbat;zevachim,bava_kamma.sugya158:14
895,2581,Directed,6,4,encounter,bavli,eruvin;niddah,eruvin.sugya049:20
2668,2582,Directed,6,1,encounter,bavli,eruvin,eruvin.sugya080:21
2582,2668,Directed,6,1,encounter,bavli,eruvin,eruvin.sugya080:24
2681,2582,Directed,6,4,encounter,bavli,gittin;shevuot;yevamot,gittin.sugya338:5
2647,297,Directed,6,5,encounter,bavli,bava_batra;bava_kamma;eruvin;pesachim;shabbat,bava_batra.sugya023:1
2830,478,Directed,6,1,encounter,bavli,shabbat,shabbat.sugya167:109
571,284,Directed,6,6,encounter,bavli,bava_metzia;menachot;pesachim;yevamot,bava_metzia.sugya454:26
495,47,Directed,6,3,encounter,bavli,bava_metzia;niddah;yevamot,bava_metzia.sugya145:22
1091,1017,Directed,5,5,encounter,bavli,bava_kamma;berakhot;gittin;zevachim,bava_kamma.sugya461:49
1017,1689,Directed,5,2,encounter,bavli,bava_metzia;moed_katan,bava_metzia.sugya357:151
1017,1345,Directed,5,1,encounter,bavli,berakhot,berakhot.sugya391:24
121,1017,Directed,5,4,encounter,bavli,menachot;niddah;zevachim,menachot.sugya067:4
47,1091,Directed,5,3,encounter,bavli,bava_kamma;shevuot,bava_kamma.sugya461:23
895,1094,Directed,5,2,encounter,bavli,chullin;kiddushin,chullin.sugya282:145
2763,1113,Directed,5,4,encounter,bavli,eruvin;ketubot;yevamot,eruvin.sugya368:49
121,1915,Directed,5,4,encounter,bavli,bava_batra;berakhot;yevamot;zevachim,bava_batra.sugya419:32
343,121,Directed,5,5,encounter,bavli,bava_batra;chullin;moed_katan;yevamot,bava_batra.sugya116:0
121,2578,Directed,5,3,encounter,bavli,beitzah;bekhorot;chullin,beitzah.sugya002:164
121,6,Directed,5,3,encounter,bavli,chullin;sanhedrin,chullin.sugya020:11
121,2406,Directed,5,1,encounter,bavli,chullin,chullin.sugya134:14
121,1394,Directed,5,4,encounter,bavli,eruvin;moed_katan;pesachim;shevuot,eruvin.sugya150:44
1212,368,Directed,5,2,encounter,bavli,bava_kamma;shabbat,bava_kamma.sugya283:32
1345,2938,Directed,5,4,encounter,bavli,berakhot;eruvin;gittin;yoma,berakhot.sugya288:33
1764,1345,Directed,5,3,encounter,bavli,chullin;ketubot;kiddushin,chullin.sugya031:81
1345,2612,Directed,5,1,encounter,bavli,shabbat,shabbat.sugya026:21
2285,1362,Directed,5,2,encounter,bavli,bava_batra;chullin,bava_batra.sugya376:14
2465,1375,Directed,5,2,encounter,bavli,bava_batra;sanhedrin,bava_batra.sugya033:110
139,1952,Directed,5,3,encounter,bavli,bekhorot;pesachim;shabbat,bekhorot.sugya098:17
1952,139,Directed,5,3,encounter,bavli,pesachim;shabbat;zevachim,pesachim.sugya074:129
2788,1394,Directed,5,5,encounter,bavli,avodah_zarah;bava_metzia;ketubot;yevamot,avodah_zarah.sugya094:96
2689,1394,Directed,5,1,encounter,bavli,chullin,chullin.sugya316:178
1394,1797,Directed,5,2,encounter,bavli,kiddushin;sanhedrin,kiddushin.sugya126:3
1640,1508,Directed,5,2,encounter,bavli,avodah_zarah;bava_batra,avodah_zarah.sugya137:75
1731,1508,Directed,5,2,encounter,bavli,avodah_zarah;niddah,avodah_zarah.sugya221:77
2508,1508,Directed,5,1,encounter,bavli,chullin,chullin.sugya003:225
1527,1979,Directed,5,1,encounter,bavli,avodah_zarah,avodah_zarah.sugya101:10
1979,1527,Directed,5,2,encounter,bavli,avodah_zarah;gittin,avodah_zarah.sugya101:12
1570,2409,Directed,5,3,encounter,bavli,chagigah;chullin;nedarim,chagigah.sugya074:54
895,1657,Directed,5,3,encounter,bavli,bava_batra;gittin;rosh_hashanah,bava_batra.sugya429:4
1657,2068,Directed,5,4,encounter,bavli,kiddushin;pesachim;shabbat;yoma,kiddushin.sugya296:132
1764,2285,Directed,5,3,encounter,bavli,bava_batra;shevuot,bava_batra.sugya073:15
1764,895,Directed,5,3,encounter,bavli,berakhot;chullin;sukkah,berakhot.sugya204:14
1779,2518,Directed,5,3,encounter,bavli,arakhin;chullin;pesachim,arakhin.sugya251:17
1913,2681,Directed,5,1,encounter,bavli,zevachim,zevachim.sugya340:34
6,1915,Directed,5,2,encounter,bavli,bava_batra,bava_batra.sugya514:44
1915,92,Directed,5,3,encounter,bavli,chullin;ketubot;pesachim,chullin.sugya165:11
2139,571,Directed,5,1,encounter,bavli,sanhedrin,sanhedrin.sugya509:51
571,2173,Directed,5,5,encounter,bavli,bava_batra;bekhorot;gittin;ketubot;yevamot,bava_batra.sugya447:121
2198,2647,Directed,5,5,encounter,bavli,bava_metzia;bekhorot;shabbat,bava_metzia.sugya290:44
2241,92,Directed,5,1,encounter,bavli,yevamot,yevamot.sugya148:21
92,2241,Directed,5,1,encounter,bavli,yevamot,yevamot.sugya148:22
2285,911,Directed,5,2,encounter,bavli,bava_batra;bava_kamma,bava_batra.sugya376:21
2596,2285,Directed,5,3,encounter,bavli,ketubot;shevuot;sukkah,ketubot.sugya446:57
2298,2646,Directed,5,2,encounter,bavli,horayot;pesachim,horayot.sugya053:13
283,2298,Directed,5,1,encounter,bavli,shabbat,shabbat.sugya837:29
2744,2518,Directed,5,3,encounter,bavli,bava_batra;bava_metzia,bava_batra.sugya028:26
2735,2518,Directed,5,4,encounter,bavli,horayot;nazir;niddah;yoma,horayot.sugya051:14
2582,2527,Directed,5,4,encounter,bavli,bava_kamma;bava_metzia;rosh_hashanah;sanhedrin,bava_kamma.sugya370:2
2581,2582,Directed,5,2,encounter,bavli,berakhot;zevachim,berakhot.sugya386:42
2586,2582,Directed,5,4,encounter,bavli,bava_batra;bava_metzia;pesachim;yoma,bava_batra.sugya069:123
2938,2631,Directed,5,3,encounter,bavli,eruvin;shevuot,eruvin.sugya017:15
571,2637,Directed,5,5,encounter,bavli,ketubot;sotah;temurah;yevamot;zevachim,ketubot.sugya106:0
2639,2646,Directed,5,5,encounter,bavli,bava_batra;shabbat;sukkah;yevamot;zevachim,bava_batra.sugya208:2
297,2647,Directed,5,5,encounter,bavli,bava_batra;bava_kamma;eruvin;pesachim;shabbat,bava_batra.sugya023:0
312,2938,Directed,5,2,encounter,bavli,bava_batra;sanhedrin,bava_batra.sugya033:75
322,859,Directed,5,1,encounter,bavli,gittin,gittin.sugya032:19
375,417,Directed,5,3,encounter,bavli,bava_metzia;eruvin;nedarim,bava_metzia.sugya240:124
417,375,Directed,5,3,encounter,bavli,bava_metzia;eruvin;nedarim,bava_metzia.sugya240:81
723,495,Directed,5,2,encounter,bavli,chullin;gittin,chullin.sugya308:187
968,571,Directed,5,5,encounter,bavli,avodah_zarah;beitzah;chullin;shabbat;yevamot,avodah_zarah.sugya267:76
1017,2938,Directed,4,3,encounter,bavli,chullin;horayot;sanhedrin,chullin.sugya345:28
2075,1039,Directed,4,1,encounter,bavli,makkot,makkot.sugya127:14
1039,2075,Directed,4,1,encounter,bavli,makkot,makkot.sugya127:15
1570,1043,Directed,4,1,encounter,bavli,kiddushin,kiddushin.sugya296:173
121,1088,Directed,4,2,encounter,bavli,shabbat,shabbat.sugya199:13
1091,47,Directed,4,3,encounter,bavli,bava_kamma;shevuot,bava_kamma.sugya461:28
535,1091,Directed,4,2,encounter,bavli,shabbat;yevamot,shabbat.sugya878:3
1094,2582,Directed,4,2,encounter,bavli,bava_metzia;nedarim,bava_metzia.sugya026:3
2582,1094,Directed,4,2,encounter,bavli,bava_metzia;nedarim,bava_metzia.sugya026:4
1570,1113,Directed,4,2,encounter,bavli,bava_metzia;gittin,bava_metzia.sugya193:6
2763,1127,Directed,4,3,encounter,bavli,avodah_zarah;berakhot;chagigah,avodah_zarah.sugya105:100
1146,2800,Directed,4,1,encounter,bavli,bava_batra,bava_batra.sugya401:0
1187,1394,Directed,4,3,encounter,bavli,berakhot;eruvin,berakhot.sugya438:22
1570,1199,Directed,4,1,encounter,bavli,chullin,chullin.sugya149:2
121,229,Directed,4,1,encounter,bavli,berakhot,berakhot.sugya223:12
121,2735,Directed,4,1,encounter,bavli,gittin,gittin.sugya232:13
895,1310,Directed,4,2,encounter,bavli,bava_kamma;bekhorot,bava_kamma.sugya134:40
1345,1339,Directed,4,2,encounter,bavli,berakhot;megillah,berakhot.sugya391:32
2409,1345,Directed,4,2,encounter,bavli,berakhot;meilah,berakhot.sugya451:10
1345,2409,Directed,4,2,encounter,bavli,berakhot;meilah,berakhot.sugya451:8
1345,1764,Directed,4,2,encounter,bavli,chullin;ketubot,chullin.sugya031:90
1362,2578,Directed,4,4,encounter,bavli,eruvin,eruvin.sugya021:48
2578,1362,Directed,4,4,encounter,bavli,eruvin,eruvin.sugya021:49
1383,1742,Directed,4,2,encounter,bavli,moed_katan;zevachim,moed_katan.sugya109:14
1388,2594,Directed,4,2,encounter,bavli,bekhorot;gittin,bekhorot.sugya111:15
1394,2788,Directed,4,3,encounter,bavli,avodah_zarah;bava_metzia;yevamot,avodah_zarah.sugya094:97
2582,1394,Directed,4,3,encounter,bavli,bava_kamma;gittin;sanhedrin,bava_kamma.sugya438:5
1394,874,Directed,4,1,encounter,bavli,chullin,chullin.sugya118:33
1394,2045,Directed,4,3,encounter,bavli,megillah;sanhedrin;shabbat,megillah.sugya076:21
140,1952,Directed,4,2,encounter,bavli,bava_kamma;niddah,bava_kamma.sugya481:45
2518,1464,Directed,4,1,encounter,bavli,ketubot,ketubot.sugya170:26
67,1464,Directed,4,1,encounter,bavli,ketubot,ketubot.sugya170:35
1508,1556,Directed,4,1,encounter,bavli,megillah,megillah.sugya167:49
1556,1508,Directed,4,1,encounter,bavli,megillah,megillah.sugya167:50
2546,1527,Directed,4,2,encounter,bavli,bekhorot;kiddushin,bekhorot.sugya172:55
2839,1570,Directed,4,3,encounter,bavli,berakhot;chullin;ketubot,berakhot.sugya288:0
2409,1570,Directed,4,2,encounter,bavli,chagigah;nedarim,chagigah.sugya074:52
1570,1689,Directed,4,2,encounter,bavli,sanhedrin;yevamot,sanhedrin.sugya166:17
2231,1657,Directed,4,3,encounter,bavli,berakhot;nazir,berakhot.sugya434:11
2465,1742,Directed,4,3,encounter,bavli,bava_kamma;sanhedrin;zevachim,bava_kamma.sugya156:17
1742,2465,Directed,4,4,encounter,bavli,chagigah;sanhedrin;zevachim,chagigah.sugya060:93
895,1764,Directed,4,3,encounter,bavli,berakhot;chullin;sukkah,berakhot.sugya204:15
1764,2763,Directed,4,2,encounter,bavli,eruvin;sanhedrin,eruvin.sugya258:55
1764,229,Directed,4,2,encounter,bavli,shabbat,shabbat.sugya905:3
2938,1772,Directed,4,1,encounter,bavli,gittin,gittin.sugya032:15
1781,2518,Directed,4,2,encounter,bavli,arakhin;gittin,arakhin.sugya141:19
1781,2582,Directed,4,3,encounter,bavli,bava_metzia;chullin;yevamot,bava_metzia.sugya355:17
1784,2518,Directed,4,3,encounter,bavli,eruvin;menachot;zevachim,eruvin.sugya165:13
1804,514,Directed,4,2,encounter,bavli,bava_kamma;shevuot,bava_kamma.sugya322:1
1885,6,Directed,4,2,encounter,bavli,bava_batra;temurah,bava_batra.sugya514:45
1885,495,Directed,4,2,encounter,bavli,bava_kamma;yoma,bava_kamma.sugya266:2
194,895,Directed,4,2,encounter,bavli,bava_kamma;nazir,bava_kamma.sugya328:10
1952,6,Directed,4,4,encounter,bavli,beitzah;shabbat,beitzah.sugya134:53
2885,1979,Directed,4,2,encounter,bavli,bava_batra;ketubot,bava_batra.sugya530:0
2005,2681,Directed,4,1,encounter,bavli,sanhedrin,sanhedrin.sugya233:14
571,2006,Directed,4,2,encounter,bavli,chullin;megillah,chullin.sugya288:38
2846,2068,Directed,4,3,encounter,bavli,chullin;menachot;shabbat,chullin.sugya003:147
2155,571,Directed,4,3,encounter,bavli,bava_batra;pesachim;sukkah,bava_batra.sugya527:11
2647,2156,Directed,4,3,encounter,bavli,berakhot;gittin;pesachim,berakhot.sugya316:13
2285,2586,Directed,4,4,encounter,bavli,bava_batra;berakhot;gittin;shabbat,bava_batra.sugya429:0
2586,2285,Directed,4,4,encounter,bavli,bava_batra;berakhot;gittin;shabbat,bava_batra.sugya429:1
2296,2285,Directed,4,4,encounter,bavli,bava_batra;ketubot;sanhedrin,bava_batra.sugya149:2
2285,2681,Directed,4,4,encounter,bavli,bava_kamma;bava_metzia;bekhorot;eruvin,bava_kamma.sugya460:25
2285,867,Directed,4,2,encounter,bavli,chullin;zevachim,chullin.sugya317:29
571,2285,Directed,4,2,encounter,bavli,chullin;menachot,chullin.sugya186:206
2285,2442,Directed,4,2,encounter,bavli,megillah;pesachim,megillah.sugya052:186
2646,2298,Directed,4,2,encounter,bavli,horayot;pesachim,horayot.sugya053:12
495,239,Directed,4,2,encounter,bavli,chullin;pesachim,chullin.sugya364:16
2398,2681,Directed,4,1,encounter,bavli,sanhedrin,sanhedrin.sugya233:15
977,2409,Directed,4,4,encounter,bavli,chullin;nedarim;shabbat;yevamot,chullin.sugya090:88
2409,2581,Directed,4,3,encounter,bavli,pesachim;shabbat;yoma,pesachim.sugya344:11
2423,2453,Directed,4,2,encounter,bavli,ketubot,ketubot.sugya288:104
2582,2440,Directed,4,2,encounter,bavli,bava_batra;bava_metzia,bava_batra.sugya414:104
2763,2453,Directed,4,1,encounter,bavli,yevamot,yevamot.sugya301:142
2888,2465,Directed,4,4,encounter,bavli,bava_batra;berakhot;horayot;taanit,bava_batra.sugya483:3
2830,2465,Directed,4,2,encounter,bavli,niddah;pesachim,niddah.sugya227:59
2773,2518,Directed,4,3,encounter,bavli,chullin;menachot;nazir,chullin.sugya273:157
2518,927,Directed,4,4,encounter,bavli,horayot;menachot;zevachim,horayot.sugya059:4
2518,2735,Directed,4,2,encounter,bavli,nazir;niddah,nazir.sugya096:23
2533,602,Directed,4,3,encounter,bavli,bava_metzia;ketubot;yevamot,bava_metzia.sugya453:31
2582,2586,Directed,4,3,encounter,bavli,bava_batra;bava_metzia;pesachim,bava_batra.sugya069:118
2665,2582,Directed,4,1,encounter,bavli,bava_metzia,bava_metzia.sugya454:13
2602,2582,Directed,4,3,encounter,bavli,beitzah;chullin;zevachim,beitzah.sugya036:51
2582,2692,Directed,4,4,encounter,bavli,berakhot;niddah;taanit,berakhot.sugya400:4
2582,723,Directed,4,1,encounter,bavli,berakhot,berakhot.sugya444:12
723,2582,Directed,4,1,encounter,bavli,berakhot,berakhot.sugya444:13
977,2582,Directed,4,4,encounter,bavli,keritot;nazir;temurah;yevamot,keritot.sugya131:7
2582,2938,Directed,4,4,encounter,bavli,niddah;shevuot;sotah;yevamot,niddah.sugya152:3
2646,2665,Directed,4,1,encounter,bavli,bava_batra,bava_batra.sugya018:14
2690,2646,Directed,4,1,encounter,bavli,yoma,yoma.sugya260:81
2646,2690,Directed,4,1,encounter,bavli,yoma,yoma.sugya260:82
296,2648,Directed,4,1,encounter,bavli,chullin,chullin.sugya288:25
2763,98,Directed,4,3,encounter,bavli,bava_metzia;nazir,bava_metzia.sugya025:52
2763,766,Directed,4,1,encounter,bavli,chullin,chullin.sugya284:14
2763,873,Directed,4,2,encounter,bavli,ketubot;niddah,ketubot.sugya213:14
2845,467,Directed,4,4,encounter,bavli,bava_batra;bekhorot;ketubot;zevachim,bava_batra.sugya276:17
547,2938,Directed,4,2,encounter,bavli,bava_batra;nedarim,bava_batra.sugya398:85
2938,312,Directed,4,2,encounter,bavli,bava_batra;sanhedrin,bava_batra.sugya033:76
66,2938,Directed,4,1,encounter,bavli,gittin,gittin.sugya276:131
913,2938,Directed,4,1,encounter,bavli,kiddushin,kiddushin.sugya069:46
306,571,Directed,4,3,encounter,bavli,bava_kamma;menachot,bava_kamma.sugya460:46
467,495,Directed,4,1,encounter,bavli,berakhot,berakhot.sugya131:11
535,495,Directed,4,2,encounter,bavli,gittin,gittin.sugya042:1
571,895,Directed,4,3,encounter,bavli,avodah_zarah;shabbat;yevamot,avodah_zarah.sugya248:3
827,571,Directed,4,2,encounter,bavli,bava_kamma;ketubot,bava_kamma.sugya460:41
895,977,Directed,4,2,encounter,bavli,bava_batra;kiddushin,bava_batra.sugya156:12
928,977,Directed,4,1,encounter,bavli,chullin,chullin.sugya308:137
534,1017,Directed,3,3,encounter,bavli,avodah_zarah;chullin;zevachim,avodah_zarah.sugya054:40
6,1017,Directed,3,2,encounter,bavli,beitzah;chullin,beitzah.sugya215:13
2345,1017,Directed,3,1,encounter,bavli,berakhot,berakhot.sugya222:11
1017,2345,Directed,3,1,encounter,bavli,berakhot,berakhot.sugya222:12
1345,1017,Directed,3,1,encounter,bavli,berakhot,berakhot.sugya391:25
149,1017,Directed,3,1,encounter,bavli,chullin,chullin.sugya352:11
495,1017,Directed,3,3,encounter,bavli,chullin;zevachim,chullin.sugya034:44
1017,600,Directed,3,2,encounter,bavli,chullin;pesachim,chullin.sugya126:16
1017,467,Directed,3,2,encounter,bavli,niddah,niddah.sugya200:49
1018,1764,Directed,3,3,encounter,bavli,chullin;gittin;pesachim,chullin.sugya120:8
1018,1493,Directed,3,1,encounter,bavli,shabbat,shabbat.sugya681:10
1952,1046,Directed,3,2,encounter,bavli,gittin;sukkah,gittin.sugya146:1
1055,571,Directed,3,2,encounter,bavli,bava_kamma;eruvin,bava_kamma.sugya303:12
1212,1088,Directed,3,2,encounter,bavli,bava_metzia;ketubot,bava_metzia.sugya357:145
1094,1345,Directed,3,2,encounter,bavli,kiddushin;menachot,kiddushin.sugya212:4
547,1102,Directed,3,1,encounter,bavli,shabbat,shabbat.sugya243:10
2879,1108,Directed,3,1,encounter,bavli,sanhedrin,sanhedrin.sugya140:13
1127,2578,Directed,3,2,encounter,bavli,ketubot;yevamot,ketubot.sugya048:17
2800,1146,Directed,3,1,encounter,bavli,bava_batra,bava_batra.sugya401:31
1986,1173,Directed,3,1,encounter,bavli,niddah,niddah.sugya051:25
2285,1192,Directed,3,2,encounter,bavli,bava_kamma;ketubot,bava_kamma.sugya024:128
895,1194,Directed,3,2,encounter,bavli,beitzah;megillah,beitzah.sugya228:23
289,121,Directed,3,2,encounter,bavli,avodah_zarah;bava_batra,avodah_zarah.sugya017:15
121,2934,Directed,3,3,encounter,bavli,bava_batra;bava_metzia;bekhorot,bava_batra.sugya498:5
121,993,Directed,3,2,encounter,bavli,bava_batra;sotah,bava_batra.sugya073:19
121,207,Directed,3,2,encounter,bavli,bava_batra;shabbat,bava_batra.sugya290:78
2140,121,Directed,3,2,encounter,bavli,bava_metzia;menachot,bava_metzia.sugya284:28
121,2140,Directed,3,2,encounter,bavli,bava_metzia;menachot,bava_metzia.sugya284:29
229,121,Directed,3,1,encounter,bavli,berakhot,berakhot.sugya223:13
6,121,Directed,3,2,encounter,bavli,chullin,chullin.sugya020:10
121,124,Directed,3,2,encounter,bavli,eruvin,eruvin.sugya256:6
2735,121,Directed,3,1,encounter,bavli,gittin,gittin.sugya232:11
121,467,Directed,3,2,encounter,bavli,ketubot;yevamot,ketubot.sugya003:111
1401,121,Directed,3,1,encounter,bavli,shabbat,shabbat.sugya669:4
121,1401,Directed,3,1,encounter,bavli,shabbat,shabbat.sugya669:5
1345,121,Directed,3,3,encounter,bavli,taanit;yevamot;zevachim,taanit.sugya025:11
368,1212,Directed,3,2,encounter,bavli,bava_kamma;shabbat,bava_kamma.sugya283:34
1212,417,Directed,3,1,encounter,bavli,bekhorot,bekhorot.sugya008:110
417,1212,Directed,3,1,encounter,bavli,bekhorot,bekhorot.sugya008:111
2285,1287,Directed,3,1,encounter,bavli,chullin,chullin.sugya282:148
895,1327,Directed,3,2,encounter,bavli,rosh_hashanah,rosh_hashanah.sugya047:1
2445,1345,Directed,3,1,encounter,bavli,bava_batra,bava_batra.sugya241:15
1345,2445,Directed,3,1,encounter,bavli,bava_batra,bava_batra.sugya241:16
2178,1345,Directed,3,2,encounter,bavli,bava_metzia;ketubot,bava_metzia.sugya157:16
1345,1885,Directed,3,2,encounter,bavli,berakhot,berakhot.sugya216:1
1885,1345,Directed,3,2,encounter,bavli,berakhot,berakhot.sugya216:5
1345,2578,Directed,3,2,encounter,bavli,berakhot;ketubot,berakhot.sugya391:34
1345,2341,Directed,3,1,encounter,bavli,chullin,chullin.sugya282:151
2612,1345,Directed,3,1,encounter,bavli,shabbat,shabbat.sugya026:20
2285,1353,Directed,3,1,encounter,bavli,temurah,temurah.sugya162:3
1362,2285,Directed,3,2,encounter,bavli,bava_batra;chullin,bava_batra.sugya376:15
1764,1364,Directed,3,2,encounter,bavli,bava_batra;beitzah,bava_batra.sugya073:12
1364,1764,Directed,3,1,encounter,bavli,beitzah,beitzah.sugya036:2
1383,1395,Directed,3,2,encounter,bavli,nedarim;yevamot,nedarim.sugya150:15
1742,1383,Directed,3,1,encounter,bavli,zevachim,zevachim.sugya185:3
467,1385,Directed,3,3,encounter,bavli,kiddushin;menachot;sotah,kiddushin.sugya153:0
1394,1764,Directed,3,2,encounter,bavli,avodah_zarah;bava_metzia,avodah_zarah.sugya259:94
1394,239,Directed,3,2,encounter,bavli,bava_kamma;gittin,bava_kamma.sugya394:3
1394,157,Directed,3,1,encounter,bavli,bava_metzia,bava_metzia.sugya451:0
239,1394,Directed,3,2,encounter,bavli,bava_metzia;gittin,bava_metzia.sugya180:0
6,1394,Directed,3,3,encounter,bavli,berakhot;eruvin,berakhot.sugya089:10
1394,2594,Directed,3,3,encounter,bavli,gittin;moed_katan;shabbat,gittin.sugya040:29
2594,1394,Directed,3,3,encounter,bavli,gittin;moed_katan;shabbat,gittin.sugya040:31
1394,911,Directed,3,2,encounter,bavli,ketubot;sanhedrin,ketubot.sugya047:2
1797,1394,Directed,3,2,encounter,bavli,kiddushin;sanhedrin,kiddushin.sugya126:4
1913,1394,Directed,3,3,encounter,bavli,pesachim;sanhedrin;yevamot,pesachim.sugya380:88
1418,2912,Directed,3,1,encounter,bavli,beitzah,beitzah.sugya092:19
143,2582,Directed,3,3,encounter,bavli,menachot;zevachim,menachot.sugya076:5
1464,67,Directed,3,1,encounter,bavli,ketubot,ketubot.sugya170:36
1508,1640,Directed,3,2,encounter,bavli,avodah_zarah;bava_batra,avodah_zarah.sugya137:76
1512,2582,Directed,3,2,encounter,bavli,nazir;yevamot,nazir.sugya124:34
1527,1577,Directed,3,1,encounter,bavli,chagigah,chagigah.sugya006:39
1527,489,Directed,3,1,encounter,bavli,chagigah,chagigah.sugya006:40
1544,485,Directed,3,1,encounter,bavli,chullin,chullin.sugya165:2
1544,1716,Directed,3,1,encounter,bavli,chullin,chullin.sugya172:62
1556,478,Directed,3,1,encounter,bavli,bava_metzia,bava_metzia.sugya357:18
2465,1560,Directed,3,1,encounter,bavli,eruvin,eruvin.sugya076:29
1560,2465,Directed,3,1,encounter,bavli,eruvin,eruvin.sugya076:30
1570,239,Directed,3,3,encounter,bavli,nazir;pesachim;yevamot,nazir.sugya059:29
2845,1570,Directed,3,1,encounter,bavli,sanhedrin,sanhedrin.sugya166:14
1570,371,Directed,3,1,encounter,bavli,taanit,taanit.sugya080:34
1583,634,Directed,3,3,encounter,bavli,arakhin;menachot,arakhin.sugya012:12
466,1583,Directed,3,1,encounter,bavli,chagigah,chagigah.sugya060:131
1583,466,Directed,3,1,encounter,bavli,chagigah,chagigah.sugya060:135
1583,800,Directed,3,2,encounter,bavli,rosh_hashanah,rosh_hashanah.sugya113:2
1624,2888,Directed,3,1,encounter,bavli,chullin,chullin.sugya201:29
571,1624,Directed,3,1,encounter,bavli,chullin,chullin.sugya214:23
2068,1657,Directed,3,2,encounter,bavli,kiddushin;yoma,kiddushin.sugya296:134
1663,571,Directed,3,1,encounter,bavli,taanit,taanit.sugya099:43
417,1679,Directed,3,1,encounter,bavli,chagigah,chagigah.sugya006:103
2763,173,Directed,3,3,encounter,bavli,avodah_zarah;shabbat,avodah_zarah.sugya104:19
173,2763,Directed,3,2,encounter,bavli,shabbat,shabbat.sugya766:6
2602,1764,Directed,3,1,encounter,bavli,bava_batra,bava_batra.sugya097:10
1764,2602,Directed,3,1,encounter,bavli,bava_batra,bava_batra.sugya097:12
2668,1764,Directed,3,1,encounter,bavli,bava_metzia,bava_metzia.sugya101:17
2527,1764,Directed,3,1,encounter,bavli,ketubot,ketubot.sugya096:18
1764,2527,Directed,3,1,encounter,bavli,ketubot,ketubot.sugya096:21
2781,1764,Directed,3,2,encounter,bavli,kiddushin;niddah,kiddushin.sugya098:5
2624,1764,Directed,3,3,encounter,bavli,shabbat;yevamot,shabbat.sugya718:1
219,1764,Directed,3,2,encounter,bavli,shabbat,shabbat.sugya837:1
229,1764,Directed,3,2,encounter,bavli,shabbat,shabbat.sugya905:2
92,1771,Directed,3,3,encounter,bavli,shabbat;yoma,shabbat.sugya683:98
1772,2581,Directed,3,2,encounter,bavli,bava_metzia,bava_metzia.sugya233:1
2581,1772,Directed,3,1,encounter,bavli,bava_metzia,bava_metzia.sugya234:1
2582,1772,Directed,3,1,encounter,bavli,bava_metzia,bava_metzia.sugya266:10
1814,2824,Directed,3,1,encounter,bavli,bava_batra,bava_batra.sugya376:36
1952,1885,Directed,3,3,encounter,bavli,beitzah;chullin;nedarim,beitzah.sugya134:49
2161,1885,Directed,3,1,encounter,bavli,berakhot,berakhot.sugya364:16
1890,467,Directed,3,3,encounter,bavli,bava_batra;chullin,bava_batra.sugya294:4
1915,1952,Directed,3,1,encounter,bavli,chullin,chullin.sugya123:37
92,1915,Directed,3,3,encounter,bavli,chullin;ketubot;pesachim,chullin.sugya165:14
895,1954,Directed,3,2,encounter,bavli,bava_batra;niddah,bava_batra.sugya210:18
434,1979,Directed,3,2,encounter,bavli,avodah_zarah;berakhot,avodah_zarah.sugya094:123
1979,465,Directed,3,1,encounter,bavli,berakhot,berakhot.sugya087:21
2003,2578,Directed,3,1,encounter,bavli,berakhot,berakhot.sugya490:10
2681,2005,Directed,3,1,encounter,bavli,sanhedrin,sanhedrin.sugya233:12
2006,2578,Directed,3,1,encounter,bavli,chullin,chullin.sugya143:31
2578,2006,Directed,3,1,encounter,bavli,chullin,chullin.sugya143:32
2006,571,Directed,3,1,encounter,bavli,megillah,megillah.sugya022:18
2007,571,Directed,3,3,encounter,bavli,berakhot;ketubot;menachot,berakhot.sugya186:5
571,201,Directed,3,1,encounter,bavli,chullin,chullin.sugya214:11
2032,2763,Directed,3,3,encounter,bavli,berakhot;kiddushin;menachot,berakhot.sugya151:36
829,2068,Directed,3,1,encounter,bavli,sotah,sotah.sugya093:1
571,2135,Directed,3,1,encounter,bavli,sukkah,sukkah.sugya021:10
571,2139,Directed,3,1,encounter,bavli,sanhedrin,sanhedrin.sugya509:53
514,2161,Directed,3,3,encounter,bavli,bava_metzia;berakhot;shabbat,bava_metzia.sugya055:58
2161,514,Directed,3,3,encounter,bavli,bava_metzia;berakhot;chullin,bava_metzia.sugya055:61
2763,2225,Directed,3,3,encounter,bavli,eruvin;makkot;sukkah,eruvin.sugya010:24
2269,2465,Directed,3,2,encounter,bavli,yevamot,yevamot.sugya484:26
2582,2277,Directed,3,2,encounter,bavli,beitzah;berakhot,beitzah.sugya142:27
911,2285,Directed,3,2,encounter,bavli,bava_batra;bava_kamma,bava_batra.sugya376:22
2285,286,Directed,3,1,encounter,bavli,bava_kamma,bava_kamma.sugya147:19
66,2285,Directed,3,2,encounter,bavli,bava_metzia;menachot,bava_metzia.sugya279:2
2285,66,Directed,3,2,encounter,bavli,bava_metzia;menachot,bava_metzia.sugya279:3
2285,2596,Directed,3,3,encounter,bavli,beitzah;ketubot;sukkah,beitzah.sugya134:4
867,2285,Directed,3,1,encounter,bavli,chullin,chullin.sugya317:28
873,2285,Directed,3,1,encounter,bavli,chullin,chullin.sugya008:10
2285,873,Directed,3,1,encounter,bavli,chullin,chullin.sugya008:11
2285,2296,Directed,3,3,encounter,bavli,ketubot;sanhedrin,ketubot.sugya482:19
2601,2285,Directed,3,1,encounter,bavli,sanhedrin,sanhedrin.sugya189:27
2298,2296,Directed,3,2,encounter,bavli,bava_batra;taanit,bava_batra.sugya028:18
918,2298,Directed,3,2,encounter,bavli,pesachim;sanhedrin,pesachim.sugya074:43
2298,283,Directed,3,1,encounter,bavli,shabbat,shabbat.sugya837:32
2330,2852,Directed,3,2,encounter,bavli,horayot;shabbat,horayot.sugya091:16
2383,2647,Directed,3,3,encounter,bavli,avodah_zarah;bava_kamma;zevachim,avodah_zarah.sugya214:44
2384,571,Directed,3,2,encounter,bavli,ketubot;menachot,ketubot.sugya085:68
2398,868,Directed,3,1,encounter,bavli,arakhin,arakhin.sugya091:248
2681,2398,Directed,3,1,encounter,bavli,sanhedrin,sanhedrin.sugya233:13
2618,2409,Directed,3,1,encounter,bavli,yevamot,yevamot.sugya284:60
2938,2445,Directed,3,3,encounter,bavli,avodah_zarah;bava_metzia;temurah,avodah_zarah.sugya296:12
2445,2938,Directed,3,3,encounter,bavli,avodah_zarah;bava_metzia;temurah,avodah_zarah.sugya296:9
895,2453,Directed,3,1,encounter,bavli,ketubot,ketubot.sugya288:100
2465,465,Directed,3,3,encounter,bavli,berakhot;pesachim;zevachim,berakhot.sugya066:12
2465,2830,Directed,3,3,encounter,bavli,meilah;niddah;pesachim,meilah.sugya007:6
2763,2497,Directed,3,1,encounter,bavli,moed_katan,moed_katan.sugya079:41
2518,2744,Directed,3,2,encounter,bavli,bava_batra;bava_metzia,bava_batra.sugya028:27
993,2518,Directed,3,3,encounter,bavli,bava_metzia;gittin;zevachim,bava_metzia.sugya142:9
2631,2518,Directed,3,1,encounter,bavli,berakhot,berakhot.sugya180:14
343,2518,Directed,3,3,encounter,bavli,chullin;pesachim;yevamot,chullin.sugya386:91
2518,2879,Directed,3,2,encounter,bavli,chullin;pesachim,chullin.sugya218:38
2527,2582,Directed,3,2,encounter,bavli,bava_kamma;bava_metzia,bava_kamma.sugya370:4
2540,495,Directed,3,1,encounter,bavli,menachot,menachot.sugya132:0
495,2540,Directed,3,1,encounter,bavli,menachot,menachot.sugya132:1
2546,829,Directed,3,1,encounter,bavli,bekhorot,bekhorot.sugya172:58
2546,475,Directed,3,2,encounter,bavli,pesachim;yevamot,pesachim.sugya089:70
6,2578,Directed,3,2,encounter,bavli,bava_batra;chullin,bava_batra.sugya516:33
2647,2578,Directed,3,1,encounter,bavli,bava_batra,bava_batra.sugya290:115
571,2578,Directed,3,2,encounter,bavli,shabbat;yevamot,shabbat.sugya207:18
2582,2665,Directed,3,2,encounter,bavli,bava_batra;bava_metzia,bava_batra.sugya018:21
2582,2602,Directed,3,3,encounter,bavli,beitzah;chullin;zevachim,beitzah.sugya036:9
2692,2582,Directed,3,3,encounter,bavli,berakhot;niddah;taanit,berakhot.sugya053:28
276,2582,Directed,3,2,encounter,bavli,chullin;menachot,chullin.sugya088:5
2582,276,Directed,3,2,encounter,bavli,chullin;zevachim,chullin.sugya088:8
895,2582,Directed,3,2,encounter,bavli,meilah;shabbat,meilah.sugya048:0
2586,881,Directed,3,1,encounter,bavli,bava_batra,bava_batra.sugya069:119
2594,467,Directed,3,2,encounter,bavli,bava_batra;gittin,bava_batra.sugya249:9
2879,2594,Directed,3,3,encounter,bavli,horayot;nazir;yoma,horayot.sugya065:19
2596,2616,Directed,3,1,encounter,bavli,yevamot,yevamot.sugya054:27
2631,2938,Directed,3,3,encounter,bavli,eruvin;shevuot,eruvin.sugya017:16
2634,571,Directed,3,2,encounter,bavli,bava_batra;menachot,bava_batra.sugya398:59
2637,571,Directed,3,3,encounter,bavli,sotah;temurah;yevamot,sotah.sugya165:22
2646,2639,Directed,3,3,encounter,bavli,shabbat;sukkah;zevachim,shabbat.sugya547:23
304,2646,Directed,3,3,encounter,bavli,bava_metzia;sanhedrin;zevachim,bava_metzia.sugya006:23
2646,304,Directed,3,2,encounter,bavli,sanhedrin;zevachim,sanhedrin.sugya235:11
2934,2646,Directed,3,1,encounter,bavli,shabbat,shabbat.sugya804:100
571,2763,Directed,3,2,encounter,bavli,bava_kamma;kiddushin,bava_kamma.sugya425:30
2879,2865,Directed,3,1,encounter,bavli,sanhedrin,sanhedrin.sugya140:10
467,2891,Directed,3,1,encounter,bavli,shabbat,shabbat.sugya152:14
514,2938,Directed,3,2,encounter,bavli,chullin;shabbat,chullin.sugya308:110
2938,913,Directed,3,1,encounter,bavli,kiddushin,kiddushin.sugya069:47
829,368,Directed,3,1,encounter,bavli,eruvin,eruvin.sugya256:163
368,417,Directed,3,1,encounter,bavli,pesachim,pesachim.sugya091:23
534,467,Directed,3,1,encounter,bavli,kiddushin,kiddushin.sugya124:67
477,548,Directed,3,1,encounter,bavli,menachot,menachot.sugya051:34
6,495,Directed,3,3,encounter,bavli,bava_batra;shevuot,bava_batra.sugya118:12
495,535,Directed,3,1,encounter,bavli,gittin,gittin.sugya042:11
495,723,Directed,3,1,encounter,bavli,gittin,gittin.sugya003:29
895,534,Directed,3,3,encounter,bavli,keritot;ketubot;kiddushin,keritot.sugya096:6
535,723,Directed,3,1,encounter,bavli,gittin,gittin.sugya003:30
895,571,Directed,3,2,encounter,bavli,avodah_zarah;shabbat,avodah_zarah.sugya248:0
571,968,Directed,3,2,encounter,bavli,avodah_zarah;yevamot,avodah_zarah.sugya267:77
571,6,Directed,3,3,encounter,bavli,menachot;niddah,menachot.sugya095:129
918,602,Directed,3,2,encounter,bavli,bava_batra,bava_batra.sugya431:52
66,895,Directed,3,3,encounter,bavli,gittin;sanhedrin;yevamot,gittin.sugya004:98
895,66,Directed,3,3,encounter,bavli,gittin;sanhedrin;yevamot,gittin.sugya004:99
1689,1017,Directed,2,1,encounter,bavli,bava_metzia,bava_metzia.sugya357:152
1017,1094,Directed,2,1,encounter,bavli,berakhot,berakhot.sugya290:14
1017,895,Directed,2,1,encounter,bavli,berakhot,berakhot.sugya369:75
1017,495,Directed,2,2,encounter,bavli,chullin,chullin.sugya308:130
1017,2578,Directed,2,1,encounter,bavli,chullin,chullin.sugya308:131
2938,1017,Directed,2,2,encounter,bavli,chullin;sanhedrin,chullin.sugya345:29
600,1017,Directed,2,2,encounter,bavli,chullin;pesachim,chullin.sugya126:15
1017,2763,Directed,2,1,encounter,bavli,chullin,chullin.sugya218:16
1570,1017,Directed,2,2,encounter,bavli,gittin;kiddushin,gittin.sugya135:120
1017,99,Directed,2,1,encounter,bavli,gittin,gittin.sugya373:18
1017,695,Directed,2,2,encounter,bavli,ketubot;shabbat,ketubot.sugya342:6
1017,121,Directed,2,2,encounter,bavli,niddah;zevachim,niddah.sugya218:15
2518,1017,Directed,2,1,encounter,bavli,niddah,niddah.sugya346:153
1017,43,Directed,2,1,encounter,bavli,shabbat,shabbat.sugya710:33
43,1017,Directed,2,1,encounter,bavli,shabbat,shabbat.sugya710:34
1017,2594,Directed,2,1,encounter,bavli,shabbat,shabbat.sugya207:153
1017,2891,Directed,2,1,encounter,bavli,shabbat,shabbat.sugya275:15
1018,2582,Directed,2,2,encounter,bavli,bava_batra;berakhot,bava_batra.sugya045:72
2582,1018,Directed,2,2,encounter,bavli,berakhot;shevuot,berakhot.sugya342:32
1022,1570,Directed,2,2,encounter,bavli,eruvin;sanhedrin,eruvin.sugya012:53
467,1043,Directed,2,2,encounter,bavli,bava_batra;chullin,bava_batra.sugya294:1
201,1043,Directed,2,1,encounter,bavli,chullin,chullin.sugya214:12
1044,2647,Directed,2,1,encounter,bavli,taanit,taanit.sugya014:118
1046,495,Directed,2,2,encounter,bavli,beitzah;chullin,beitzah.sugya134:45
1046,1952,Directed,2,1,encounter,bavli,sukkah,sukkah.sugya140:16
1051,2646,Directed,2,2,encounter,bavli,bava_metzia;moed_katan,bava_metzia.sugya447:0
2646,1051,Directed,2,2,encounter,bavli,bava_metzia;moed_katan,bava_metzia.sugya447:1
297,1055,Directed,2,1,encounter,bavli,bava_kamma,bava_kamma.sugya303:0
571,1055,Directed,2,1,encounter,bavli,eruvin,eruvin.sugya218:24
1075,1570,Directed,2,2,encounter,bavli,eruvin;shabbat,eruvin.sugya092:16
1640,1088,Directed,2,1,encounter,bavli,avodah_zarah,avodah_zarah.sugya137:138
1088,1212,Directed,2,2,encounter,bavli,bava_metzia;ketubot,bava_metzia.sugya357:146
1088,1624,Directed,2,1,encounter,bavli,berakhot,berakhot.sugya150:1
1345,1088,Directed,2,1,encounter,bavli,chullin,chullin.sugya212:136
2582,1088,Directed,2,2,encounter,bavli,chullin;keritot,chullin.sugya212:99
1088,2582,Directed,2,1,encounter,bavli,keritot,keritot.sugya133:11
1088,2896,Directed,2,2,encounter,bavli,megillah;sanhedrin,megillah.sugya136:5
1088,1814,Directed,2,1,encounter,bavli,yevamot,yevamot.sugya353:55
1151,1091,Directed,2,1,encounter,bavli,bava_batra,bava_batra.sugya401:21
1091,1151,Directed,2,1,encounter,bavli,bava_batra,bava_batra.sugya401:22
1091,1952,Directed,2,1,encounter,bavli,berakhot,berakhot.sugya108:7
2285,1091,Directed,2,1,encounter,bavli,chullin,chullin.sugya031:149
2795,1091,Directed,2,2,encounter,bavli,chullin;menachot,chullin.sugya290:44
1091,1178,Directed,2,1,encounter,bavli,eruvin,eruvin.sugya258:34
92,1091,Directed,2,1,encounter,bavli,sotah,sotah.sugya215:105
1094,2938,Directed,2,1,encounter,bavli,eruvin,eruvin.sugya281:36
571,1094,Directed,2,1,encounter,bavli,gittin,gittin.sugya135:140
1345,1094,Directed,2,2,encounter,bavli,kiddushin;menachot,kiddushin.sugya212:5
1094,895,Directed,2,1,encounter,bavli,kiddushin,kiddushin.sugya231:4
1102,547,Directed,2,1,encounter,bavli,shabbat,shabbat.sugya243:11
2518,1102,Directed,2,1,encounter,bavli,zevachim,zevachim.sugya330:25
2879,1113,Directed,2,2,encounter,bavli,chullin;temurah,chullin.sugya143:125
1127,2763,Directed,2,1,encounter,bavli,arakhin,arakhin.sugya091:157
895,1127,Directed,2,2,encounter,bavli,bekhorot;ketubot,bekhorot.sugya086:4
1146,1885,Directed,2,1,encounter,bavli,gittin,gittin.sugya228:33
1885,1146,Directed,2,1,encounter,bavli,gittin,gittin.sugya228:34
2518,1164,Directed,2,1,encounter,bavli,ketubot,ketubot.sugya396:1
1164,2518,Directed,2,1,encounter,bavli,ketubot,ketubot.sugya396:2
1173,1986,Directed,2,1,encounter,bavli,niddah,niddah.sugya051:26
1394,1187,Directed,2,2,encounter,bavli,eruvin,eruvin.sugya332:1
2938,1192,Directed,2,1,encounter,bavli,sukkah,sukkah.sugya199:56
1194,895,Directed,2,1,encounter,bavli,beitzah,beitzah.sugya228:22
1197,2285,Directed,2,1,encounter,bavli,chullin,chullin.sugya031:56
121,289,Directed,2,2,encounter,bavli,avodah_zarah;bava_batra,avodah_zarah.sugya017:16
121,2601,Directed,2,1,encounter,bavli,bava_batra,bava_batra.sugya380:6
571,121,Directed,2,1,encounter,bavli,bava_batra,bava_batra.sugya494:22
2934,121,Directed,2,2,encounter,bavli,bava_batra;bava_metzia,bava_batra.sugya498:4
121,276,Directed,2,1,encounter,bavli,bava_batra,bava_batra.sugya500:28
121,913,Directed,2,1,encounter,bavli,bava_batra,bava_batra.sugya500:29
121,2696,Directed,2,1,encounter,bavli,bava_batra,bava_batra.sugya518:33
121,417,Directed,2,1,encounter,bavli,bava_batra,bava_batra.sugya518:34
121,2174,Directed,2,1,encounter,bavli,bava_batra,bava_batra.sugya073:18
121,2285,Directed,2,1,encounter,bavli,bava_batra,bava_batra.sugya110:31
121,2632,Directed,2,1,encounter,bavli,bava_batra,bava_batra.sugya116:4
121,1364,Directed,2,1,encounter,bavli,bava_batra,bava_batra.sugya172:26
1841,121,Directed,2,1,encounter,bavli,bava_metzia,bava_metzia.sugya061:12
121,1841,Directed,2,1,encounter,bavli,bava_metzia,bava_metzia.sugya061:13
121,2938,Directed,2,2,encounter,bavli,beitzah;kiddushin,beitzah.sugya056:2
121,2445,Directed,2,2,encounter,bavli,bekhorot;shabbat,bekhorot.sugya055:2
1807,121,Directed,2,1,encounter,bavli,chullin,chullin.sugya312:4
121,286,Directed,2,1,encounter,bavli,chullin,chullin.sugya007:49
2255,121,Directed,2,2,encounter,bavli,eruvin;shabbat,eruvin.sugya444:16
121,2255,Directed,2,2,encounter,bavli,eruvin;shabbat,eruvin.sugya444:17
121,2763,Directed,2,1,encounter,bavli,eruvin,eruvin.sugya021:42
121,1593,Directed,2,1,encounter,bavli,eruvin,eruvin.sugya150:48
2594,121,Directed,2,2,encounter,bavli,eruvin;keritot,eruvin.sugya172:17
121,2788,Directed,2,1,encounter,bavli,gittin,gittin.sugya040:1
2788,121,Directed,2,1,encounter,bavli,gittin,gittin.sugya040:2
121,1570,Directed,2,1,encounter,bavli,ketubot,ketubot.sugya003:112
121,1624,Directed,2,1,encounter,bavli,ketubot,ketubot.sugya003:116
2729,121,Directed,2,1,encounter,bavli,moed_katan,moed_katan.sugya059:56
2781,121,Directed,2,1,encounter,bavli,niddah,niddah.sugya160:26
121,2781,Directed,2,1,encounter,bavli,niddah,niddah.sugya160:34
121,1544,Directed,2,1,encounter,bavli,pesachim,pesachim.sugya129:123
230,121,Directed,2,1,encounter,bavli,pesachim,pesachim.sugya158:24
121,230,Directed,2,1,encounter,bavli,pesachim,pesachim.sugya158:26
2173,121,Directed,2,1,encounter,bavli,shabbat,shabbat.sugya564:13
121,291,Directed,2,1,encounter,bavli,temurah,temurah.sugya089:1
520,1212,Directed,2,1,encounter,bavli,avodah_zarah,avodah_zarah.sugya025:27
2879,1212,Directed,2,2,encounter,bavli,avodah_zarah;shabbat,avodah_zarah.sugya031:3
1212,2879,Directed,2,2,encounter,bavli,avodah_zarah;shabbat,avodah_zarah.sugya031:4
192,1212,Directed,2,1,encounter,bavli,eruvin,eruvin.sugya012:150
1212,2839,Directed,2,1,encounter,bavli,ketubot,ketubot.sugya054:10
1212,2594,Directed,2,1,encounter,bavli,moed_katan,moed_katan.sugya089:147
1764,1212,Directed,2,1,encounter,bavli,pesachim,pesachim.sugya129:126
1345,1213,Directed,2,1,encounter,bavli,moed_katan,moed_katan.sugya089:236
1213,2647,Directed,2,1,encounter,bavli,niddah,niddah.sugya346:68
918,1235,Directed,2,1,encounter,bavli,berakhot,berakhot.sugya451:25
1235,918,Directed,2,1,encounter,bavli,berakhot,berakhot.sugya451:27
124,2581,Directed,2,1,encounter,bavli,pesachim,pesachim.sugya074:176
2830,1247,Directed,2,1,encounter,bavli,ketubot,ketubot.sugya243:1
2578,1279,Directed,2,2,encounter,bavli,eruvin;niddah,eruvin.sugya411:3
129,1345,Directed,2,1,encounter,bavli,avodah_zarah,avodah_zarah.sugya045:0
129,92,Directed,2,1,encounter,bavli,shabbat,shabbat.sugya694:116
129,2443,Directed,2,1,encounter,bavli,shevuot,shevuot.sugya105:29
1814,1295,Directed,2,2,encounter,bavli,berakhot;yevamot,berakhot.sugya245:13
13,2763,Directed,2,1,encounter,bavli,rosh_hashanah,rosh_hashanah.sugya038:63
1318,1345,Directed,2,2,encounter,bavli,avodah_zarah;chullin,avodah_zarah.sugya029:9
1318,2578,Directed,2,1,encounter,bavli,chullin,chullin.sugya186:103
1345,1327,Directed,2,1,encounter,bavli,moed_katan,moed_katan.sugya091:49
1327,895,Directed,2,1,encounter,bavli,rosh_hashanah,rosh_hashanah.sugya048:0
2578,1327,Directed,2,2,encounter,bavli,shabbat;yoma,shabbat.sugya353:15
343,1345,Directed,2,2,encounter,bavli,bava_batra;pesachim,bava_batra.sugya117:1
1345,139,Directed,2,1,encounter,bavli,bava_batra,bava_batra.sugya156:37
1345,2631,Directed,2,1,encounter,bavli,bava_kamma,bava_kamma.sugya440:13
2398,1345,Directed,2,1,encounter,bavli,beitzah,beitzah.sugya216:10
1345,2594,Directed,2,2,encounter,bavli,berakhot,berakhot.sugya090:6
2156,1345,Directed,2,1,encounter,bavli,eruvin,eruvin.sugya449:13
1345,1954,Directed,2,1,encounter,bavli,eruvin,eruvin.sugya075:64
1345,2763,Directed,2,1,encounter,bavli,ketubot,ketubot.sugya397:19
261,1345,Directed,2,1,encounter,bavli,kiddushin,kiddushin.sugya343:11
1345,261,Directed,2,1,encounter,bavli,kiddushin,kiddushin.sugya343:4
291,1345,Directed,2,1,encounter,bavli,pesachim,pesachim.sugya074:49
1345,291,Directed,2,1,encounter,bavli,pesachim,pesachim.sugya074:55
2692,1345,Directed,2,1,encounter,bavli,shabbat,shabbat.sugya474:11
2007,1345,Directed,2,1,encounter,bavli,shabbat,shabbat.sugya495:14
571,1345,Directed,2,1,encounter,bavli,taanit,taanit.sugya125:1
1353,2285,Directed,2,1,encounter,bavli,temurah,temurah.sugya162:4
1362,281,Directed,2,1,encounter,bavli,chullin,chullin.sugya390:105
1383,465,Directed,2,1,encounter,bavli,moed_katan,moed_katan.sugya109:15
829,1383,Directed,2,1,encounter,bavli,pesachim,pesachim.sugya253:63
1383,829,Directed,2,1,encounter,bavli,pesachim,pesachim.sugya253:64
1383,417,Directed,2,1,encounter,bavli,sanhedrin,sanhedrin.sugya506:34
1624,1385,Directed,2,2,encounter,bavli,nedarim;yoma,nedarim.sugya247:19
1394,139,Directed,2,1,encounter,bavli,bava_metzia,bava_metzia.sugya450:1
2518,139,Directed,2,1,encounter,bavli,niddah,niddah.sugya346:124
895,139,Directed,2,1,encounter,bavli,shabbat,shabbat.sugya330:12
139,895,Directed,2,1,encounter,bavli,shabbat,shabbat.sugya330:6
1392,1764,Directed,2,1,encounter,bavli,kiddushin,kiddushin.sugya227:18
1394,6,Directed,2,2,encounter,bavli,berakhot;eruvin,berakhot.sugya089:12
1777,1394,Directed,2,1,encounter,bavli,berakhot,berakhot.sugya184:12
1394,1777,Directed,2,1,encounter,bavli,berakhot,berakhot.sugya184:14
1394,495,Directed,2,1,encounter,bavli,chagigah,chagigah.sugya060:234
874,1394,Directed,2,1,encounter,bavli,chullin,chullin.sugya118:32
1394,2581,Directed,2,1,encounter,bavli,eruvin,eruvin.sugya160:2
911,1394,Directed,2,2,encounter,bavli,ketubot,ketubot.sugya046:0
1394,2578,Directed,2,1,encounter,bavli,kiddushin,kiddushin.sugya339:11
571,1394,Directed,2,1,encounter,bavli,shabbat,shabbat.sugya804:65
1394,214,Directed,2,1,encounter,bavli,shabbat,shabbat.sugya904:1
1394,977,Directed,2,1,encounter,bavli,shevuot,shevuot.sugya143:25
478,1395,Directed,2,1,encounter,bavli,sotah,sotah.sugya204:15
1986,1395,Directed,2,1,encounter,bavli,sukkah,sukkah.sugya041:51
1423,2465,Directed,2,1,encounter,bavli,shabbat,shabbat.sugya553:10
1427,1823,Directed,2,1,encounter,bavli,kiddushin,kiddushin.sugya273:131
1457,2465,Directed,2,1,encounter,bavli,chullin,chullin.sugya159:3
1464,2518,Directed,2,1,encounter,bavli,ketubot,ketubot.sugya170:31
1467,1508,Directed,2,1,encounter,bavli,bava_batra,bava_batra.sugya243:10
977,1468,Directed,2,1,encounter,bavli,berakhot,berakhot.sugya476:16
2852,1508,Directed,2,1,encounter,bavli,bava_metzia,bava_metzia.sugya357:222
1508,829,Directed,2,1,encounter,bavli,ketubot,ketubot.sugya478:35
1508,2491,Directed,2,1,encounter,bavli,menachot,menachot.sugya095:141
1508,1657,Directed,2,1,encounter,bavli,niddah,niddah.sugya354:4
1508,2830,Directed,2,1,encounter,bavli,niddah,niddah.sugya354:5
1508,1889,Directed,2,1,encounter,bavli,shabbat,shabbat.sugya192:142
2582,1512,Directed,2,2,encounter,bavli,nazir;yevamot,nazir.sugya124:36
1527,2546,Directed,2,1,encounter,bavli,bekhorot,bekhorot.sugya172:57
1527,2856,Directed,2,2,encounter,bavli,chagigah;nazir,chagigah.sugya060:163
2856,1527,Directed,2,2,encounter,bavli,chagigah;nazir,chagigah.sugya060:164
1577,1527,Directed,2,1,encounter,bavli,chagigah,chagigah.sugya006:41
489,1527,Directed,2,1,encounter,bavli,chagigah,chagigah.sugya006:42
1593,1527,Directed,2,2,encounter,bavli,eruvin,eruvin.sugya016:52
2205,1527,Directed,2,1,encounter,bavli,temurah,temurah.sugya061:121
851,1527,Directed,2,1,encounter,bavli,yevamot,yevamot.sugya015:149
1527,851,Directed,2,1,encounter,bavli,yevamot,yevamot.sugya015:150
1922,1544,Directed,2,2,encounter,bavli,chullin;yoma,chullin.sugya112:50
1544,1922,Directed,2,2,encounter,bavli,chullin;yoma,chullin.sugya112:51
1716,1544,Directed,2,1,encounter,bavli,chullin,chullin.sugya172:60
2830,1544,Directed,2,1,encounter,bavli,ketubot,ketubot.sugya342:44
2898,1552,Directed,2,1,encounter,bavli,sanhedrin,sanhedrin.sugya514:15
2991,1570,Directed,2,1,encounter,bavli,avodah_zarah,avodah_zarah.sugya105:108
1570,2991,Directed,2,1,encounter,bavli,avodah_zarah,avodah_zarah.sugya105:44
1764,1570,Directed,2,1,encounter,bavli,avodah_zarah,avodah_zarah.sugya259:139
2582,1570,Directed,2,1,encounter,bavli,bava_batra,bava_batra.sugya048:152
1570,2763,Directed,2,2,encounter,bavli,bava_metzia;moed_katan,bava_metzia.sugya397:38
2938,1570,Directed,2,1,encounter,bavli,horayot,horayot.sugya059:14
1570,2769,Directed,2,1,encounter,bavli,megillah,megillah.sugya115:39
1570,338,Directed,2,1,encounter,bavli,rosh_hashanah,rosh_hashanah.sugya038:132
241,1570,Directed,2,1,encounter,bavli,sanhedrin,sanhedrin.sugya035:50
1689,1570,Directed,2,2,encounter,bavli,sanhedrin;yevamot,sanhedrin.sugya166:18
2518,1570,Directed,2,1,encounter,bavli,yevamot,yevamot.sugya427:21
571,1570,Directed,2,1,encounter,bavli,yevamot,yevamot.sugya215:12
1854,1570,Directed,2,1,encounter,bavli,yevamot,yevamot.sugya372:22
2852,1577,Directed,2,1,encounter,bavli,rosh_hashanah,rosh_hashanah.sugya130:21
1581,475,Directed,2,1,encounter,bavli,yevamot,yevamot.sugya015:122
1583,2260,Directed,2,1,encounter,bavli,bava_batra,bava_batra.sugya034:115
1583,1745,Directed,2,1,encounter,bavli,chagigah,chagigah.sugya060:140
800,1583,Directed,2,2,encounter,bavli,rosh_hashanah,rosh_hashanah.sugya113:3
2075,1615,Directed,2,1,encounter,bavli,taanit,taanit.sugya099:165
2888,1624,Directed,2,1,encounter,bavli,chullin,chullin.sugya201:30
2852,1657,Directed,2,1,encounter,bavli,pesachim,pesachim.sugya377:30
571,1663,Directed,2,1,encounter,bavli,taanit,taanit.sugya099:44
2870,1670,Directed,2,1,encounter,bavli,bava_metzia,bava_metzia.sugya357:113
1689,467,Directed,2,1,encounter,bavli,niddah,niddah.sugya097:77
467,1689,Directed,2,1,encounter,bavli,niddah,niddah.sugya097:79
322,1710,Directed,2,1,encounter,bavli,gittin,gittin.sugya032:20
1710,859,Directed,2,1,encounter,bavli,gittin,gittin.sugya032:22
1710,322,Directed,2,1,encounter,bavli,gittin,gittin.sugya032:25
417,1725,Directed,2,1,encounter,bavli,eruvin,eruvin.sugya021:3
789,1742,Directed,2,1,encounter,bavli,eruvin,eruvin.sugya210:1
1745,59,Directed,2,1,encounter,bavli,rosh_hashanah,rosh_hashanah.sugya029:59
1764,2668,Directed,2,1,encounter,bavli,bava_metzia,bava_metzia.sugya101:19
2398,1764,Directed,2,1,encounter,bavli,chullin,chullin.sugya390:80
1764,2398,Directed,2,1,encounter,bavli,chullin,chullin.sugya390:81
913,1764,Directed,2,1,encounter,bavli,eruvin,eruvin.sugya039:0
1781,1764,Directed,2,2,encounter,bavli,eruvin;yevamot,eruvin.sugya336:6
1764,2781,Directed,2,2,encounter,bavli,kiddushin;niddah,kiddushin.sugya098:6
1764,2594,Directed,2,2,encounter,bavli,niddah;shabbat,niddah.sugya111:61
1764,2624,Directed,2,2,encounter,bavli,shabbat;yevamot,shabbat.sugya719:0
2173,1764,Directed,2,1,encounter,bavli,shabbat,shabbat.sugya564:12
2205,1764,Directed,2,1,encounter,bavli,sotah,sotah.sugya064:30
1771,92,Directed,2,2,encounter,bavli,shabbat;yoma,shabbat.sugya683:97
1772,2582,Directed,2,1,encounter,bavli,bava_metzia,bava_metzia.sugya266:12
2518,1781,Directed,2,2,encounter,bavli,arakhin;gittin,arakhin.sugya141:22
1797,2684,Directed,2,1,encounter,bavli,sanhedrin,sanhedrin.sugya428:2
1802,2285,Directed,2,1,encounter,bavli,bava_kamma,bava_kamma.sugya201:0
787,1802,Directed,2,1,encounter,bavli,chullin,chullin.sugya256:22
1802,787,Directed,2,1,encounter,bavli,chullin,chullin.sugya256:24
514,1804,Directed,2,1,encounter,bavli,bava_kamma,bava_kamma.sugya322:4
1807,535,Directed,2,1,encounter,bavli,chullin,chullin.sugya312:11
2824,1814,Directed,2,1,encounter,bavli,bava_batra,bava_batra.sugya376:35
468,1823,Directed,2,1,encounter,bavli,kiddushin,kiddushin.sugya273:130
1823,468,Directed,2,1,encounter,bavli,kiddushin,kiddushin.sugya273:68
2898,1823,Directed,2,1,encounter,bavli,sanhedrin,sanhedrin.sugya097:15
1823,2898,Directed,2,1,encounter,bavli,sanhedrin,sanhedrin.sugya097:17
1840,2582,Directed,2,1,encounter,bavli,eruvin,eruvin.sugya022:12
2578,1840,Directed,2,1,encounter,bavli,sanhedrin,sanhedrin.sugya351:11
1840,2578,Directed,2,1,encounter,bavli,sanhedrin,sanhedrin.sugya351:7
2581,1854,Directed,2,1,encounter,bavli,sanhedrin,sanhedrin.sugya496:366
6,1885,Directed,2,1,encounter,bavli,bava_batra,bava_batra.sugya514:46
1885,534,Directed,2,1,encounter,bavli,bava_kamma,bava_kamma.sugya266:10
495,1885,Directed,2,1,encounter,bavli,yoma,yoma.sugya155:104
1890,92,Directed,2,1,encounter,bavli,bava_batra,bava_batra.sugya295:3
2582,1890,Directed,2,1,encounter,bavli,sanhedrin,sanhedrin.sugya291:44
1952,1915,Directed,2,2,encounter,bavli,avodah_zarah;chullin,avodah_zarah.sugya121:9
1915,6,Directed,2,1,encounter,bavli,bava_batra,bava_batra.sugya516:30
2285,1932,Directed,2,2,encounter,bavli,chullin;menachot,chullin.sugya143:118
895,194,Directed,2,2,encounter,bavli,bava_kamma;nazir,bava_kamma.sugya328:9
194,2518,Directed,2,1,encounter,bavli,chullin,chullin.sugya392:16
2285,194,Directed,2,2,encounter,bavli,menachot;shabbat,menachot.sugya102:140
917,194,Directed,2,1,encounter,bavli,nedarim,nedarim.sugya046:42
1952,535,Directed,2,2,encounter,bavli,chullin;gittin,chullin.sugya034:68
535,1952,Directed,2,2,encounter,bavli,chullin;gittin,chullin.sugya034:69
1952,495,Directed,2,2,encounter,bavli,chullin;gittin,chullin.sugya124:11
1952,895,Directed,2,2,encounter,bavli,gittin;shabbat,gittin.sugya027:6
1952,867,Directed,2,2,encounter,bavli,pesachim;yoma,pesachim.sugya200:27
1954,895,Directed,2,1,encounter,bavli,bava_batra,bava_batra.sugya210:16
2578,1954,Directed,2,2,encounter,bavli,berakhot;eruvin,berakhot.sugya217:26
6,1954,Directed,2,1,encounter,bavli,chullin,chullin.sugya172:24
911,1954,Directed,2,1,encounter,bavli,chullin,chullin.sugya277:125
1954,2938,Directed,2,1,encounter,bavli,niddah,niddah.sugya356:27
495,1975,Directed,2,2,encounter,bavli,nedarim,nedarim.sugya193:2
1979,434,Directed,2,2,encounter,bavli,avodah_zarah;berakhot,avodah_zarah.sugya094:20
1979,2885,Directed,2,2,encounter,bavli,bava_batra;ketubot,bava_batra.sugya530:1
465,1979,Directed,2,2,encounter,bavli,berakhot;moed_katan,berakhot.sugya087:3
2068,1979,Directed,2,1,encounter,bavli,eruvin,eruvin.sugya025:28
2004,2578,Directed,2,1,encounter,bavli,shabbat,shabbat.sugya936:11
201,571,Directed,2,1,encounter,bavli,chullin,chullin.sugya214:13
2763,2032,Directed,2,2,encounter,bavli,berakhot;menachot,berakhot.sugya151:35
2032,2938,Directed,2,1,encounter,bavli,chullin,chullin.sugya398:28
2938,2032,Directed,2,1,encounter,bavli,chullin,chullin.sugya398:31
2578,2032,Directed,2,2,encounter,bavli,ketubot;nedarim,ketubot.sugya166:1
467,2068,Directed,2,1,encounter,bavli,gittin,gittin.sugya029:56
2068,467,Directed,2,1,encounter,bavli,gittin,gittin.sugya029:57
2068,2852,Directed,2,1,encounter,bavli,horayot,horayot.sugya091:15
2852,2068,Directed,2,1,encounter,bavli,horayot,horayot.sugya091:17
2068,2846,Directed,2,2,encounter,bavli,menachot;shabbat,menachot.sugya091:117
2518,2068,Directed,2,1,encounter,bavli,menachot,menachot.sugya091:253
2129,911,Directed,2,1,encounter,bavli,gittin,gittin.sugya213:19
267,2139,Directed,2,1,encounter,bavli,chullin,chullin.sugya079:0
2139,267,Directed,2,1,encounter,bavli,chullin,chullin.sugya079:1
2161,2156,Directed,2,1,encounter,bavli,berakhot,berakhot.sugya204:31
571,2156,Directed,2,2,encounter,bavli,chullin;eruvin,chullin.sugya290:14
2156,2763,Directed,2,1,encounter,bavli,eruvin,eruvin.sugya449:14
2156,2647,Directed,2,2,encounter,bavli,gittin;pesachim,gittin.sugya004:106
2647,2161,Directed,2,2,encounter,bavli,bava_batra,bava_batra.sugya201:12
2161,2647,Directed,2,2,encounter,bavli,bava_batra,bava_batra.sugya201:13
284,2161,Directed,2,1,encounter,bavli,chullin,chullin.sugya110:159
827,2161,Directed,2,1,encounter,bavli,ketubot,ketubot.sugya247:30
2161,2285,Directed,2,1,encounter,bavli,menachot,menachot.sugya095:177
2173,2161,Directed,2,1,encounter,bavli,shabbat,shabbat.sugya227:116
2285,2165,Directed,2,2,encounter,bavli,sanhedrin;sotah,sanhedrin.sugya285:100
2165,2285,Directed,2,2,encounter,bavli,sanhedrin;sotah,sanhedrin.sugya285:99
571,2168,Directed,2,1,encounter,bavli,bava_metzia,bava_metzia.sugya279:19
2168,571,Directed,2,1,encounter,bavli,pesachim,pesachim.sugya380:172
2173,2582,Directed,2,1,encounter,bavli,shabbat,shabbat.sugya564:11
2174,993,Directed,2,2,encounter,bavli,chullin;keritot,chullin.sugya333:11
993,2174,Directed,2,2,encounter,bavli,chullin;keritot,chullin.sugya333:12
571,2174,Directed,2,2,encounter,bavli,zevachim,zevachim.sugya080:7
2198,297,Directed,2,1,encounter,bavli,chullin,chullin.sugya122:33
2216,535,Directed,2,1,encounter,bavli,kiddushin,kiddushin.sugya237:22
2221,2830,Directed,2,2,encounter,bavli,meilah;yoma,meilah.sugya056:12
2830,2221,Directed,2,2,encounter,bavli,meilah;yoma,meilah.sugya056:13
571,2225,Directed,2,1,encounter,bavli,zevachim,zevachim.sugya079:33
571,2237,Directed,2,1,encounter,bavli,bava_batra,bava_batra.sugya468:129
2465,2266,Directed,2,1,encounter,bavli,zevachim,zevachim.sugya409:4
2465,2269,Directed,2,2,encounter,bavli,yevamot,yevamot.sugya484:27
227,2646,Directed,2,2,encounter,bavli,bava_kamma;menachot,bava_kamma.sugya465:26
2445,2285,Directed,2,2,encounter,bavli,bava_batra;bekhorot,bava_batra.sugya488:61
2285,2763,Directed,2,1,encounter,bavli,bava_batra,bava_batra.sugya156:10
289,2285,Directed,2,1,encounter,bavli,bava_kamma,bava_kamma.sugya460:18
2285,289,Directed,2,1,encounter,bavli,bava_kamma,bava_kamma.sugya460:20
286,2285,Directed,2,1,encounter,bavli,bava_kamma,bava_kamma.sugya147:20
2285,281,Directed,2,1,encounter,bavli,chullin,chullin.sugya390:102
2688,2285,Directed,2,1,encounter,bavli,ketubot,ketubot.sugya440:66
2442,2285,Directed,2,2,encounter,bavli,megillah;pesachim,megillah.sugya052:184
2285,2601,Directed,2,1,encounter,bavli,sanhedrin,sanhedrin.sugya189:29
2647,2285,Directed,2,1,encounter,bavli,yoma,yoma.sugya274:16
977,2285,Directed,2,1,encounter,bavli,zevachim,zevachim.sugya367:15
229,495,Directed,2,1,encounter,bavli,chullin,chullin.sugya128:135
2582,229,Directed,2,1,encounter,bavli,shabbat,shabbat.sugya207:121
229,2582,Directed,2,1,encounter,bavli,shabbat,shabbat.sugya207:122
229,2409,Directed,2,1,encounter,bavli,shabbat,shabbat.sugya207:126
2296,2298,Directed,2,1,encounter,bavli,taanit,taanit.sugya082:11
2298,2696,Directed,2,1,encounter,bavli,yoma,yoma.sugya047:56
230,895,Directed,2,1,encounter,bavli,beitzah,beitzah.sugya090:0
895,230,Directed,2,1,encounter,bavli,beitzah,beitzah.sugya090:1
230,2594,Directed,2,1,encounter,bavli,pesachim,pesachim.sugya158:22
230,2518,Directed,2,1,encounter,bavli,sanhedrin,sanhedrin.sugya311:47
2518,230,Directed,2,1,encounter,bavli,sanhedrin,sanhedrin.sugya311:49
2852,2330,Directed,2,1,encounter,bavli,horayot,horayot.sugya091:27
2578,2334,Directed,2,1,encounter,bavli,chullin,chullin.sugya118:13
239,2581,Directed,2,2,encounter,bavli,bava_metzia;bekhorot,bava_metzia.sugya007:16
2582,239,Directed,2,2,encounter,bavli,berakhot;zevachim,berakhot.sugya127:3
239,2409,Directed,2,2,encounter,bavli,gittin;zevachim,gittin.sugya040:22
2596,2398,Directed,2,2,encounter,bavli,bava_metzia,bava_metzia.sugya125:3
2398,2596,Directed,2,1,encounter,bavli,bava_metzia,bava_metzia.sugya126:0
2578,2398,Directed,2,1,encounter,bavli,pesachim,pesachim.sugya198:100
2398,2578,Directed,2,1,encounter,bavli,pesachim,pesachim.sugya198:104
2399,2518,Directed,2,1,encounter,bavli,bava_batra,bava_batra.sugya033:58
571,2409,Directed,2,1,encounter,bavli,gittin,gittin.sugya135:139
241,485,Directed,2,1,encounter,bavli,keritot,keritot.sugya026:5
485,241,Directed,2,1,encounter,bavli,keritot,keritot.sugya026:6
2417,2582,Directed,2,2,encounter,bavli,megillah,megillah.sugya110:1
2423,467,Directed,2,1,encounter,bavli,gittin,gittin.sugya004:78
467,2423,Directed,2,1,encounter,bavli,gittin,gittin.sugya004:79
2453,2423,Directed,2,2,encounter,bavli,ketubot,ketubot.sugya288:105
2763,2423,Directed,2,1,encounter,bavli,moed_katan,moed_katan.sugya077:170
2423,283,Directed,2,1,encounter,bavli,shabbat,shabbat.sugya837:15
2430,571,Directed,2,2,encounter,bavli,beitzah;shabbat,beitzah.sugya194:20
2440,2582,Directed,2,2,encounter,bavli,bava_metzia;gittin,bava_metzia.sugya389:112
2465,2912,Directed,2,1,encounter,bavli,bava_kamma,bava_kamma.sugya396:20
2531,2465,Directed,2,1,encounter,bavli,berakhot,berakhot.sugya487:1
2465,2531,Directed,2,1,encounter,bavli,berakhot,berakhot.sugya487:2
2465,2888,Directed,2,2,encounter,bavli,berakhot;horayot,berakhot.sugya490:4
851,2465,Directed,2,1,encounter,bavli,yevamot,yevamot.sugya015:153
2508,2830,Directed,2,1,encounter,bavli,shabbat,shabbat.sugya167:119
2830,2508,Directed,2,1,encounter,bavli,shabbat,shabbat.sugya167:120
2646,2518,Directed,2,2,encounter,bavli,bava_metzia;zevachim,bava_metzia.sugya305:4
2581,2518,Directed,2,1,encounter,bavli,bekhorot,bekhorot.sugya300:74
2518,2581,Directed,2,2,encounter,bavli,bekhorot;chullin,bekhorot.sugya300:75
2518,2631,Directed,2,1,encounter,bavli,berakhot,berakhot.sugya180:13
2579,2518,Directed,2,1,encounter,bavli,eruvin,eruvin.sugya131:25
2518,993,Directed,2,2,encounter,bavli,gittin;zevachim,gittin.sugya414:0
2809,2518,Directed,2,1,encounter,bavli,keritot,keritot.sugya144:10
2533,2518,Directed,2,2,encounter,bavli,ketubot,ketubot.sugya003:222
2518,2533,Directed,2,2,encounter,bavli,ketubot,ketubot.sugya003:223
2518,2763,Directed,2,1,encounter,bavli,menachot,menachot.sugya091:251
2523,2735,Directed,2,1,encounter,bavli,ketubot,ketubot.sugya116:12
829,2546,Directed,2,1,encounter,bavli,bekhorot,bekhorot.sugya172:60
2578,977,Directed,2,2,encounter,bavli,eruvin;meilah,eruvin.sugya210:12
2582,2578,Directed,2,1,encounter,bavli,ketubot,ketubot.sugya003:188
2681,2578,Directed,2,1,encounter,bavli,ketubot,ketubot.sugya397:14
2578,2861,Directed,2,1,encounter,bavli,moed_katan,moed_katan.sugya038:108
2720,2578,Directed,2,1,encounter,bavli,yoma,yoma.sugya041:17
2578,2720,Directed,2,1,encounter,bavli,yoma,yoma.sugya041:18
2716,2581,Directed,2,1,encounter,bavli,bava_kamma,bava_kamma.sugya213:0
977,2581,Directed,2,2,encounter,bavli,bava_metzia;sanhedrin,bava_metzia.sugya007:17
2581,977,Directed,2,2,encounter,bavli,bava_metzia;sanhedrin,bava_metzia.sugya007:21
2581,49,Directed,2,1,encounter,bavli,gittin,gittin.sugya132:103
49,2581,Directed,2,1,encounter,bavli,gittin,gittin.sugya132:109
2582,913,Directed,2,2,encounter,bavli,avodah_zarah;nedarim,avodah_zarah.sugya159:18
926,2582,Directed,2,1,encounter,bavli,avodah_zarah,avodah_zarah.sugya241:55
2582,926,Directed,2,1,encounter,bavli,avodah_zarah,avodah_zarah.sugya241:56
2610,2582,Directed,2,2,encounter,bavli,avodah_zarah;pesachim,avodah_zarah.sugya265:3
66,2582,Directed,2,1,encounter,bavli,bava_batra,bava_batra.sugya069:117
2582,2742,Directed,2,1,encounter,bavli,bava_kamma,bava_kamma.sugya115:10
2582,2716,Directed,2,1,encounter,bavli,bava_metzia,bava_metzia.sugya473:114
2716,2582,Directed,2,2,encounter,bavli,bava_metzia;keritot,bava_metzia.sugya473:115
928,2582,Directed,2,1,encounter,bavli,bekhorot,bekhorot.sugya384:49
391,2582,Directed,2,2,encounter,bavli,eruvin;pesachim,eruvin.sugya457:0
2582,391,Directed,2,1,encounter,bavli,pesachim,pesachim.sugya333:14
2582,2788,Directed,2,1,encounter,bavli,yoma,yoma.sugya009:60
386,2582,Directed,2,1,encounter,bavli,zevachim,zevachim.sugya437:37
467,2594,Directed,2,2,encounter,bavli,bava_batra;gittin,bava_batra.sugya249:10
2594,535,Directed,2,1,encounter,bavli,chullin,chullin.sugya308:186
2594,2763,Directed,2,1,encounter,bavli,chullin,chullin.sugya123:29
2763,2594,Directed,2,1,encounter,bavli,chullin,chullin.sugya123:30
66,2596,Directed,2,1,encounter,bavli,shabbat,shabbat.sugya683:33
2596,66,Directed,2,1,encounter,bavli,shabbat,shabbat.sugya683:35
2616,2596,Directed,2,1,encounter,bavli,yevamot,yevamot.sugya054:28
571,2634,Directed,2,1,encounter,bavli,bava_batra,bava_batra.sugya398:60
2646,2938,Directed,2,1,encounter,bavli,bekhorot,bekhorot.sugya052:12
2647,514,Directed,2,2,encounter,bavli,arakhin;shevuot,arakhin.sugya137:71
2647,417,Directed,2,1,encounter,bavli,arakhin,arakhin.sugya172:59
296,2647,Directed,2,2,encounter,bavli,bava_batra;kiddushin,bava_batra.sugya402:32
2647,296,Directed,2,2,encounter,bavli,bava_batra;kiddushin,bava_batra.sugya402:33
2647,2763,Directed,2,1,encounter,bavli,bava_kamma,bava_kamma.sugya425:23
2681,2763,Directed,2,1,encounter,bavli,ketubot,ketubot.sugya397:15
2690,571,Directed,2,2,encounter,bavli,gittin;ketubot,gittin.sugya141:47
571,270,Directed,2,2,encounter,bavli,bava_kamma;chullin,bava_kamma.sugya307:9
2739,2891,Directed,2,1,encounter,bavli,berakhot,berakhot.sugya077:20
2891,2739,Directed,2,1,encounter,bavli,berakhot,berakhot.sugya077:21
6,2763,Directed,2,1,encounter,bavli,bava_batra,bava_batra.sugya516:34
2763,2952,Directed,2,1,encounter,bavli,bava_batra,bava_batra.sugya033:127
2769,6,Directed,2,1,encounter,bavli,bava_kamma,bava_kamma.sugya016:0
6,2795,Directed,2,1,encounter,bavli,sukkah,sukkah.sugya002:70
2795,6,Directed,2,1,encounter,bavli,sukkah,sukkah.sugya002:71
829,2814,Directed,2,1,encounter,bavli,sanhedrin,sanhedrin.sugya028:3
686,2830,Directed,2,1,encounter,bavli,meilah,meilah.sugya056:22
2830,686,Directed,2,1,encounter,bavli,meilah,meilah.sugya056:23
467,2845,Directed,2,2,encounter,bavli,bava_batra;bekhorot,bava_batra.sugya276:20
2898,2943,Directed,2,1,encounter,bavli,berakhot,berakhot.sugya152:22
2938,547,Directed,2,2,encounter,bavli,bava_batra;nedarim,bava_batra.sugya398:87
2938,895,Directed,2,2,encounter,bavli,bava_batra;zevachim,bava_batra.sugya290:37
895,2938,Directed,2,2,encounter,bavli,bava_batra;ketubot,bava_batra.sugya290:38
2938,808,Directed,2,1,encounter,bavli,eruvin,eruvin.sugya017:12
2938,66,Directed,2,1,encounter,bavli,gittin,gittin.sugya276:16
571,306,Directed,2,1,encounter,bavli,menachot,menachot.sugya008:36
467,31,Directed,2,1,encounter,bavli,megillah,megillah.sugya017:118
495,34,Directed,2,1,encounter,bavli,chullin,chullin.sugya254:32
343,918,Directed,2,2,encounter,bavli,pesachim;yevamot,pesachim.sugya076:26
417,368,Directed,2,2,encounter,bavli,pesachim;sukkah,pesachim.sugya091:24
368,450,Directed,2,1,encounter,bavli,pesachim,pesachim.sugya093:13
571,417,Directed,2,1,encounter,bavli,menachot,menachot.sugya095:161
465,417,Directed,2,1,encounter,bavli,sanhedrin,sanhedrin.sugya506:36
417,953,Directed,2,1,encounter,bavli,sanhedrin,sanhedrin.sugya362:28
467,417,Directed,2,1,encounter,bavli,zevachim,zevachim.sugya006:112
451,489,Directed,2,1,encounter,bavli,pesachim,pesachim.sugya072:17
489,451,Directed,2,1,encounter,bavli,pesachim,pesachim.sugya072:18
851,465,Directed,2,1,encounter,bavli,yevamot,yevamot.sugya015:151
47,467,Directed,2,1,encounter,bavli,ketubot,ketubot.sugya523:60
467,47,Directed,2,1,encounter,bavli,ketubot,ketubot.sugya523:63
467,534,Directed,2,1,encounter,bavli,kiddushin,kiddushin.sugya124:69
927,467,Directed,2,1,encounter,bavli,pesachim,pesachim.sugya042:157
548,477,Directed,2,1,encounter,bavli,menachot,menachot.sugya051:33
895,495,Directed,2,1,encounter,bavli,bava_batra,bava_batra.sugya039:27
495,895,Directed,2,1,encounter,bavli,bava_batra,bava_batra.sugya039:28
495,6,Directed,2,2,encounter,bavli,bava_batra;shevuot,bava_batra.sugya118:11
92,495,Directed,2,1,encounter,bavli,chullin,chullin.sugya003:159
827,514,Directed,2,1,encounter,bavli,ketubot,ketubot.sugya247:29
571,534,Directed,2,2,encounter,bavli,bekhorot;zevachim,bekhorot.sugya172:42
92,535,Directed,2,1,encounter,bavli,chullin,chullin.sugya003:160
723,535,Directed,2,1,encounter,bavli,gittin,gittin.sugya003:28
6,535,Directed,2,1,encounter,bavli,gittin,gittin.sugya331:0
571,977,Directed,2,1,encounter,bavli,beitzah,beitzah.sugya103:29
571,867,Directed,2,1,encounter,bavli,gittin,gittin.sugya135:144
6,92,Directed,2,2,encounter,bavli,ketubot;sanhedrin,ketubot.sugya391:43
66,913,Directed,2,1,encounter,bavli,eruvin,eruvin.sugya092:102
895,820,Directed,2,1,encounter,bavli,berakhot,berakhot.sugya392:14
820,895,Directed,2,1,encounter,bavli,berakhot,berakhot.sugya392:15
867,92,Directed,2,1,encounter,bavli,pesachim,pesachim.sugya074:137
1009,2465,Directed,1,1,encounter,bavli,avodah_zarah,avodah_zarah.sugya233:18
2465,1009,Directed,1,1,encounter,bavli,avodah_zarah,avodah_zarah.sugya233:19
1009,1508,Directed,1,1,encounter,bavli,bava_batra,bava_batra.sugya490:4
1012,2518,Directed,1,1,encounter,bavli,pesachim,pesachim.sugya389:3
2518,1012,Directed,1,1,encounter,bavli,pesachim,pesachim.sugya389:4
1017,861,Directed,1,1,encounter,bavli,avodah_zarah,avodah_zarah.sugya159:37
1017,2445,Directed,1,1,encounter,bavli,bava_metzia,bava_metzia.sugya029:4
1094,1017,Directed,1,1,encounter,bavli,berakhot,berakhot.sugya290:1
1017,149,Directed,1,1,encounter,bavli,chullin,chullin.sugya352:13
1017,2582,Directed,1,1,encounter,bavli,chullin,chullin.sugya382:22
2582,1017,Directed,1,1,encounter,bavli,chullin,chullin.sugya074:10
1017,1932,Directed,1,1,encounter,bavli,chullin,chullin.sugya074:57
1017,2091,Directed,1,1,encounter,bavli,chullin,chullin.sugya126:13
2091,1017,Directed,1,1,encounter,bavli,chullin,chullin.sugya126:14
1017,2839,Directed,1,1,encounter,bavli,chullin,chullin.sugya290:23
1017,1832,Directed,1,1,encounter,bavli,eruvin,eruvin.sugya318:28
1017,1544,Directed,1,1,encounter,bavli,gittin,gittin.sugya135:75
99,1017,Directed,1,1,encounter,bavli,gittin,gittin.sugya373:17
297,1017,Directed,1,1,encounter,bavli,niddah,niddah.sugya051:41
467,1017,Directed,1,1,encounter,bavli,niddah,niddah.sugya200:50
1017,2478,Directed,1,1,encounter,bavli,niddah,niddah.sugya014:57
1017,368,Directed,1,1,encounter,bavli,niddah,niddah.sugya024:33
1017,2795,Directed,1,1,encounter,bavli,pesachim,pesachim.sugya253:21
1017,1814,Directed,1,1,encounter,bavli,shabbat,shabbat.sugya710:19
1814,1017,Directed,1,1,encounter,bavli,shabbat,shabbat.sugya710:21
2891,1017,Directed,1,1,encounter,bavli,shabbat,shabbat.sugya275:16
977,1017,Directed,1,1,encounter,bavli,zevachim,zevachim.sugya373:66
1017,977,Directed,1,1,encounter,bavli,zevachim,zevachim.sugya373:67
1018,2581,Directed,1,1,encounter,bavli,chullin,chullin.sugya120:7
1764,1018,Directed,1,1,encounter,bavli,pesachim,pesachim.sugya089:121
1022,2423,Directed,1,1,encounter,bavli,ketubot,ketubot.sugya401:17
1043,467,Directed,1,1,encounter,bavli,bava_batra,bava_batra.sugya294:2
1043,2237,Directed,1,1,encounter,bavli,chullin,chullin.sugya162:11
1043,1088,Directed,1,1,encounter,bavli,shabbat,shabbat.sugya951:34
1088,1043,Directed,1,1,encounter,bavli,shabbat,shabbat.sugya951:35
6,1046,Directed,1,1,encounter,bavli,bava_batra,bava_batra.sugya413:25
495,1046,Directed,1,1,encounter,bavli,chullin,chullin.sugya120:18
1046,599,Directed,1,1,encounter,bavli,menachot,menachot.sugya401:17
599,1046,Directed,1,1,encounter,bavli,menachot,menachot.sugya401:18
1046,2398,Directed,1,1,encounter,bavli,taanit,taanit.sugya099:27
92,1046,Directed,1,1,encounter,bavli,yevamot,yevamot.sugya148:15
1075,1441,Directed,1,1,encounter,bavli,sanhedrin,sanhedrin.sugya214:2
1441,1075,Directed,1,1,encounter,bavli,sanhedrin,sanhedrin.sugya214:4
1088,1640,Directed,1,1,encounter,bavli,avodah_zarah,avodah_zarah.sugya137:77
1624,1088,Directed,1,1,encounter,bavli,berakhot,berakhot.sugya150:2
1986,1088,Directed,1,1,encounter,bavli,eruvin,eruvin.sugya318:23
2896,1088,Directed,1,1,encounter,bavli,sanhedrin,sanhedrin.sugya028:8
1088,2594,Directed,1,1,encounter,bavli,sanhedrin,sanhedrin.sugya008:81
1814,1088,Directed,1,1,encounter,bavli,yevamot,yevamot.sugya353:58
2582,1091,Directed,1,1,encounter,bavli,berakhot,berakhot.sugya121:2
1624,1091,Directed,1,1,encounter,bavli,gittin,gittin.sugya132:57
1091,1624,Directed,1,1,encounter,bavli,gittin,gittin.sugya132:58
1091,1544,Directed,1,1,encounter,bavli,kiddushin,kiddushin.sugya115:18
1544,1091,Directed,1,1,encounter,bavli,kiddushin,kiddushin.sugya115:19
6,1091,Directed,1,1,encounter,bavli,menachot,menachot.sugya217:19
1091,535,Directed,1,1,encounter,bavli,shabbat,shabbat.sugya878:2
1094,913,Directed,1,1,encounter,bavli,berakhot,berakhot.sugya245:8
2938,1094,Directed,1,1,encounter,bavli,eruvin,eruvin.sugya281:37
1094,2285,Directed,1,1,encounter,bavli,gittin,gittin.sugya135:108
1094,1764,Directed,1,1,encounter,bavli,sanhedrin,sanhedrin.sugya452:2
1764,1094,Directed,1,1,encounter,bavli,sanhedrin,sanhedrin.sugya452:3
1094,283,Directed,1,1,encounter,bavli,shabbat,shabbat.sugya837:21
1094,1570,Directed,1,1,encounter,bavli,temurah,temurah.sugya084:2
1570,1094,Directed,1,1,encounter,bavli,temurah,temurah.sugya085:0
1101,2285,Directed,1,1,encounter,bavli,ketubot,ketubot.sugya170:57
2578,1102,Directed,1,1,encounter,bavli,eruvin,eruvin.sugya195:22
1108,2879,Directed,1,1,encounter,bavli,sanhedrin,sanhedrin.sugya140:11
1108,1570,Directed,1,1,encounter,bavli,sanhedrin,sanhedrin.sugya140:30
1570,1108,Directed,1,1,encounter,bavli,sanhedrin,sanhedrin.sugya140:32
1113,2578,Directed,1,1,encounter,bavli,chullin,chullin.sugya143:124
1113,2879,Directed,1,1,encounter,bavli,temurah,temurah.sugya019:8
1127,895,Directed,1,1,encounter,bavli,bekhorot,bekhorot.sugya086:3
1127,2285,Directed,1,1,encounter,bavli,niddah,niddah.sugya298:11
2285,1127,Directed,1,1,encounter,bavli,niddah,niddah.sugya298:7
1146,1624,Directed,1,1,encounter,bavli,bava_batra,bava_batra.sugya401:6
1164,1345,Directed,1,1,encounter,bavli,nazir,nazir.sugya074:5
2705,1164,Directed,1,1,encounter,bavli,sanhedrin,sanhedrin.sugya282:3
1164,2705,Directed,1,1,encounter,bavli,sanhedrin,sanhedrin.sugya282:4
239,1173,Directed,1,1,encounter,bavli,ketubot,ketubot.sugya243:4
1175,2763,Directed,1,1,encounter,bavli,bava_kamma,bava_kamma.sugya443:59
2763,1175,Directed,1,1,encounter,bavli,bava_kamma,bava_kamma.sugya443:61
1192,2938,Directed,1,1,encounter,bavli,sukkah,sukkah.sugya199:58
2285,1197,Directed,1,1,encounter,bavli,chullin,chullin.sugya031:58
1197,1345,Directed,1,1,encounter,bavli,zevachim,zevachim.sugya433:1
1345,1197,Directed,1,1,encounter,bavli,zevachim,zevachim.sugya433:3
1208,571,Directed,1,1,encounter,bavli,eruvin,eruvin.sugya218:27
571,1208,Directed,1,1,encounter,bavli,eruvin,eruvin.sugya218:28
2601,121,Directed,1,1,encounter,bavli,bava_batra,bava_batra.sugya380:14
2254,121,Directed,1,1,encounter,bavli,bava_batra,bava_batra.sugya413:56
2632,121,Directed,1,1,encounter,bavli,bava_batra,bava_batra.sugya116:5
121,2527,Directed,1,1,encounter,bavli,bava_kamma,bava_kamma.sugya370:5
121,1832,Directed,1,1,encounter,bavli,beitzah,beitzah.sugya002:283
121,1885,Directed,1,1,encounter,bavli,beitzah,beitzah.sugya002:43
1885,121,Directed,1,1,encounter,bavli,beitzah,beitzah.sugya002:44
121,239,Directed,1,1,encounter,bavli,bekhorot,bekhorot.sugya246:45
1915,121,Directed,1,1,encounter,bavli,berakhot,berakhot.sugya345:12
723,121,Directed,1,1,encounter,bavli,berakhot,berakhot.sugya444:7
121,2716,Directed,1,1,encounter,bavli,chagigah,chagigah.sugya092:1
121,1807,Directed,1,1,encounter,bavli,chullin,chullin.sugya312:5
2406,121,Directed,1,1,encounter,bavli,chullin,chullin.sugya134:10
1840,121,Directed,1,1,encounter,bavli,eruvin,eruvin.sugya256:49
121,1840,Directed,1,1,encounter,bavli,eruvin,eruvin.sugya256:50
2224,121,Directed,1,1,encounter,bavli,ketubot,ketubot.sugya086:119
2206,121,Directed,1,1,encounter,bavli,kiddushin,kiddushin.sugya128:10
121,2206,Directed,1,1,encounter,bavli,kiddushin,kiddushin.sugya128:8
388,121,Directed,1,1,encounter,bavli,kiddushin,kiddushin.sugya296:90
2417,121,Directed,1,1,encounter,bavli,megillah,megillah.sugya131:1
121,2417,Directed,1,1,encounter,bavli,megillah,megillah.sugya132:0
2170,121,Directed,1,1,encounter,bavli,menachot,menachot.sugya461:1
121,2170,Directed,1,1,encounter,bavli,menachot,menachot.sugya461:2
121,2618,Directed,1,1,encounter,bavli,menachot,menachot.sugya057:6
121,368,Directed,1,1,encounter,bavli,menachot,menachot.sugya067:7
2670,121,Directed,1,1,encounter,bavli,nazir,nazir.sugya055:8
194,121,Directed,1,1,encounter,bavli,niddah,niddah.sugya101:84
1913,121,Directed,1,1,encounter,bavli,pesachim,pesachim.sugya380:83
121,1913,Directed,1,1,encounter,bavli,pesachim,pesachim.sugya380:84
297,121,Directed,1,1,encounter,bavli,pesachim,pesachim.sugya129:71
121,2409,Directed,1,1,encounter,bavli,sanhedrin,sanhedrin.sugya166:27
121,535,Directed,1,1,encounter,bavli,shabbat,shabbat.sugya804:1
535,121,Directed,1,1,encounter,bavli,shabbat,shabbat.sugya804:2
121,219,Directed,1,1,encounter,bavli,shabbat,shabbat.sugya837:3
121,2225,Directed,1,1,encounter,bavli,shabbat,shabbat.sugya005:1
2225,121,Directed,1,1,encounter,bavli,shabbat,shabbat.sugya005:2
121,2173,Directed,1,1,encounter,bavli,shabbat,shabbat.sugya564:10
121,1979,Directed,1,1,encounter,bavli,sotah,sotah.sugya007:64
121,571,Directed,1,1,encounter,bavli,sukkah,sukkah.sugya069:3
121,92,Directed,1,1,encounter,bavli,sukkah,sukkah.sugya006:62
1385,121,Directed,1,1,encounter,bavli,temurah,temurah.sugya123:10
1212,571,Directed,1,1,encounter,bavli,bava_batra,bava_batra.sugya090:47
1570,1212,Directed,1,1,encounter,bavli,berakhot,berakhot.sugya022:33
1212,1814,Directed,1,1,encounter,bavli,chullin,chullin.sugya333:4
2839,1212,Directed,1,1,encounter,bavli,ketubot,ketubot.sugya054:9
1212,1624,Directed,1,1,encounter,bavli,ketubot,ketubot.sugya154:41
1624,1212,Directed,1,1,encounter,bavli,ketubot,ketubot.sugya154:42
2075,1212,Directed,1,1,encounter,bavli,moed_katan,moed_katan.sugya089:105
1212,829,Directed,1,1,encounter,bavli,nazir,nazir.sugya102:45
829,1212,Directed,1,1,encounter,bavli,nazir,nazir.sugya102:46
1814,1213,Directed,1,1,encounter,bavli,ketubot,ketubot.sugya187:13
1213,2582,Directed,1,1,encounter,bavli,niddah,niddah.sugya346:73
2647,1213,Directed,1,1,encounter,bavli,niddah,niddah.sugya346:74
1213,2581,Directed,1,1,encounter,bavli,shevuot,shevuot.sugya172:26
2581,1213,Directed,1,1,encounter,bavli,shevuot,shevuot.sugya172:29
2518,1235,Directed,1,1,encounter,bavli,berakhot,berakhot.sugya451:24
1235,2518,Directed,1,1,encounter,bavli,berakhot,berakhot.sugya451:26
514,1261,Directed,1,1,encounter,bavli,beitzah,beitzah.sugya103:42
2398,1275,Directed,1,1,encounter,bavli,gittin,gittin.sugya098:19
411,1275,Directed,1,1,encounter,bavli,ketubot,ketubot.sugya342:52
1279,2578,Directed,1,1,encounter,bavli,niddah,niddah.sugya344:21
1287,2581,Directed,1,1,encounter,bavli,shabbat,shabbat.sugya775:29
1345,129,Directed,1,1,encounter,bavli,avodah_zarah,avodah_zarah.sugya044:0
2443,129,Directed,1,1,encounter,bavli,shevuot,shevuot.sugya105:30
2763,13,Directed,1,1,encounter,bavli,rosh_hashanah,rosh_hashanah.sugya038:65
1305,571,Directed,1,1,encounter,bavli,gittin,gittin.sugya377:5
92,131,Directed,1,1,encounter,bavli,kiddushin,kiddushin.sugya124:50
1345,1318,Directed,1,1,encounter,bavli,avodah_zarah,avodah_zarah.sugya029:10
1327,571,Directed,1,1,encounter,bavli,beitzah,beitzah.sugya152:4
571,1327,Directed,1,1,encounter,bavli,beitzah,beitzah.sugya152:5
2183,1345,Directed,1,1,encounter,bavli,arakhin,arakhin.sugya129:37
1876,1345,Directed,1,1,encounter,bavli,bava_batra,bava_batra.sugya098:0
1345,1876,Directed,1,1,encounter,bavli,bava_batra,bava_batra.sugya099:0
1345,343,Directed,1,1,encounter,bavli,bava_batra,bava_batra.sugya117:2
2631,1345,Directed,1,1,encounter,bavli,bava_kamma,bava_kamma.sugya440:9
867,1345,Directed,1,1,encounter,bavli,bava_metzia,bava_metzia.sugya199:14
284,1345,Directed,1,1,encounter,bavli,bava_metzia,bava_metzia.sugya361:1
1345,284,Directed,1,1,encounter,bavli,bava_metzia,bava_metzia.sugya361:2
283,1345,Directed,1,1,encounter,bavli,chullin,chullin.sugya306:39
1345,283,Directed,1,1,encounter,bavli,chullin,chullin.sugya306:41
842,1345,Directed,1,1,encounter,bavli,gittin,gittin.sugya112:19
1345,2596,Directed,1,1,encounter,bavli,gittin,gittin.sugya141:105
1345,66,Directed,1,1,encounter,bavli,gittin,gittin.sugya004:101
171,1345,Directed,1,1,encounter,bavli,gittin,gittin.sugya004:48
1345,2296,Directed,1,1,encounter,bavli,moed_katan,moed_katan.sugya097:35
1345,913,Directed,1,1,encounter,bavli,moed_katan,moed_katan.sugya040:3
312,1345,Directed,1,1,encounter,bavli,pesachim,pesachim.sugya263:12
1345,312,Directed,1,1,encounter,bavli,pesachim,pesachim.sugya263:16
1345,292,Directed,1,1,encounter,bavli,shabbat,shabbat.sugya269:3
2627,1345,Directed,1,1,encounter,bavli,shabbat,shabbat.sugya473:18
1345,2627,Directed,1,1,encounter,bavli,shabbat,shabbat.sugya473:19
1345,2527,Directed,1,1,encounter,bavli,sotah,sotah.sugya205:16
1345,571,Directed,1,1,encounter,bavli,taanit,taanit.sugya125:2
2646,1351,Directed,1,1,encounter,bavli,bava_metzia,bava_metzia.sugya193:72
1351,2646,Directed,1,1,encounter,bavli,bava_metzia,bava_metzia.sugya193:73
1362,139,Directed,1,1,encounter,bavli,shabbat,shabbat.sugya572:36
139,1362,Directed,1,1,encounter,bavli,shabbat,shabbat.sugya572:37
2472,1378,Directed,1,1,encounter,bavli,gittin,gittin.sugya212:80
1378,2472,Directed,1,1,encounter,bavli,gittin,gittin.sugya212:81
2920,1383,Directed,1,1,encounter,bavli,menachot,menachot.sugya091:76
1383,2920,Directed,1,1,encounter,bavli,menachot,menachot.sugya091:77
1465,1383,Directed,1,1,encounter,bavli,menachot,menachot.sugya189:1
1383,1465,Directed,1,1,encounter,bavli,menachot,menachot.sugya189:2
1383,1979,Directed,1,1,encounter,bavli,moed_katan,moed_katan.sugya109:18
1395,1383,Directed,1,1,encounter,bavli,nedarim,nedarim.sugya150:16
1383,484,Directed,1,1,encounter,bavli,yoma,yoma.sugya257:143
484,1383,Directed,1,1,encounter,bavli,yoma,yoma.sugya257:144
1385,467,Directed,1,1,encounter,bavli,sotah,sotah.sugya110:4
1385,1624,Directed,1,1,encounter,bavli,yoma,yoma.sugya179:8
139,1394,Directed,1,1,encounter,bavli,bava_metzia,bava_metzia.sugya450:2
139,2957,Directed,1,1,encounter,bavli,nedarim,nedarim.sugya187:11
1392,917,Directed,1,1,encounter,bavli,eruvin,eruvin.sugya092:1
917,1392,Directed,1,1,encounter,bavli,eruvin,eruvin.sugya092:4
2582,1392,Directed,1,1,encounter,bavli,eruvin,eruvin.sugya254:21
1764,1392,Directed,1,1,encounter,bavli,kiddushin,kiddushin.sugya227:25
1394,2582,Directed,1,1,encounter,bavli,bava_kamma,bava_kamma.sugya438:7
1659,1394,Directed,1,1,encounter,bavli,berakhot,berakhot.sugya089:11
787,1394,Directed,1,1,encounter,bavli,eruvin,eruvin.sugya243:19
1394,787,Directed,1,1,encounter,bavli,eruvin,eruvin.sugya243:21
1394,1953,Directed,1,1,encounter,bavli,gittin,gittin.sugya126:37
1394,1570,Directed,1,1,encounter,bavli,kiddushin,kiddushin.sugya158:91
1570,1394,Directed,1,1,encounter,bavli,kiddushin,kiddushin.sugya158:92
1394,895,Directed,1,1,encounter,bavli,kiddushin,kiddushin.sugya294:23
895,1394,Directed,1,1,encounter,bavli,kiddushin,kiddushin.sugya294:24
1394,2225,Directed,1,1,encounter,bavli,kiddushin,kiddushin.sugya294:71
2225,1394,Directed,1,1,encounter,bavli,kiddushin,kiddushin.sugya294:72
1877,1394,Directed,1,1,encounter,bavli,megillah,megillah.sugya115:19
1394,1877,Directed,1,1,encounter,bavli,megillah,megillah.sugya115:20
977,1394,Directed,1,1,encounter,bavli,shevuot,shevuot.sugya143:24
1394,2938,Directed,1,1,encounter,bavli,yevamot,yevamot.sugya003:125
2938,1394,Directed,1,1,encounter,bavli,yevamot,yevamot.sugya003:128
2686,1394,Directed,1,1,encounter,bavli,yoma,yoma.sugya260:47
1394,2686,Directed,1,1,encounter,bavli,yoma,yoma.sugya260:49
1395,465,Directed,1,1,encounter,bavli,bava_metzia,bava_metzia.sugya261:31
2888,1395,Directed,1,1,encounter,bavli,berakhot,berakhot.sugya490:8
2578,1395,Directed,1,1,encounter,bavli,eruvin,eruvin.sugya179:106
451,1395,Directed,1,1,encounter,bavli,pesachim,pesachim.sugya002:48
1395,451,Directed,1,1,encounter,bavli,pesachim,pesachim.sugya002:49
391,1395,Directed,1,1,encounter,bavli,pesachim,pesachim.sugya333:12
1395,1583,Directed,1,1,encounter,bavli,sukkah,sukkah.sugya154:15
140,6,Directed,1,1,encounter,bavli,chullin,chullin.sugya074:51
2912,1418,Directed,1,1,encounter,bavli,beitzah,beitzah.sugya092:5
417,1428,Directed,1,1,encounter,bavli,eruvin,eruvin.sugya101:11
2582,143,Directed,1,1,encounter,bavli,zevachim,zevachim.sugya323:20
2898,1447,Directed,1,1,encounter,bavli,chagigah,chagigah.sugya066:5
2465,1465,Directed,1,1,encounter,bavli,menachot,menachot.sugya189:3
1468,977,Directed,1,1,encounter,bavli,berakhot,berakhot.sugya476:18
2068,1480,Directed,1,1,encounter,bavli,nazir,nazir.sugya181:4
1570,1492,Directed,1,1,encounter,bavli,bava_batra,bava_batra.sugya383:3
1492,1570,Directed,1,1,encounter,bavli,bava_batra,bava_batra.sugya383:5
2330,1508,Directed,1,1,encounter,bavli,bava_batra,bava_batra.sugya413:41
1508,2330,Directed,1,1,encounter,bavli,bava_batra,bava_batra.sugya413:45
6,1508,Directed,1,1,encounter,bavli,bava_batra,bava_batra.sugya514:53
478,1508,Directed,1,1,encounter,bavli,bava_metzia,bava_metzia.sugya357:93
2881,1508,Directed,1,1,encounter,bavli,beitzah,beitzah.sugya133:13
1508,2508,Directed,1,1,encounter,bavli,chullin,chullin.sugya003:224
2351,1508,Directed,1,1,encounter,bavli,chullin,chullin.sugya172:149
2491,1508,Directed,1,1,encounter,bavli,menachot,menachot.sugya095:140
1508,2852,Directed,1,1,encounter,bavli,niddah,niddah.sugya062:64
1657,1508,Directed,1,1,encounter,bavli,niddah,niddah.sugya354:6
2830,1508,Directed,1,1,encounter,bavli,niddah,niddah.sugya354:7
17,1508,Directed,1,1,encounter,bavli,pesachim,pesachim.sugya379:8
1508,17,Directed,1,1,encounter,bavli,pesachim,pesachim.sugya379:9
1695,1508,Directed,1,1,encounter,bavli,pesachim,pesachim.sugya388:37
1508,2861,Directed,1,1,encounter,bavli,shabbat,shabbat.sugya935:50
2861,1508,Directed,1,1,encounter,bavli,shabbat,shabbat.sugya935:51
1508,371,Directed,1,1,encounter,bavli,taanit,taanit.sugya099:61
371,1508,Directed,1,1,encounter,bavli,taanit,taanit.sugya099:62
1764,1508,Directed,1,1,encounter,bavli,yevamot,yevamot.sugya236:35
1527,1583,Directed,1,1,encounter,bavli,bava_batra,bava_batra.sugya034:67
1527,1593,Directed,1,1,encounter,bavli,eruvin,eruvin.sugya016:51
368,1527,Directed,1,1,encounter,bavli,pesachim,pesachim.sugya091:25
1527,368,Directed,1,1,encounter,bavli,pesachim,pesachim.sugya091:26
1527,2205,Directed,1,1,encounter,bavli,temurah,temurah.sugya061:74
1885,1533,Directed,1,1,encounter,bavli,nazir,nazir.sugya142:23
1533,1885,Directed,1,1,encounter,bavli,nazir,nazir.sugya142:25
467,1544,Directed,1,1,encounter,bavli,berakhot,berakhot.sugya152:0
1544,467,Directed,1,1,encounter,bavli,berakhot,berakhot.sugya152:1
485,1544,Directed,1,1,encounter,bavli,chullin,chullin.sugya165:5
2839,1544,Directed,1,1,encounter,bavli,gittin,gittin.sugya002:149
1544,2839,Directed,1,1,encounter,bavli,gittin,gittin.sugya002:150
1544,2830,Directed,1,1,encounter,bavli,ketubot,ketubot.sugya342:45
478,1556,Directed,1,1,encounter,bavli,bava_metzia,bava_metzia.sugya357:19
157,2938,Directed,1,1,encounter,bavli,yevamot,yevamot.sugya459:6
2617,1570,Directed,1,1,encounter,bavli,bava_batra,bava_batra.sugya532:1
1570,2617,Directed,1,1,encounter,bavli,bava_batra,bava_batra.sugya532:2
1570,687,Directed,1,1,encounter,bavli,bava_batra,bava_batra.sugya171:18
687,1570,Directed,1,1,encounter,bavli,bava_batra,bava_batra.sugya171:19
2594,1570,Directed,1,1,encounter,bavli,bava_kamma,bava_kamma.sugya057:10
6,1570,Directed,1,1,encounter,bavli,beitzah,beitzah.sugya215:11
1657,1570,Directed,1,1,encounter,bavli,berakhot,berakhot.sugya288:15
1570,1657,Directed,1,1,encounter,bavli,berakhot,berakhot.sugya288:18
1952,1570,Directed,1,1,encounter,bavli,chullin,chullin.sugya123:44
2873,1570,Directed,1,1,encounter,bavli,ketubot,ketubot.sugya003:239
1570,2873,Directed,1,1,encounter,bavli,ketubot,ketubot.sugya003:241
1570,1832,Directed,1,1,encounter,bavli,kiddushin,kiddushin.sugya220:19
2830,1570,Directed,1,1,encounter,bavli,kiddushin,kiddushin.sugya275:0
1570,2830,Directed,1,1,encounter,bavli,kiddushin,kiddushin.sugya275:4
2075,1570,Directed,1,1,encounter,bavli,menachot,menachot.sugya056:7
1570,2075,Directed,1,1,encounter,bavli,menachot,menachot.sugya056:8
2596,1570,Directed,1,1,encounter,bavli,menachot,menachot.sugya146:3
2763,1570,Directed,1,1,encounter,bavli,moed_katan,moed_katan.sugya093:17
2865,1570,Directed,1,1,encounter,bavli,sanhedrin,sanhedrin.sugya140:31
1570,2865,Directed,1,1,encounter,bavli,sanhedrin,sanhedrin.sugya140:33
2340,1570,Directed,1,1,encounter,bavli,shabbat,shabbat.sugya582:5
1570,2340,Directed,1,1,encounter,bavli,shabbat,shabbat.sugya582:6
371,1570,Directed,1,1,encounter,bavli,taanit,taanit.sugya080:35
239,1570,Directed,1,1,encounter,bavli,yevamot,yevamot.sugya207:20
417,1583,Directed,1,1,encounter,bavli,bava_batra,bava_batra.sugya034:60
829,1583,Directed,1,1,encounter,bavli,bava_batra,bava_batra.sugya034:70
2260,1583,Directed,1,1,encounter,bavli,bava_batra,bava_batra.sugya034:77
1615,368,Directed,1,1,encounter,bavli,avodah_zarah,avodah_zarah.sugya035:41
368,1615,Directed,1,1,encounter,bavli,avodah_zarah,avodah_zarah.sugya035:42
1615,2075,Directed,1,1,encounter,bavli,nedarim,nedarim.sugya010:20
1624,2368,Directed,1,1,encounter,bavli,bava_metzia,bava_metzia.sugya366:26
2368,1624,Directed,1,1,encounter,bavli,bava_metzia,bava_metzia.sugya366:28
2830,1657,Directed,1,1,encounter,bavli,meilah,meilah.sugya056:19
1657,2231,Directed,1,1,encounter,bavli,nazir,nazir.sugya226:4
1657,2852,Directed,1,1,encounter,bavli,pesachim,pesachim.sugya377:31
1657,2465,Directed,1,1,encounter,bavli,sanhedrin,sanhedrin.sugya219:40
194,1657,Directed,1,1,encounter,bavli,sanhedrin,sanhedrin.sugya433:0
1659,2225,Directed,1,1,encounter,bavli,berakhot,berakhot.sugya089:8
1670,2870,Directed,1,1,encounter,bavli,bava_metzia,bava_metzia.sugya357:114
1679,417,Directed,1,1,encounter,bavli,chagigah,chagigah.sugya006:59
1899,168,Directed,1,1,encounter,bavli,shabbat,shabbat.sugya143:5
2846,1683,Directed,1,1,encounter,bavli,chullin,chullin.sugya172:89
867,1689,Directed,1,1,encounter,bavli,chullin,chullin.sugya290:107
1689,1952,Directed,1,1,encounter,bavli,zevachim,zevachim.sugya389:14
1952,1689,Directed,1,1,encounter,bavli,zevachim,zevachim.sugya389:15
2578,17,Directed,1,1,encounter,bavli,ketubot,ketubot.sugya162:0
17,2578,Directed,1,1,encounter,bavli,ketubot,ketubot.sugya162:2
17,895,Directed,1,1,encounter,bavli,meilah,meilah.sugya013:19
1725,417,Directed,1,1,encounter,bavli,eruvin,eruvin.sugya021:4
1742,789,Directed,1,1,encounter,bavli,eruvin,eruvin.sugya210:0
1742,1979,Directed,1,1,encounter,bavli,moed_katan,moed_katan.sugya109:22
59,1745,Directed,1,1,encounter,bavli,rosh_hashanah,rosh_hashanah.sugya029:57
1745,624,Directed,1,1,encounter,bavli,rosh_hashanah,rosh_hashanah.sugya031:163
2445,1764,Directed,1,1,encounter,bavli,avodah_zarah,avodah_zarah.sugya206:41
1764,2445,Directed,1,1,encounter,bavli,avodah_zarah,avodah_zarah.sugya206:42
1764,881,Directed,1,1,encounter,bavli,bava_batra,bava_batra.sugya069:82
2285,1764,Directed,1,1,encounter,bavli,bava_batra,bava_batra.sugya149:7
911,1764,Directed,1,1,encounter,bavli,bava_kamma,bava_kamma.sugya517:10
1764,911,Directed,1,1,encounter,bavli,bava_kamma,bava_kamma.sugya517:9
2521,1764,Directed,1,1,encounter,bavli,bava_metzia,bava_metzia.sugya473:12
1764,913,Directed,1,1,encounter,bavli,eruvin,eruvin.sugya039:1
600,1764,Directed,1,1,encounter,bavli,eruvin,eruvin.sugya290:0
1764,600,Directed,1,1,encounter,bavli,eruvin,eruvin.sugya290:2
1764,1781,Directed,1,1,encounter,bavli,eruvin,eruvin.sugya336:5
1764,977,Directed,1,1,encounter,bavli,ketubot,ketubot.sugya156:2
977,1764,Directed,1,1,encounter,bavli,ketubot,ketubot.sugya156:3
276,1764,Directed,1,1,encounter,bavli,kiddushin,kiddushin.sugya036:44
1764,276,Directed,1,1,encounter,bavli,kiddushin,kiddushin.sugya036:45
194,1764,Directed,1,1,encounter,bavli,kiddushin,kiddushin.sugya312:5
1764,194,Directed,1,1,encounter,bavli,kiddushin,kiddushin.sugya312:6
207,1764,Directed,1,1,encounter,bavli,pesachim,pesachim.sugya032:83
1764,2165,Directed,1,1,encounter,bavli,sanhedrin,sanhedrin.sugya008:72
2594,1764,Directed,1,1,encounter,bavli,shabbat,shabbat.sugya192:29
1764,2173,Directed,1,1,encounter,bavli,shabbat,shabbat.sugya564:8
1764,2938,Directed,1,1,encounter,bavli,sotah,sotah.sugya018:5
1764,2852,Directed,1,1,encounter,bavli,yevamot,yevamot.sugya236:36
1784,194,Directed,1,1,encounter,bavli,menachot,menachot.sugya013:1
179,2068,Directed,1,1,encounter,bavli,chagigah,chagigah.sugya060:239
2068,179,Directed,1,1,encounter,bavli,chagigah,chagigah.sugya060:240
2285,1802,Directed,1,1,encounter,bavli,bava_kamma,bava_kamma.sugya201:1
1804,2646,Directed,1,1,encounter,bavli,bava_batra,bava_batra.sugya414:64
1807,2582,Directed,1,1,encounter,bavli,bava_batra,bava_batra.sugya033:36
2582,1807,Directed,1,1,encounter,bavli,bava_batra,bava_batra.sugya033:38
1807,2161,Directed,1,1,encounter,bavli,berakhot,berakhot.sugya432:4
1807,2518,Directed,1,1,encounter,bavli,menachot,menachot.sugya091:85
2518,1807,Directed,1,1,encounter,bavli,menachot,menachot.sugya091:87
34,1814,Directed,1,1,encounter,bavli,shabbat,shabbat.sugya710:18
1814,34,Directed,1,1,encounter,bavli,shabbat,shabbat.sugya710:20
1952,1832,Directed,1,1,encounter,bavli,avodah_zarah,avodah_zarah.sugya036:3
495,1832,Directed,1,1,encounter,bavli,avodah_zarah,avodah_zarah.sugya094:76
1832,1915,Directed,1,1,encounter,bavli,avodah_zarah,avodah_zarah.sugya295:14
2582,1840,Directed,1,1,encounter,bavli,eruvin,eruvin.sugya022:10
185,829,Directed,1,1,encounter,bavli,avodah_zarah,avodah_zarah.sugya233:16
829,185,Directed,1,1,encounter,bavli,avodah_zarah,avodah_zarah.sugya233:17
1854,51,Directed,1,1,encounter,bavli,bava_metzia,bava_metzia.sugya180:7
1854,495,Directed,1,1,encounter,bavli,ketubot,ketubot.sugya156:22
1854,535,Directed,1,1,encounter,bavli,ketubot,ketubot.sugya156:23
1869,2646,Directed,1,1,encounter,bavli,ketubot,ketubot.sugya440:18
1877,2582,Directed,1,1,encounter,bavli,chullin,chullin.sugya250:37
2582,1877,Directed,1,1,encounter,bavli,chullin,chullin.sugya250:38
2398,1885,Directed,1,1,encounter,bavli,gittin,gittin.sugya098:20
1885,1975,Directed,1,1,encounter,bavli,nedarim,nedarim.sugya194:1
599,1903,Directed,1,1,encounter,bavli,menachot,menachot.sugya401:16
1903,1952,Directed,1,1,encounter,bavli,zevachim,zevachim.sugya055:30
1915,895,Directed,1,1,encounter,bavli,gittin,gittin.sugya027:3
895,1915,Directed,1,1,encounter,bavli,gittin,gittin.sugya027:4
1932,2285,Directed,1,1,encounter,bavli,chullin,chullin.sugya090:94
2681,1932,Directed,1,1,encounter,bavli,chullin,chullin.sugya090:96
1932,2681,Directed,1,1,encounter,bavli,chullin,chullin.sugya090:98
6,1932,Directed,1,1,encounter,bavli,ketubot,ketubot.sugya048:14
1932,895,Directed,1,1,encounter,bavli,ketubot,ketubot.sugya048:15
194,2581,Directed,1,1,encounter,bavli,arakhin,arakhin.sugya039:3
2581,194,Directed,1,1,encounter,bavli,arakhin,arakhin.sugya039:4
194,2285,Directed,1,1,encounter,bavli,chagigah,chagigah.sugya099:1
982,194,Directed,1,1,encounter,bavli,gittin,gittin.sugya361:7
194,982,Directed,1,1,encounter,bavli,gittin,gittin.sugya361:8
194,92,Directed,1,1,encounter,bavli,sanhedrin,sanhedrin.sugya433:1
571,1952,Directed,1,1,encounter,bavli,bava_batra,bava_batra.sugya494:13
2582,1952,Directed,1,1,encounter,bavli,chullin,chullin.sugya362:75
1952,467,Directed,1,1,encounter,bavli,chullin,chullin.sugya074:46
495,1952,Directed,1,1,encounter,bavli,gittin,gittin.sugya202:21
2285,1952,Directed,1,1,encounter,bavli,temurah,temurah.sugya162:19
1952,2285,Directed,1,1,encounter,bavli,temurah,temurah.sugya162:20
867,1952,Directed,1,1,encounter,bavli,yoma,yoma.sugya200:44
2465,1952,Directed,1,1,encounter,bavli,zevachim,zevachim.sugya191:7
1954,2763,Directed,1,1,encounter,bavli,ketubot,ketubot.sugya526:7
2763,1954,Directed,1,1,encounter,bavli,ketubot,ketubot.sugya526:8
2938,1954,Directed,1,1,encounter,bavli,niddah,niddah.sugya356:29
2465,1971,Directed,1,1,encounter,bavli,nazir,nazir.sugya212:1
1975,495,Directed,1,1,encounter,bavli,nedarim,nedarim.sugya193:1
368,1979,Directed,1,1,encounter,bavli,gittin,gittin.sugya004:41
1979,368,Directed,1,1,encounter,bavli,gittin,gittin.sugya004:45
2578,2003,Directed,1,1,encounter,bavli,berakhot,berakhot.sugya490:11
2398,2005,Directed,1,1,encounter,bavli,pesachim,pesachim.sugya162:30
2005,2398,Directed,1,1,encounter,bavli,pesachim,pesachim.sugya162:32
2006,993,Directed,1,1,encounter,bavli,arakhin,arakhin.sugya019:5
993,2006,Directed,1,1,encounter,bavli,arakhin,arakhin.sugya019:6
2006,2579,Directed,1,1,encounter,bavli,berakhot,berakhot.sugya159:29
2006,2735,Directed,1,1,encounter,bavli,berakhot,berakhot.sugya250:19
2735,2006,Directed,1,1,encounter,bavli,berakhot,berakhot.sugya250:20
2007,2518,Directed,1,1,encounter,bavli,ketubot,ketubot.sugya396:6
2518,2007,Directed,1,1,encounter,bavli,ketubot,ketubot.sugya396:7
2896,2032,Directed,1,1,encounter,bavli,ketubot,ketubot.sugya477:1
895,2034,Directed,1,1,encounter,bavli,megillah,megillah.sugya196:6
2045,6,Directed,1,1,encounter,bavli,shabbat,shabbat.sugya207:169
2045,911,Directed,1,1,encounter,bavli,shabbat,shabbat.sugya207:170
6,2045,Directed,1,1,encounter,bavli,shabbat,shabbat.sugya207:171
911,2045,Directed,1,1,encounter,bavli,shabbat,shabbat.sugya207:172
206,2647,Directed,1,1,encounter,bavli,chullin,chullin.sugya003:91
2647,206,Directed,1,1,encounter,bavli,chullin,chullin.sugya003:93
789,2068,Directed,1,1,encounter,bavli,avodah_zarah,avodah_zarah.sugya056:116
2879,2068,Directed,1,1,encounter,bavli,bava_kamma,bava_kamma.sugya443:111
2627,2068,Directed,1,1,encounter,bavli,chagigah,chagigah.sugya060:229
2582,2068,Directed,1,1,encounter,bavli,chullin,chullin.sugya212:93
2068,2330,Directed,1,1,encounter,bavli,horayot,horayot.sugya091:12
417,2068,Directed,1,1,encounter,bavli,nazir,nazir.sugya181:5
2068,417,Directed,1,1,encounter,bavli,nazir,nazir.sugya181:6
2465,2068,Directed,1,1,encounter,bavli,yevamot,yevamot.sugya531:33
2068,2465,Directed,1,1,encounter,bavli,yevamot,yevamot.sugya531:34
2647,207,Directed,1,1,encounter,bavli,shevuot,shevuot.sugya061:16
207,2285,Directed,1,1,encounter,bavli,zevachim,zevachim.sugya006:90
207,2938,Directed,1,1,encounter,bavli,zevachim,zevachim.sugya006:91
2646,207,Directed,1,1,encounter,bavli,zevachim,zevachim.sugya358:49
21,2581,Directed,1,1,encounter,bavli,menachot,menachot.sugya277:23
2132,2582,Directed,1,1,encounter,bavli,chullin,chullin.sugya128:39
2582,2132,Directed,1,1,encounter,bavli,chullin,chullin.sugya128:41
2135,571,Directed,1,1,encounter,bavli,sukkah,sukkah.sugya021:11
2156,2161,Directed,1,1,encounter,bavli,berakhot,berakhot.sugya204:34
239,2156,Directed,1,1,encounter,bavli,chullin,chullin.sugya172:148
2156,571,Directed,1,1,encounter,bavli,eruvin,eruvin.sugya449:7
2156,2518,Directed,1,1,encounter,bavli,sanhedrin,sanhedrin.sugya417:19
2518,2156,Directed,1,1,encounter,bavli,sanhedrin,sanhedrin.sugya417:20
571,2158,Directed,1,1,encounter,bavli,chullin,chullin.sugya124:35
2160,2298,Directed,1,1,encounter,bavli,shabbat,shabbat.sugya633:7
2298,2160,Directed,1,1,encounter,bavli,shabbat,shabbat.sugya633:8
2198,2161,Directed,1,1,encounter,bavli,pesachim,pesachim.sugya377:10
2165,926,Directed,1,1,encounter,bavli,bekhorot,bekhorot.sugya358:34
2165,2398,Directed,1,1,encounter,bavli,chullin,chullin.sugya282:60
2398,2165,Directed,1,1,encounter,bavli,chullin,chullin.sugya282:61
571,2166,Directed,1,1,encounter,bavli,bava_batra,bava_batra.sugya403:16
2173,514,Directed,1,1,encounter,bavli,shabbat,shabbat.sugya227:77
2173,2556,Directed,1,1,encounter,bavli,shabbat,shabbat.sugya229:5
2582,2173,Directed,1,1,encounter,bavli,shabbat,shabbat.sugya564:6
2173,2647,Directed,1,1,encounter,bavli,shevuot,shevuot.sugya172:46
2173,411,Directed,1,1,encounter,bavli,yoma,yoma.sugya163:9
2174,2518,Directed,1,1,encounter,bavli,berakhot,berakhot.sugya186:8
2518,2174,Directed,1,1,encounter,bavli,berakhot,berakhot.sugya186:9
2174,571,Directed,1,1,encounter,bavli,zevachim,zevachim.sugya080:8
2533,2187,Directed,1,1,encounter,bavli,chullin,chullin.sugya110:101
2497,2205,Directed,1,1,encounter,bavli,sanhedrin,sanhedrin.sugya445:24
2205,2497,Directed,1,1,encounter,bavli,sanhedrin,sanhedrin.sugya445:25
2206,2533,Directed,1,1,encounter,bavli,yevamot,yevamot.sugya031:11
2646,2206,Directed,1,1,encounter,bavli,yevamot,yevamot.sugya116:15
2206,2646,Directed,1,1,encounter,bavli,yevamot,yevamot.sugya116:17
467,222,Directed,1,1,encounter,bavli,sanhedrin,sanhedrin.sugya494:81
2221,465,Directed,1,1,encounter,bavli,yoma,yoma.sugya303:14
465,2221,Directed,1,1,encounter,bavli,yoma,yoma.sugya303:15
6,2225,Directed,1,1,encounter,bavli,berakhot,berakhot.sugya089:7
2225,6,Directed,1,1,encounter,bavli,berakhot,berakhot.sugya089:9
2225,2763,Directed,1,1,encounter,bavli,makkot,makkot.sugya010:28
2225,571,Directed,1,1,encounter,bavli,zevachim,zevachim.sugya079:35
2266,2581,Directed,1,1,encounter,bavli,yevamot,yevamot.sugya403:6
2266,2465,Directed,1,1,encounter,bavli,zevachim,zevachim.sugya409:5
2277,2582,Directed,1,1,encounter,bavli,beitzah,beitzah.sugya142:26
2285,2445,Directed,1,1,encounter,bavli,bava_batra,bava_batra.sugya488:60
2285,495,Directed,1,1,encounter,bavli,berakhot,berakhot.sugya386:21
495,2285,Directed,1,1,encounter,bavli,berakhot,berakhot.sugya386:22
6,2285,Directed,1,1,encounter,bavli,eruvin,eruvin.sugya296:5
2285,6,Directed,1,1,encounter,bavli,eruvin,eruvin.sugya296:7
2285,2578,Directed,1,1,encounter,bavli,ketubot,ketubot.sugya180:3
2285,2688,Directed,1,1,encounter,bavli,ketubot,ketubot.sugya440:67
2285,571,Directed,1,1,encounter,bavli,kiddushin,kiddushin.sugya016:5
2285,2364,Directed,1,1,encounter,bavli,nedarim,nedarim.sugya055:107
2285,2527,Directed,1,1,encounter,bavli,shabbat,shabbat.sugya270:2
2285,2398,Directed,1,1,encounter,bavli,shabbat,shabbat.sugya375:2
2285,977,Directed,1,1,encounter,bavli,zevachim,zevachim.sugya367:23
2289,2518,Directed,1,1,encounter,bavli,taanit,taanit.sugya099:87
2296,2581,Directed,1,1,encounter,bavli,gittin,gittin.sugya346:7
2581,2296,Directed,1,1,encounter,bavli,gittin,gittin.sugya346:9
297,2298,Directed,1,1,encounter,bavli,avodah_zarah,avodah_zarah.sugya002:114
571,2298,Directed,1,1,encounter,bavli,bava_metzia,bava_metzia.sugya443:22
602,2298,Directed,1,1,encounter,bavli,berakhot,berakhot.sugya031:6
2298,602,Directed,1,1,encounter,bavli,berakhot,berakhot.sugya031:9
2518,2298,Directed,1,1,encounter,bavli,keritot,keritot.sugya028:5
2298,2681,Directed,1,1,encounter,bavli,yevamot,yevamot.sugya128:2
230,2596,Directed,1,1,encounter,bavli,chullin,chullin.sugya366:21
2596,230,Directed,1,1,encounter,bavli,chullin,chullin.sugya366:23
2304,571,Directed,1,1,encounter,bavli,kiddushin,kiddushin.sugya339:15
571,2304,Directed,1,1,encounter,bavli,kiddushin,kiddushin.sugya339:16
2763,2316,Directed,1,1,encounter,bavli,bava_batra,bava_batra.sugya376:11
2330,2361,Directed,1,1,encounter,bavli,ketubot,ketubot.sugya164:5
2361,2330,Directed,1,1,encounter,bavli,ketubot,ketubot.sugya164:6
2341,2582,Directed,1,1,encounter,bavli,moed_katan,moed_katan.sugya089:88
2341,2646,Directed,1,1,encounter,bavli,sanhedrin,sanhedrin.sugya161:61
6,2361,Directed,1,1,encounter,bavli,ketubot,ketubot.sugya364:2
2361,6,Directed,1,1,encounter,bavli,ketubot,ketubot.sugya364:3
2647,2383,Directed,1,1,encounter,bavli,zevachim,zevachim.sugya054:9
571,2384,Directed,1,1,encounter,bavli,menachot,menachot.sugya067:15
2398,239,Directed,1,1,encounter,bavli,beitzah,beitzah.sugya216:4
2581,239,Directed,1,1,encounter,bavli,bekhorot,bekhorot.sugya061:7
467,239,Directed,1,1,encounter,bavli,bekhorot,bekhorot.sugya348:4
239,2582,Directed,1,1,encounter,bavli,berakhot,berakhot.sugya127:0
2578,239,Directed,1,1,encounter,bavli,chullin,chullin.sugya138:41
535,239,Directed,1,1,encounter,bavli,menachot,menachot.sugya003:63
6,239,Directed,1,1,encounter,bavli,sukkah,sukkah.sugya041:110
2879,239,Directed,1,1,encounter,bavli,yevamot,yevamot.sugya207:21
239,2879,Directed,1,1,encounter,bavli,yevamot,yevamot.sugya207:22
2409,239,Directed,1,1,encounter,bavli,zevachim,zevachim.sugya088:30
868,2398,Directed,1,1,encounter,bavli,arakhin,arakhin.sugya091:96
304,2398,Directed,1,1,encounter,bavli,bava_batra,bava_batra.sugya512:24
2398,2406,Directed,1,1,encounter,bavli,chullin,chullin.sugya134:3
2398,92,Directed,1,1,encounter,bavli,gittin,gittin.sugya098:18
2398,903,Directed,1,1,encounter,bavli,pesachim,pesachim.sugya162:31
903,2398,Directed,1,1,encounter,bavli,pesachim,pesachim.sugya162:35
283,2398,Directed,1,1,encounter,bavli,shabbat,shabbat.sugya837:30
2398,283,Directed,1,1,encounter,bavli,shabbat,shabbat.sugya837:31
2399,2646,Directed,1,1,encounter,bavli,bava_batra,bava_batra.sugya018:22
2518,2399,Directed,1,1,encounter,bavli,bava_batra,bava_batra.sugya033:59
2402,2582,Directed,1,1,encounter,bavli,berakhot,berakhot.sugya128:0
2582,2402,Directed,1,1,encounter,bavli,berakhot,berakhot.sugya128:3
2406,2646,Directed,1,1,encounter,bavli,ketubot,ketubot.sugya463:3
2409,2788,Directed,1,1,encounter,bavli,bava_kamma,bava_kamma.sugya144:4
368,2409,Directed,1,1,encounter,bavli,berakhot,berakhot.sugya073:21
2594,2409,Directed,1,1,encounter,bavli,pesachim,pesachim.sugya167:11
2409,571,Directed,1,1,encounter,bavli,sanhedrin,sanhedrin.sugya147:50
2409,2596,Directed,1,1,encounter,bavli,shabbat,shabbat.sugya959:3
2596,2409,Directed,1,1,encounter,bavli,shabbat,shabbat.sugya959:5
2409,2618,Directed,1,1,encounter,bavli,yevamot,yevamot.sugya284:69
2582,2417,Directed,1,1,encounter,bavli,megillah,megillah.sugya111:1
895,2423,Directed,1,1,encounter,bavli,moed_katan,moed_katan.sugya089:121
743,2423,Directed,1,1,encounter,bavli,shabbat,shabbat.sugya641:39
2445,2582,Directed,1,1,encounter,bavli,bava_kamma,bava_kamma.sugya459:22
2582,2445,Directed,1,1,encounter,bavli,bava_kamma,bava_kamma.sugya459:24
2445,2581,Directed,1,1,encounter,bavli,bava_metzia,bava_metzia.sugya043:2
2581,2445,Directed,1,1,encounter,bavli,bava_metzia,bava_metzia.sugya043:3
2684,2445,Directed,1,1,encounter,bavli,eruvin,eruvin.sugya445:0
2445,2684,Directed,1,1,encounter,bavli,eruvin,eruvin.sugya445:1
2453,895,Directed,1,1,encounter,bavli,ketubot,ketubot.sugya288:96
2465,659,Directed,1,1,encounter,bavli,ketubot,ketubot.sugya243:17
659,2465,Directed,1,1,encounter,bavli,ketubot,ketubot.sugya243:18
467,2478,Directed,1,1,encounter,bavli,berakhot,berakhot.sugya088:16
2497,2763,Directed,1,1,encounter,bavli,moed_katan,moed_katan.sugya079:42
571,2502,Directed,1,1,encounter,bavli,zevachim,zevachim.sugya010:10
2502,571,Directed,1,1,encounter,bavli,zevachim,zevachim.sugya010:11
2518,2586,Directed,1,1,encounter,bavli,bava_batra,bava_batra.sugya069:92
571,2518,Directed,1,1,encounter,bavli,bava_batra,bava_batra.sugya253:41
2518,2578,Directed,1,1,encounter,bavli,bava_metzia,bava_metzia.sugya240:34
2518,2646,Directed,1,1,encounter,bavli,bava_metzia,bava_metzia.sugya305:7
903,2518,Directed,1,1,encounter,bavli,berakhot,berakhot.sugya357:6
2518,903,Directed,1,1,encounter,bavli,berakhot,berakhot.sugya357:7
2518,92,Directed,1,1,encounter,bavli,chagigah,chagigah.sugya060:48
2676,2518,Directed,1,1,encounter,bavli,megillah,megillah.sugya155:24
2518,2676,Directed,1,1,encounter,bavli,megillah,megillah.sugya155:25
2636,2518,Directed,1,1,encounter,bavli,nazir,nazir.sugya107:7
977,2518,Directed,1,1,encounter,bavli,niddah,niddah.sugya113:11
600,2518,Directed,1,1,encounter,bavli,niddah,niddah.sugya113:12
2518,977,Directed,1,1,encounter,bavli,niddah,niddah.sugya113:8
2839,2518,Directed,1,1,encounter,bavli,pesachim,pesachim.sugya198:86
2518,2839,Directed,1,1,encounter,bavli,pesachim,pesachim.sugya198:87
2518,913,Directed,1,1,encounter,bavli,sanhedrin,sanhedrin.sugya474:17
270,2518,Directed,1,1,encounter,bavli,shabbat,shabbat.sugya011:16
297,2518,Directed,1,1,encounter,bavli,shevuot,shevuot.sugya187:22
2533,600,Directed,1,1,encounter,bavli,eruvin,eruvin.sugya092:69
2533,918,Directed,1,1,encounter,bavli,ketubot,ketubot.sugya217:36
918,2533,Directed,1,1,encounter,bavli,ketubot,ketubot.sugya217:42
475,2546,Directed,1,1,encounter,bavli,pesachim,pesachim.sugya089:69
2578,2596,Directed,1,1,encounter,bavli,bava_batra,bava_batra.sugya431:14
2808,2578,Directed,1,1,encounter,bavli,bava_batra,bava_batra.sugya033:23
312,2578,Directed,1,1,encounter,bavli,chullin,chullin.sugya321:25
2578,312,Directed,1,1,encounter,bavli,chullin,chullin.sugya321:26
2578,301,Directed,1,1,encounter,bavli,gittin,gittin.sugya031:39
977,2578,Directed,1,1,encounter,bavli,meilah,meilah.sugya031:3
2938,2578,Directed,1,1,encounter,bavli,niddah,niddah.sugya356:25
2578,571,Directed,1,1,encounter,bavli,shabbat,shabbat.sugya207:20
571,2581,Directed,1,1,encounter,bavli,bava_kamma,bava_kamma.sugya495:13
2581,2795,Directed,1,1,encounter,bavli,bava_kamma,bava_kamma.sugya158:11
2581,2716,Directed,1,1,encounter,bavli,bava_kamma,bava_kamma.sugya213:1
2581,2594,Directed,1,1,encounter,bavli,gittin,gittin.sugya040:30
2594,2581,Directed,1,1,encounter,bavli,gittin,gittin.sugya040:32
2581,2596,Directed,1,1,encounter,bavli,yevamot,yevamot.sugya072:8
2582,57,Directed,1,1,encounter,bavli,avodah_zarah,avodah_zarah.sugya125:3
57,2582,Directed,1,1,encounter,bavli,avodah_zarah,avodah_zarah.sugya125:4
297,2582,Directed,1,1,encounter,bavli,bava_kamma,bava_kamma.sugya178:11
304,2582,Directed,1,1,encounter,bavli,bava_kamma,bava_kamma.sugya428:0
2582,938,Directed,1,1,encounter,bavli,bava_metzia,bava_metzia.sugya187:136
2582,2795,Directed,1,1,encounter,bavli,megillah,megillah.sugya035:4
2582,2735,Directed,1,1,encounter,bavli,menachot,menachot.sugya047:12
2735,2582,Directed,1,1,encounter,bavli,menachot,menachot.sugya047:9
2582,2614,Directed,1,1,encounter,bavli,nazir,nazir.sugya134:31
927,2582,Directed,1,1,encounter,bavli,nedarim,nedarim.sugya018:5
2582,927,Directed,1,1,encounter,bavli,nedarim,nedarim.sugya018:6
2582,368,Directed,1,1,encounter,bavli,niddah,niddah.sugya064:19
2781,2582,Directed,1,1,encounter,bavli,niddah,niddah.sugya160:35
2582,2781,Directed,1,1,encounter,bavli,niddah,niddah.sugya160:36
913,2582,Directed,1,1,encounter,bavli,sanhedrin,sanhedrin.sugya474:15
2582,534,Directed,1,1,encounter,bavli,shabbat,shabbat.sugya549:13
490,2582,Directed,1,1,encounter,bavli,taanit,taanit.sugya099:79
2934,2582,Directed,1,1,encounter,bavli,yevamot,yevamot.sugya469:15
2582,2934,Directed,1,1,encounter,bavli,yevamot,yevamot.sugya469:16
2582,286,Directed,1,1,encounter,bavli,yevamot,yevamot.sugya380:1
286,2582,Directed,1,1,encounter,bavli,yevamot,yevamot.sugya380:3
2788,2582,Directed,1,1,encounter,bavli,yoma,yoma.sugya009:59
881,2586,Directed,1,1,encounter,bavli,bava_batra,bava_batra.sugya069:79
918,2586,Directed,1,1,encounter,bavli,bava_batra,bava_batra.sugya069:93
2593,343,Directed,1,1,encounter,bavli,bava_metzia,bava_metzia.sugya025:47
2594,495,Directed,1,1,encounter,bavli,chullin,chullin.sugya308:85
2625,2596,Directed,1,1,encounter,bavli,chullin,chullin.sugya366:24
2596,2625,Directed,1,1,encounter,bavli,chullin,chullin.sugya366:26
895,261,Directed,1,1,encounter,bavli,chullin,chullin.sugya126:4
2613,2800,Directed,1,1,encounter,bavli,bava_kamma,bava_kamma.sugya415:19
6,2613,Directed,1,1,encounter,bavli,sanhedrin,sanhedrin.sugya506:14
2613,6,Directed,1,1,encounter,bavli,sanhedrin,sanhedrin.sugya506:16
2617,895,Directed,1,1,encounter,bavli,bava_kamma,bava_kamma.sugya108:0
895,2617,Directed,1,1,encounter,bavli,bava_kamma,bava_kamma.sugya108:1
602,2618,Directed,1,1,encounter,bavli,eruvin,eruvin.sugya012:4
2646,263,Directed,1,1,encounter,bavli,bava_kamma,bava_kamma.sugya146:41
263,2646,Directed,1,1,encounter,bavli,shabbat,shabbat.sugya008:2
918,2631,Directed,1,1,encounter,bavli,berakhot,berakhot.sugya180:17
571,2636,Directed,1,1,encounter,bavli,bava_metzia,bava_metzia.sugya292:47
2665,2646,Directed,1,1,encounter,bavli,bava_batra,bava_batra.sugya018:17
2938,2646,Directed,1,1,encounter,bavli,bekhorot,bekhorot.sugya052:13
2646,2934,Directed,1,1,encounter,bavli,shabbat,shabbat.sugya804:71
514,2647,Directed,1,1,encounter,bavli,arakhin,arakhin.sugya137:73
924,2647,Directed,1,1,encounter,bavli,bava_batra,bava_batra.sugya290:66
2647,924,Directed,1,1,encounter,bavli,bava_batra,bava_batra.sugya290:67
2647,2828,Directed,1,1,encounter,bavli,chullin,chullin.sugya031:51
2690,2647,Directed,1,1,encounter,bavli,gittin,gittin.sugya025:20
2647,867,Directed,1,1,encounter,bavli,gittin,gittin.sugya135:151
2647,2879,Directed,1,1,encounter,bavli,pesachim,pesachim.sugya043:55
2647,2681,Directed,1,1,encounter,bavli,zevachim,zevachim.sugya158:17
2676,895,Directed,1,1,encounter,bavli,megillah,megillah.sugya155:26
895,2676,Directed,1,1,encounter,bavli,megillah,megillah.sugya155:27
2684,895,Directed,1,1,encounter,bavli,shabbat,shabbat.sugya823:4
895,2684,Directed,1,1,encounter,bavli,shabbat,shabbat.sugya823:5
571,2690,Directed,1,1,encounter,bavli,ketubot,ketubot.sugya436:45
270,571,Directed,1,1,encounter,bavli,bava_kamma,bava_kamma.sugya307:7
270,286,Directed,1,1,encounter,bavli,ketubot,ketubot.sugya326:65
286,270,Directed,1,1,encounter,bavli,ketubot,ketubot.sugya326:73
2705,2763,Directed,1,1,encounter,bavli,sanhedrin,sanhedrin.sugya496:345
2763,2705,Directed,1,1,encounter,bavli,sanhedrin,sanhedrin.sugya496:346
386,2705,Directed,1,1,encounter,bavli,taanit,taanit.sugya099:81
2705,386,Directed,1,1,encounter,bavli,taanit,taanit.sugya099:82
2729,571,Directed,1,1,encounter,bavli,moed_katan,moed_katan.sugya059:55
571,2729,Directed,1,1,encounter,bavli,moed_katan,moed_katan.sugya059:57
2735,2879,Directed,1,1,encounter,bavli,ketubot,ketubot.sugya116:13
98,2763,Directed,1,1,encounter,bavli,bava_metzia,bava_metzia.sugya025:53
2763,467,Directed,1,1,encounter,bavli,chullin,chullin.sugya317:11
304,2763,Directed,1,1,encounter,bavli,menachot,menachot.sugya010:180
6,2769,Directed,1,1,encounter,bavli,bava_kamma,bava_kamma.sugya016:5
514,2788,Directed,1,1,encounter,bavli,gittin,gittin.sugya135:147
2795,895,Directed,1,1,encounter,bavli,eruvin,eruvin.sugya144:38
895,2795,Directed,1,1,encounter,bavli,eruvin,eruvin.sugya144:39
2814,829,Directed,1,1,encounter,bavli,sanhedrin,sanhedrin.sugya028:2
2839,2879,Directed,1,1,encounter,bavli,chullin,chullin.sugya352:6
2879,2839,Directed,1,1,encounter,bavli,chullin,chullin.sugya352:7
34,2852,Directed,1,1,encounter,bavli,chullin,chullin.sugya128:93
2865,2879,Directed,1,1,encounter,bavli,sanhedrin,sanhedrin.sugya140:12
2891,467,Directed,1,1,encounter,bavli,shabbat,shabbat.sugya152:4
485,2896,Directed,1,1,encounter,bavli,berakhot,berakhot.sugya110:7
2896,485,Directed,1,1,encounter,bavli,berakhot,berakhot.sugya110:9
417,2898,Directed,1,1,encounter,bavli,sanhedrin,sanhedrin.sugya270:2
2923,6,Directed,1,1,encounter,bavli,niddah,niddah.sugya380:58
6,2923,Directed,1,1,encounter,bavli,niddah,niddah.sugya380:59
2938,514,Directed,1,1,encounter,bavli,chullin,chullin.sugya308:109
977,2938,Directed,1,1,encounter,bavli,sanhedrin,sanhedrin.sugya179:13
2938,917,Directed,1,1,encounter,bavli,shabbat,shabbat.sugya117:5
294,6,Directed,1,1,encounter,bavli,shabbat,shabbat.sugya676:11
304,467,Directed,1,1,encounter,bavli,bava_metzia,bava_metzia.sugya008:44
31,895,Directed,1,1,encounter,bavli,gittin,gittin.sugya388:14
31,467,Directed,1,1,encounter,bavli,megillah,megillah.sugya017:15
495,310,Directed,1,1,encounter,bavli,yevamot,yevamot.sugya159:52
859,322,Directed,1,1,encounter,bavli,gittin,gittin.sugya032:27
368,829,Directed,1,1,encounter,bavli,eruvin,eruvin.sugya256:170
514,417,Directed,1,1,encounter,bavli,menachot,menachot.sugya095:163
445,535,Directed,1,1,encounter,bavli,kiddushin,kiddushin.sugya158:110
495,467,Directed,1,1,encounter,bavli,berakhot,berakhot.sugya131:13
6,467,Directed,1,1,encounter,bavli,chullin,chullin.sugya031:118
495,571,Directed,1,1,encounter,bavli,gittin,gittin.sugya276:90
571,495,Directed,1,1,encounter,bavli,gittin,gittin.sugya276:92
495,534,Directed,1,1,encounter,bavli,shabbat,shabbat.sugya872:18
534,495,Directed,1,1,encounter,bavli,shabbat,shabbat.sugya872:20
495,92,Directed,1,1,encounter,bavli,yevamot,yevamot.sugya242:2
514,867,Directed,1,1,encounter,bavli,gittin,gittin.sugya135:145
534,571,Directed,1,1,encounter,bavli,bekhorot,bekhorot.sugya172:39
534,92,Directed,1,1,encounter,bavli,zevachim,zevachim.sugya006:103
535,6,Directed,1,1,encounter,bavli,gittin,gittin.sugya331:2
535,92,Directed,1,1,encounter,bavli,yevamot,yevamot.sugya242:3
571,827,Directed,1,1,encounter,bavli,bava_kamma,bava_kamma.sugya460:43
900,571,Directed,1,1,encounter,bavli,chullin,chullin.sugya122:38
587,571,Directed,1,1,encounter,bavli,gittin,gittin.sugya156:1
571,587,Directed,1,1,encounter,bavli,gittin,gittin.sugya156:2
918,571,Directed,1,1,encounter,bavli,shabbat,shabbat.sugya199:11
571,918,Directed,1,1,encounter,bavli,shabbat,shabbat.sugya199:12
602,918,Directed,1,1,encounter,bavli,sanhedrin,sanhedrin.sugya351:35
624,829,Directed,1,1,encounter,bavli,rosh_hashanah,rosh_hashanah.sugya031:160
842,895,Directed,1,1,encounter,bavli,gittin,gittin.sugya112:18
913,895,Directed,1,1,encounter,bavli,ketubot,ketubot.sugya219:2
895,913,Directed,1,1,encounter,bavli,ketubot,ketubot.sugya219:3
977,895,Directed,1,1,encounter,bavli,kiddushin,kiddushin.sugya114:4
