AuthorityA,AuthorityB,Comparison,HymanPredicates,BavliAttestations,BavliDirectAddress
6,92,bavli_only,,10,2
6,695,hyman_only,contemporaryOf,0,0
6,792,hyman_only,transmitsFrom,0,0
6,820,bavli_only,,3,0
6,867,bavli_only,,1,0
6,881,bavli_only,,2,0
6,895,both,teacherOf,68,25
6,897,hyman_only,disputesWith,0,0
6,899,both,contemporaryOf,2,0
6,911,both,colleagueOf,2,0
6,993,bavli_only,,1,0
13,2763,bavli_only,,3,3
14,2582,hyman_only,contemporaryOf,0,0
15,2788,bavli_only,,1,0
16,450,hyman_only,transmitsFrom,0,0
17,517,hyman_only,contemporaryOf,0,0
17,895,bavli_only,,2,1
17,948,hyman_only,studentOf,0,0
17,1814,bavli_only,,2,0
17,2032,both,colleagueOf;disputesWith,5,0
17,2224,hyman_only,transmitsTo,0,0
17,2225,bavli_only,,4,0
17,2409,bavli_only,,1,0
17,2423,both,transmitsTo,4,0
17,2497,hyman_only,hasSon,0,0
17,2578,both,colleagueOf;contemporaryOf;disputesWith;hasFather,8,2
17,2581,bavli_only,,1,0
17,2582,bavli_only,,1,0
17,2586,bavli_only,,1,0
17,2722,hyman_only,contemporaryOf,0,0
17,2763,both,disputesWith;hasSon;teacherOf,40,27
17,2879,bavli_only,,4,0
20,2075,hyman_only,studentOf,0,0
21,368,hyman_only,teacherOf,0,0
21,2578,bavli_only,,2,0
21,2581,bavli_only,,2,1
21,2879,bavli_only,,1,0
26,6,hyman_only,transmitsFrom,0,0
26,92,hyman_only,contemporaryOf,0,0
26,700,hyman_only,hasFather,0,0
27,2763,bavli_only,,1,0
31,6,bavli_only,,1,0
31,92,hyman_only,colleagueOf;teacherOf;transmitsFrom,0,0
31,467,both,colleagueOf;transmitsFrom,3,3
31,495,hyman_only,colleagueOf,0,0
31,535,hyman_only,colleagueOf,0,0
31,820,hyman_only,colleagueOf,0,0
31,840,hyman_only,relatedTo;teacherOf,0,0
31,895,both,studentOf;teacherOf,6,1
34,495,bavli_only,,4,2
43,467,bavli_only,,3,0
43,792,hyman_only,teacherOf;transmitsFrom,0,0
47,6,hyman_only,disputesWith;teacherOf,0,0
47,92,bavli_only,,1,0
47,495,both,colleagueOf;transmitsFrom,21,13
47,535,both,colleagueOf,1,0
47,571,bavli_only,,1,0
47,993,bavli_only,,3,0
50,792,hyman_only,colleagueOf,0,0
54,571,hyman_only,contemporaryOf,0,0
57,92,both,colleagueOf,4,0
63,67,hyman_only,hasFatherInLaw,0,0
66,895,bavli_only,,6,6
66,913,bavli_only,,2,2
66,977,bavli_only,,2,0
85,92,hyman_only,teacherOf,0,0
92,977,bavli_only,,2,0
103,485,bavli_only,,1,0
103,1885,bavli_only,,1,0
108,1395,bavli_only,,2,0
108,2795,hyman_only,hasFather;hasSon,0,0
113,1657,bavli_only,,7,0
118,965,hyman_only,studentOf;transmitsFrom,0,0
118,1436,hyman_only,contemporaryOf,0,0
118,1657,bavli_only,,2,0
120,2518,bavli_only,,3,0
121,6,both,colleagueOf;disputesWith,17,8
121,14,both,contemporaryOf,2,0
121,17,bavli_only,,1,0
121,49,both,contemporaryOf;teacherOf,14,14
121,68,hyman_only,disputesWith,0,0
121,85,bavli_only,,1,0
121,92,bavli_only,,16,1
121,99,bavli_only,,1,0
121,124,both,colleagueOf,7,3
121,128,bavli_only,,2,0
121,129,bavli_only,,1,0
121,139,both,colleagueOf,25,17
121,140,bavli_only,,4,0
121,171,bavli_only,,1,0
121,194,bavli_only,,12,1
121,195,hyman_only,studentOf,0,0
121,205,both,contemporaryOf,2,0
121,207,both,studentOf;teacherOf,11,9
121,219,both,colleagueOf,1,1
121,224,bavli_only,,2,0
121,229,both,colleagueOf;contemporaryOf,10,7
121,230,bavli_only,,4,4
121,239,bavli_only,,17,1
121,256,bavli_only,,1,0
121,263,hyman_only,hasSon,0,0
121,270,bavli_only,,2,0
121,276,both,colleagueOf,2,2
121,286,both,colleagueOf,11,2
121,289,both,disputesWith;teacherOf,5,5
121,291,both,colleagueOf,2,2
121,297,bavli_only,,4,1
121,299,hyman_only,colleagueOf;contemporaryOf,0,0
121,343,both,colleagueOf,18,13
121,368,both,colleagueOf,8,1
121,371,bavli_only,,1,0
121,387,hyman_only,contemporaryOf,0,0
121,388,both,colleagueOf;contemporaryOf,2,1
121,410,bavli_only,,1,0
121,417,bavli_only,,36,2
121,445,bavli_only,,2,0
121,447,bavli_only,,1,0
121,450,bavli_only,,3,0
121,451,bavli_only,,8,0
121,465,bavli_only,,2,0
121,467,bavli_only,,30,3
121,473,bavli_only,,2,0
121,478,bavli_only,,2,0
121,485,bavli_only,,1,0
121,486,bavli_only,,1,0
121,495,bavli_only,,12,0
121,507,bavli_only,,1,0
121,514,bavli_only,,3,0
121,534,bavli_only,,7,0
121,535,both,transmitsFrom,12,2
121,548,bavli_only,,1,0
121,571,bavli_only,,56,3
121,600,bavli_only,,4,0
121,602,hyman_only,hasFather;hasSon;studentOf,0,0
121,723,both,contemporaryOf;disputesWith,1,1
121,730,hyman_only,contemporaryOf,0,0
121,763,bavli_only,,3,0
121,777,hyman_only,contemporaryOf,0,0
121,820,both,transmitsFrom,1,0
121,829,bavli_only,,13,0
121,850,bavli_only,,2,0
121,867,both,colleagueOf,108,98
121,873,bavli_only,,1,0
121,875,hyman_only,contemporaryOf,0,0
121,881,bavli_only,,5,0
121,895,bavli_only,,25,0
121,897,hyman_only,contemporaryOf,0,0
121,903,both,disputesWith,1,0
121,913,bavli_only,,5,2
121,918,both,studentOf;teacherOf;transmitsFrom,15,0
121,927,bavli_only,,1,0
121,977,bavli_only,,9,0
121,993,both,studentOf;teacherOf;transmitsFrom,11,3
121,1212,bavli_only,,9,0
121,1213,bavli_only,,2,0
121,1214,bavli_only,,1,0
121,1225,hyman_only,colleagueOf,0,0
121,1264,hyman_only,teacherOf,0,0
121,1327,bavli_only,,1,0
121,1339,hyman_only,transmitsFrom,0,0
121,1345,bavli_only,,50,9
121,1358,both,teacherOf;transmitsFrom,3,0
121,1364,bavli_only,,2,2
121,1383,bavli_only,,3,0
121,1385,bavli_only,,6,1
121,1392,both,colleagueOf,2,0
121,1394,both,studentOf,37,5
121,1395,bavli_only,,67,0
121,1401,both,teacherOf,8,6
121,1441,bavli_only,,3,0
121,1493,bavli_only,,1,0
121,1508,bavli_only,,34,0
121,1527,bavli_only,,4,0
121,1544,bavli_only,,12,2
121,1570,both,transmitsFrom,85,2
121,1583,bavli_only,,1,0
121,1593,bavli_only,,7,2
121,1624,bavli_only,,3,2
121,1657,bavli_only,,17,0
121,1689,bavli_only,,9,0
121,1695,bavli_only,,5,0
121,1742,bavli_only,,5,0
121,1764,both,studentOf,628,535
121,1772,bavli_only,,2,0
121,1775,bavli_only,,2,0
121,1804,bavli_only,,1,0
121,1807,bavli_only,,7,3
121,1814,bavli_only,,5,0
121,1832,bavli_only,,2,1
121,1840,both,teacherOf,2,2
121,1841,bavli_only,,4,4
121,1885,bavli_only,,12,2
121,1890,bavli_only,,4,0
121,1913,bavli_only,,7,2
121,1915,both,colleagueOf,10,6
121,1920,bavli_only,,1,0
121,1952,bavli_only,,27,0
121,1954,bavli_only,,2,0
121,1979,bavli_only,,20,1
121,1986,bavli_only,,1,0
121,2004,both,transmitsFrom,4,0
121,2023,hyman_only,hasFather,0,0
121,2031,bavli_only,,1,0
121,2032,bavli_only,,1,0
121,2058,hyman_only,contemporaryOf,0,0
121,2068,bavli_only,,54,0
121,2075,both,transmitsFrom,1,0
121,2085,bavli_only,,1,0
121,2130,bavli_only,,1,0
121,2140,both,colleagueOf,8,6
121,2156,bavli_only,,6,0
121,2161,bavli_only,,3,0
121,2164,bavli_only,,1,0
121,2165,hyman_only,contemporaryOf,0,0
121,2170,bavli_only,,3,2
121,2172,hyman_only,colleagueOf,0,0
121,2173,both,teacherOf,3,3
121,2174,bavli_only,,3,2
121,2187,bavli_only,,2,0
121,2190,both,teacherOf,4,0
121,2198,bavli_only,,3,0
121,2206,both,teacherOf,4,2
121,2209,bavli_only,,2,0
121,2224,bavli_only,,1,1
121,2225,both,colleagueOf,2,2
121,2237,bavli_only,,3,0
121,2250,bavli_only,,3,0
121,2253,hyman_only,teacherOf,0,0
121,2254,bavli_only,,1,1
121,2255,both,studentOf;teacherOf;transmitsFrom,9,4
121,2266,bavli_only,,3,0
121,2285,bavli_only,,33,2
121,2298,bavli_only,,19,0
121,2330,bavli_only,,6,0
121,2341,hyman_only,hasSon,0,0
121,2361,bavli_only,,4,0
121,2388,both,contemporaryOf,1,0
121,2398,both,colleagueOf,48,34
121,2406,bavli_only,,10,6
121,2408,bavli_only,,1,0
121,2409,bavli_only,,15,1
121,2417,both,teacherOf,2,2
121,2423,bavli_only,,1,0
121,2429,bavli_only,,2,0
121,2443,bavli_only,,1,0
121,2445,both,colleagueOf,6,2
121,2453,bavli_only,,1,0
121,2465,bavli_only,,36,0
121,2497,bavli_only,,2,0
121,2518,both,teacherOf,224,176
121,2520,hyman_only,contemporaryOf,0,0
121,2527,both,colleagueOf;contemporaryOf,2,1
121,2533,bavli_only,,1,0
121,2546,bavli_only,,1,0
121,2556,bavli_only,,4,0
121,2578,both,transmitsFrom,81,5
121,2581,both,hasNephew;hasUncle;studentOf;teacherOf,484,363
121,2582,both,colleagueOf;disputesWith,1322,438
121,2586,bavli_only,,9,0
121,2594,both,transmitsFrom,14,10
121,2596,both,contemporaryOf,7,0
121,2601,both,contemporaryOf,3,3
121,2602,both,colleagueOf,38,37
121,2615,both,colleagueOf,2,0
121,2618,both,colleagueOf,8,1
121,2624,both,colleagueOf,2,0
121,2625,bavli_only,,4,0
121,2632,both,contemporaryOf,3,3
121,2646,bavli_only,,12,0
121,2647,bavli_only,,20,0
121,2657,both,teacherOf,1,0
121,2668,bavli_only,,2,0
121,2670,both,studentOf,1,1
121,2681,bavli_only,,5,0
121,2690,bavli_only,,1,0
121,2696,bavli_only,,6,2
121,2709,bavli_only,,1,0
121,2716,both,colleagueOf,1,1
121,2720,bavli_only,,1,0
121,2729,bavli_only,,2,2
121,2735,both,hasSon;teacherOf,12,7
121,2738,bavli_only,,2,0
121,2744,bavli_only,,2,0
121,2752,bavli_only,,3,0
121,2763,bavli_only,,51,2
121,2781,both,teacherOf,4,4
121,2788,both,colleagueOf;contemporaryOf,8,4
121,2795,bavli_only,,4,0
121,2801,bavli_only,,2,0
121,2830,bavli_only,,58,0
121,2846,bavli_only,,9,0
121,2852,bavli_only,,29,0
121,2864,bavli_only,,4,0
121,2879,bavli_only,,27,0
121,2908,bavli_only,,1,0
121,2913,bavli_only,,2,0
121,2923,bavli_only,,2,0
121,2928,both,studentOf,3,0
121,2934,both,teacherOf,6,5
121,2938,both,transmitsFrom,22,2
121,2941,bavli_only,,1,0
124,239,bavli_only,,1,0
124,417,bavli_only,,1,0
124,451,bavli_only,,1,0
124,467,bavli_only,,1,0
124,571,bavli_only,,2,0
124,1764,bavli_only,,2,0
124,2068,bavli_only,,4,0
124,2198,bavli_only,,2,0
124,2581,both,studentOf;teacherOf,8,2
124,2582,bavli_only,,4,0
124,2615,hyman_only,contemporaryOf,0,0
128,1657,both,transmitsFrom,1,0
128,2578,both,transmitsFrom,1,0
128,2885,bavli_only,,1,0
129,92,bavli_only,,3,2
129,467,bavli_only,,2,0
129,895,bavli_only,,1,0
129,1345,both,teacherOf,28,3
129,1392,both,teacherOf,3,0
129,1394,bavli_only,,1,0
129,1570,bavli_only,,4,0
129,1657,bavli_only,,2,0
129,2068,bavli_only,,1,0
129,2285,both,disputesWith,4,0
129,2414,both,teacherOf;transmitsFrom,2,0
129,2443,bavli_only,,3,3
129,2578,bavli_only,,2,0
129,2582,bavli_only,,1,0
129,2684,bavli_only,,1,0
129,2763,bavli_only,,8,0
129,2952,hyman_only,hasSon,0,0
131,92,bavli_only,,2,1
131,2298,bavli_only,,1,0
132,92,hyman_only,studentOf,0,0
132,1354,hyman_only,hasFather,0,0
134,2285,both,colleagueOf,2,0
134,2409,hyman_only,colleagueOf,0,0
134,2763,bavli_only,,1,0
136,895,both,teacherOf;transmitsFrom,2,0
136,2173,both,studentOf;teacherOf;transmitsFrom,11,0
136,2582,both,studentOf;teacherOf;transmitsFrom,10,0
138,584,both,teacherOf,2,0
138,2578,both,teacherOf;transmitsFrom,2,0
139,6,hyman_only,teacherOf,0,0
139,31,hyman_only,teacherOf,0,0
139,92,both,disputesWith;studentOf;transmitsFrom,12,0
139,239,bavli_only,,1,0
139,368,both,transmitsFrom,4,0
139,465,bavli_only,,1,0
139,467,both,transmitsFrom,12,0
139,478,bavli_only,,2,0
139,485,bavli_only,,2,0
139,495,hyman_only,contemporaryOf,0,0
139,534,bavli_only,,3,0
139,535,both,contemporaryOf,1,0
139,571,bavli_only,,1,0
139,696,hyman_only,transmitsFrom,0,0
139,723,both,contemporaryOf,2,0
139,763,both,transmitsFrom,2,0
139,792,hyman_only,teacherOf,0,0
139,861,bavli_only,,1,0
139,867,both,colleagueOf,40,0
139,895,both,colleagueOf,4,4
139,897,hyman_only,colleagueOf,0,0
139,918,bavli_only,,1,0
139,977,bavli_only,,2,0
139,1394,bavli_only,,3,3
139,1396,hyman_only,teacherOf,0,0
139,1493,hyman_only,transmitsFrom,0,0
139,1508,bavli_only,,6,0
139,1544,both,transmitsFrom,1,0
139,1570,both,transmitsFrom,97,0
139,1624,both,transmitsFrom,2,0
139,1657,both,teacherOf,2,0
139,1689,both,transmitsFrom,9,0
139,1764,hyman_only,contemporaryOf,0,0
139,1814,bavli_only,,5,0
139,1832,both,transmitsFrom,2,0
139,1854,both,transmitsFrom,2,0
139,1885,hyman_only,disputesWith,0,0
139,1915,both,colleagueOf,2,0
139,1952,both,colleagueOf;teacherOf;transmitsFrom,20,10
139,1979,bavli_only,,1,0
139,2068,hyman_only,transmitsFrom,0,0
139,2084,hyman_only,colleagueOf,0,0
139,2285,bavli_only,,2,0
139,2298,bavli_only,,3,0
139,2330,bavli_only,,1,0
139,2409,bavli_only,,6,0
139,2498,hyman_only,teacherOf,0,0
139,2518,bavli_only,,10,2
139,2533,bavli_only,,2,0
139,2578,both,teacherOf;transmitsFrom,4,0
139,2581,hyman_only,contemporaryOf,0,0
139,2582,both,teacherOf;transmitsFrom,3,0
139,2594,bavli_only,,5,0
139,2763,bavli_only,,1,0
139,2788,both,colleagueOf,1,0
139,2795,hyman_only,transmitsFrom,0,0
139,2800,bavli_only,,1,0
139,2852,bavli_only,,1,0
139,2865,bavli_only,,1,0
139,2879,both,teacherOf;transmitsFrom,15,0
139,2891,both,colleagueOf;teacherOf;transmitsFrom,2,0
139,2938,bavli_only,,2,0
139,2957,both,contemporaryOf,3,1
139,2993,hyman_only,teacherOf,0,0
140,6,bavli_only,,1,1
140,85,hyman_only,contemporaryOf,0,0
140,92,both,disputesWith;teacherOf,12,0
140,239,bavli_only,,1,0
140,257,hyman_only,teacherOf,0,0
140,368,both,teacherOf,27,0
140,467,bavli_only,,5,0
140,485,bavli_only,,1,0
140,602,bavli_only,,1,0
140,763,bavli_only,,1,0
140,897,hyman_only,transmitsFrom,0,0
140,899,bavli_only,,2,0
140,1508,bavli_only,,1,0
140,1544,bavli_only,,2,0
140,1570,bavli_only,,12,0
140,1593,bavli_only,,1,0
140,1663,bavli_only,,1,0
140,1689,bavli_only,,1,0
140,1952,bavli_only,,20,12
140,2075,bavli_only,,2,0
140,2084,both,colleagueOf;disputesWith,5,0
140,2120,hyman_only,transmitsFrom,0,0
140,2186,bavli_only,,2,0
140,2298,bavli_only,,2,0
140,2578,both,teacherOf,1,0
140,2582,bavli_only,,3,0
140,2647,bavli_only,,1,0
140,2763,bavli_only,,1,0
140,2879,hyman_only,teacherOf,0,0
143,286,bavli_only,,2,0
143,297,bavli_only,,2,0
143,917,bavli_only,,2,0
143,1508,bavli_only,,1,0
143,1570,bavli_only,,2,0
143,1885,bavli_only,,14,0
143,2206,bavli_only,,2,0
143,2445,bavli_only,,2,0
143,2578,both,teacherOf,2,0
143,2582,both,colleagueOf,4,4
143,2588,hyman_only,colleagueOf,0,0
147,895,hyman_only,hasFather,0,0
149,467,hyman_only,teacherOf;transmitsFrom,0,0
149,571,both,teacherOf,1,0
149,871,hyman_only,hasBrother,0,0
149,1807,bavli_only,,2,0
149,2409,both,transmitsFrom,3,0
149,2582,both,studentOf,2,0
157,2578,bavli_only,,1,0
157,2582,both,colleagueOf,1,0
157,2938,bavli_only,,1,1
160,2763,both,transmitsFrom,4,0
163,1954,hyman_only,contemporaryOf,0,0
164,43,hyman_only,studentOf;teacherOf;transmitsFrom,0,0
166,343,hyman_only,hasFather;hasSon,0,0
166,895,hyman_only,colleagueOf;contemporaryOf,0,0
167,918,bavli_only,,1,0
167,2518,both,studentOf,1,0
167,2578,both,teacherOf,4,0
168,1899,bavli_only,,1,1
169,423,hyman_only,hasFather;hasSon,0,0
169,2953,hyman_only,hasFather;hasSon,0,0
171,1764,bavli_only,,1,0
173,2032,hyman_only,contemporaryOf,0,0
173,2763,both,colleagueOf,9,6
179,2068,bavli_only,,2,2
180,1979,bavli_only,,1,0
185,805,hyman_only,contemporaryOf,0,0
185,828,hyman_only,contemporaryOf,0,0
185,829,bavli_only,,2,2
189,20,hyman_only,hasFather,0,0
189,503,hyman_only,hasFather,0,0
189,2588,hyman_only,hasFather;transmitsFrom,0,0
189,2824,hyman_only,transmitsFrom,0,0
192,2241,hyman_only,colleagueOf,0,0
194,6,both,teacherOf,2,0
194,31,hyman_only,transmitsFrom,0,0
194,92,bavli_only,,1,1
194,205,bavli_only,,1,0
194,239,bavli_only,,2,0
194,347,hyman_only,teacherOf;transmitsFrom,0,0
194,417,bavli_only,,3,0
194,451,bavli_only,,1,0
194,467,bavli_only,,3,0
194,475,bavli_only,,1,0
194,495,bavli_only,,2,0
194,534,bavli_only,,2,0
194,555,bavli_only,,1,0
194,571,bavli_only,,14,0
194,599,hyman_only,transmitsFrom,0,0
194,600,both,teacherOf,2,0
194,787,bavli_only,,2,0
194,867,bavli_only,,3,0
194,895,both,colleagueOf;disputesWith;teacherOf,20,6
194,917,bavli_only,,2,2
194,978,hyman_only,teacherOf;transmitsFrom,0,0
194,982,both,transmitsFrom,8,2
194,993,bavli_only,,1,0
194,1979,bavli_only,,2,0
194,2068,bavli_only,,3,0
194,2092,bavli_only,,3,0
194,2093,bavli_only,,3,0
194,2206,bavli_only,,1,0
194,2285,both,teacherOf,9,3
194,2298,bavli_only,,2,0
194,2398,bavli_only,,2,0
194,2409,bavli_only,,7,0
194,2465,bavli_only,,7,0
194,2518,bavli_only,,14,2
194,2578,both,studentOf;teacherOf,35,0
194,2581,bavli_only,,5,2
194,2582,bavli_only,,47,20
194,2646,both,colleagueOf,5,0
194,2647,bavli_only,,2,0
194,2681,bavli_only,,1,0
194,2763,both,studentOf,11,0
194,2830,bavli_only,,5,0
194,2879,bavli_only,,8,0
194,2885,bavli_only,,1,0
194,2928,bavli_only,,1,0
194,2934,bavli_only,,2,0
194,2938,bavli_only,,2,0
195,600,hyman_only,contemporaryOf,0,0
195,867,hyman_only,contemporaryOf,0,0
195,918,hyman_only,contemporaryOf,0,0
195,2298,hyman_only,contemporaryOf,0,0
195,2409,hyman_only,transmitsFrom,0,0
195,2518,hyman_only,contemporaryOf,0,0
195,2578,hyman_only,hasFather,0,0
195,2582,hyman_only,disputesWith;studentOf;teacherOf;transmitsFrom,0,0
195,2646,hyman_only,contemporaryOf,0,0
201,571,both,contemporaryOf,7,5
205,895,bavli_only,,2,0
205,2518,both,disputesWith,1,0
205,2582,hyman_only,contemporaryOf,0,0
206,900,hyman_only,disputesWith,0,0
206,941,both,disputesWith,1,0
206,2646,both,studentOf;teacherOf,1,0
206,2647,bavli_only,,2,2
207,534,bavli_only,,1,0
207,571,bavli_only,,2,0
207,2285,bavli_only,,7,1
207,2518,hyman_only,colleagueOf,0,0
207,2578,both,teacherOf,5,0
207,2581,bavli_only,,2,0
207,2582,both,studentOf;teacherOf,28,23
207,2646,both,colleagueOf;teacherOf,3,1
207,2647,bavli_only,,3,1
207,2938,both,colleagueOf,3,1
210,51,both,teacherOf,2,0
210,2518,hyman_only,hasFather,0,0
211,2628,hyman_only,hasFather,0,0
212,2830,hyman_only,hasFather,0,0
213,239,hyman_only,teacherOf,0,0
213,241,hyman_only,transmitsFrom,0,0
214,2594,bavli_only,,2,0
217,2582,hyman_only,teacherOf,0,0
221,2578,both,teacherOf,4,0
222,467,bavli_only,,2,1
222,2582,hyman_only,studentOf;transmitsFrom,0,0
223,495,hyman_only,studentOf,0,0
224,829,both,contemporaryOf,11,0
224,2582,bavli_only,,7,0
227,2646,both,contemporaryOf;teacherOf,2,2
229,92,hyman_only,colleagueOf;contemporaryOf,0,0
229,267,hyman_only,hasFather,0,0
229,297,bavli_only,,1,0
229,312,bavli_only,,1,0
229,495,both,contemporaryOf,4,2
229,571,bavli_only,,1,0
229,895,bavli_only,,1,0
229,977,bavli_only,,1,0
229,2296,bavli_only,,1,0
229,2298,both,contemporaryOf,2,0
229,2409,bavli_only,,2,2
229,2445,bavli_only,,1,0
229,2578,bavli_only,,1,0
229,2581,bavli_only,,1,0
229,2582,both,colleagueOf;contemporaryOf,10,4
229,2596,bavli_only,,1,0
229,2602,hyman_only,colleagueOf,0,0
229,2681,hyman_only,relatedTo,0,0
229,2685,bavli_only,,1,0
229,2686,hyman_only,relatedTo,0,0
229,2763,bavli_only,,2,0
229,2879,bavli_only,,1,0
230,895,both,colleagueOf,6,4
230,2518,both,colleagueOf;disputesWith,5,4
230,2594,bavli_only,,2,2
230,2596,both,teacherOf,4,2
230,2647,bavli_only,,1,0
239,6,both,teacherOf,8,1
239,92,bavli_only,,1,0
239,256,bavli_only,,2,0
239,371,both,contemporaryOf,1,0
239,417,bavli_only,,2,0
239,451,bavli_only,,1,0
239,467,both,studentOf;teacherOf,41,1
239,475,bavli_only,,2,0
239,485,both,studentOf,2,0
239,495,both,teacherOf,10,10
239,534,bavli_only,,3,0
239,535,bavli_only,,5,1
239,557,hyman_only,studentOf,0,0
239,571,bavli_only,,2,0
239,618,hyman_only,hasGrandfather;hasGrandson,0,0
239,763,bavli_only,,1,0
239,829,both,contemporaryOf,1,0
239,861,hyman_only,colleagueOf,0,0
239,867,bavli_only,,1,0
239,895,both,teacherOf,2,0
239,918,bavli_only,,1,0
239,977,bavli_only,,2,0
239,993,hyman_only,transmitsFrom,0,0
239,2398,bavli_only,,2,1
239,2409,both,teacherOf,9,3
239,2445,bavli_only,,1,0
239,2465,bavli_only,,2,0
239,2478,hyman_only,teacherOf,0,0
239,2498,both,teacherOf,2,0
239,2518,bavli_only,,3,0
239,2578,both,teacherOf,9,1
239,2581,both,colleagueOf;hasBrother,7,3
239,2582,bavli_only,,30,3
239,2586,bavli_only,,6,0
239,2602,bavli_only,,1,0
239,2646,bavli_only,,2,0
239,2647,bavli_only,,3,0
239,2681,bavli_only,,4,0
239,2735,bavli_only,,1,0
239,2741,bavli_only,,2,0
239,2763,bavli_only,,16,0
239,2830,bavli_only,,16,0
239,2879,both,studentOf;teacherOf,20,2
239,2891,hyman_only,contemporaryOf;teacherOf,0,0
239,2938,bavli_only,,3,0
241,47,hyman_only,studentOf,0,0
241,257,hyman_only,transmitsFrom,0,0
241,368,hyman_only,transmitsFrom,0,0
241,467,bavli_only,,8,0
241,485,bavli_only,,6,4
241,557,hyman_only,teacherOf,0,0
241,2478,hyman_only,transmitsFrom,0,0
241,2518,bavli_only,,1,0
241,2582,bavli_only,,1,0
241,2763,bavli_only,,2,0
241,2938,bavli_only,,2,0
251,2582,bavli_only,,3,0
255,478,bavli_only,,1,0
255,534,bavli_only,,1,0
255,571,bavli_only,,2,0
255,918,bavli_only,,1,0
255,2582,bavli_only,,2,0
256,92,bavli_only,,2,0
256,450,hyman_only,disputesWith,0,0
256,467,both,disputesWith,2,0
256,477,hyman_only,disputesWith,0,0
256,2578,bavli_only,,1,0
256,2763,bavli_only,,1,0
256,2800,bavli_only,,2,0
256,2830,both,disputesWith,2,0
256,2861,hyman_only,teacherOf,0,0
257,6,hyman_only,teacherOf;transmitsFrom,0,0
257,43,hyman_only,transmitsFrom,0,0
257,92,hyman_only,studentOf;teacherOf;transmitsFrom,0,0
257,411,hyman_only,transmitsFrom,0,0
257,467,hyman_only,transmitsFrom,0,0
257,694,hyman_only,colleagueOf,0,0
257,895,hyman_only,colleagueOf;teacherOf,0,0
257,2578,hyman_only,transmitsFrom,0,0
257,2800,hyman_only,transmitsFrom,0,0
257,2877,hyman_only,studentOf;teacherOf,0,0
257,2879,hyman_only,transmitsFrom,0,0
257,2891,hyman_only,transmitsFrom,0,0
257,2969,hyman_only,teacherOf,0,0
257,2978,hyman_only,transmitsFrom,0,0
258,2593,hyman_only,contemporaryOf,0,0
261,304,bavli_only,,1,0
261,571,bavli_only,,1,0
261,895,bavli_only,,2,1
261,977,bavli_only,,2,0
261,2646,bavli_only,,1,0
261,2763,bavli_only,,1,0
261,2879,bavli_only,,1,0
263,571,bavli_only,,1,0
263,602,bavli_only,,1,0
263,2646,both,colleagueOf;disputesWith,2,2
265,571,bavli_only,,2,0
265,977,both,studentOf;teacherOf;transmitsFrom,6,0
267,571,both,colleagueOf;studentOf,26,26
267,2938,bavli_only,,1,0
270,286,both,hasNephew;hasUncle;studentOf;teacherOf,9,2
270,299,hyman_only,colleagueOf,0,0
270,304,bavli_only,,1,0
270,387,hyman_only,hasFather;hasSon,0,0
270,490,both,colleagueOf;contemporaryOf,2,0
270,571,both,disputesWith,7,3
270,602,both,teacherOf;transmitsFrom,3,0
270,895,bavli_only,,2,0
270,911,bavli_only,,1,0
270,922,both,teacherOf;transmitsFrom,13,0
270,2763,bavli_only,,8,0
270,2830,bavli_only,,2,0
270,2852,bavli_only,,1,0
270,2879,bavli_only,,1,0
276,867,bavli_only,,1,0
276,2938,both,studentOf;transmitsFrom,22,22
281,92,both,teacherOf,2,0
281,535,both,studentOf;transmitsFrom,8,0
283,895,both,studentOf;teacherOf,2,0
284,571,bavli_only,,13,13
286,297,bavli_only,,2,0
286,304,bavli_only,,1,0
286,343,bavli_only,,3,0
286,387,hyman_only,relatedTo,0,0
286,467,bavli_only,,1,0
286,490,hyman_only,contemporaryOf,0,0
286,495,hyman_only,transmitsFrom,0,0
286,571,bavli_only,,7,0
286,895,both,studentOf;teacherOf,6,0
286,977,bavli_only,,1,0
286,993,bavli_only,,2,0
286,2879,bavli_only,,6,0
286,2938,both,colleagueOf,1,0
287,47,hyman_only,colleagueOf,0,0
287,495,hyman_only,contemporaryOf,0,0
289,2938,bavli_only,,1,0
294,6,bavli_only,,1,1
294,51,bavli_only,,1,0
294,92,hyman_only,colleagueOf,0,0
294,304,bavli_only,,1,0
294,571,bavli_only,,1,0
294,895,bavli_only,,2,0
296,92,bavli_only,,1,0
296,514,both,contemporaryOf,2,0
297,306,bavli_only,,1,0
297,467,bavli_only,,2,0
297,478,bavli_only,,1,0
297,495,bavli_only,,1,0
297,514,both,contemporaryOf;teacherOf,1,0
297,535,bavli_only,,2,0
297,571,both,colleagueOf;contemporaryOf;disputesWith,123,116
297,602,bavli_only,,1,0
299,490,hyman_only,colleagueOf,0,0
304,92,bavli_only,,1,0
304,467,bavli_only,,1,1
304,571,bavli_only,,2,0
304,993,bavli_only,,1,0
305,571,both,contemporaryOf,1,0
306,571,both,contemporaryOf;disputesWith,6,6
306,977,bavli_only,,1,0
310,495,both,contemporaryOf,3,1
310,918,bavli_only,,1,0
312,417,bavli_only,,2,0
312,467,both,teacherOf,2,0
312,571,bavli_only,,1,0
320,92,hyman_only,teacherOf,0,0
322,495,bavli_only,,2,0
322,859,bavli_only,,6,6
323,895,both,contemporaryOf;teacherOf,1,0
336,475,bavli_only,,6,0
338,368,hyman_only,teacherOf,0,0
341,43,hyman_only,transmitsFrom,0,0
341,495,hyman_only,contemporaryOf,0,0
341,535,hyman_only,contemporaryOf,0,0
341,896,hyman_only,transmitsFrom,0,0
341,977,hyman_only,colleagueOf;studentOf;transmitsFrom,0,0
343,571,bavli_only,,1,0
343,895,bavli_only,,1,0
343,918,both,contemporaryOf;teacherOf,8,2
356,514,hyman_only,contemporaryOf,0,0
356,571,hyman_only,contemporaryOf,0,0
367,417,hyman_only,studentOf;teacherOf;transmitsFrom,0,0
367,450,hyman_only,contemporaryOf;teacherOf,0,0
367,465,hyman_only,contemporaryOf,0,0
367,829,hyman_only,studentOf,0,0
368,6,hyman_only,colleagueOf,0,0
368,47,both,colleagueOf,1,0
368,68,hyman_only,disputesWith,0,0
368,92,both,colleagueOf;teacherOf,2,0
368,417,bavli_only,,19,5
368,450,bavli_only,,4,2
368,467,hyman_only,studentOf,0,0
368,478,bavli_only,,3,0
368,495,hyman_only,colleagueOf;transmitsFrom,0,0
368,535,hyman_only,colleagueOf,0,0
368,571,bavli_only,,1,0
368,694,hyman_only,disputesWith,0,0
368,695,both,teacherOf,2,0
368,787,hyman_only,colleagueOf,0,0
368,829,bavli_only,,8,4
368,867,both,teacherOf,2,0
368,899,both,teacherOf,2,0
369,467,hyman_only,hasFather,0,0
370,792,hyman_only,hasFather;hasSon,0,0
371,467,hyman_only,transmitsFrom,0,0
371,478,bavli_only,,3,0
375,417,both,hasHusband;hasWife,11,10
386,495,bavli_only,,2,0
387,903,hyman_only,hasFather;hasSon,0,0
387,922,hyman_only,teacherOf,0,0
389,495,hyman_only,hasFather,0,0
411,895,hyman_only,teacherOf,0,0
411,901,hyman_only,transmitsFrom,0,0
417,6,bavli_only,,2,0
417,43,hyman_only,transmitsFrom,0,0
417,92,both,transmitsFrom,10,0
417,445,bavli_only,,2,0
417,447,bavli_only,,3,0
417,450,hyman_only,disputesWith,0,0
417,465,both,contemporaryOf;disputesWith,15,2
417,466,hyman_only,colleagueOf,0,0
417,467,bavli_only,,24,2
417,473,hyman_only,colleagueOf,0,0
417,477,both,disputesWith,3,0
417,478,bavli_only,,2,0
417,484,both,disputesWith,1,0
417,485,bavli_only,,2,0
417,495,bavli_only,,3,0
417,514,bavli_only,,6,1
417,571,bavli_only,,16,2
417,602,bavli_only,,1,0
417,829,both,disputesWith;relatedTo,24,0
417,850,bavli_only,,3,0
417,895,bavli_only,,4,0
417,918,bavli_only,,4,0
417,927,bavli_only,,2,0
417,953,both,hasFather;hasSon,2,2
417,993,bavli_only,,2,0
426,449,bavli_only,,6,0
426,450,both,teacherOf,2,0
445,535,bavli_only,,1,1
447,478,bavli_only,,2,0
447,571,bavli_only,,1,0
450,467,bavli_only,,3,0
450,473,hyman_only,colleagueOf,0,0
450,489,hyman_only,disputesWith,0,0
450,571,bavli_only,,2,0
450,895,bavli_only,,1,0
451,467,bavli_only,,2,0
451,489,bavli_only,,5,4
451,548,bavli_only,,2,0
451,895,bavli_only,,4,0
465,6,bavli_only,,1,0
465,92,hyman_only,transmitsFrom,0,0
465,467,both,transmitsFrom,5,0
465,484,both,colleagueOf,3,0
465,489,both,disputesWith,2,0
465,514,bavli_only,,2,0
465,548,bavli_only,,4,0
465,571,bavli_only,,1,0
465,829,both,colleagueOf,1,0
465,851,both,contemporaryOf,4,2
467,6,both,teacherOf,12,1
467,47,both,colleagueOf,7,4
467,92,both,disputesWith;studentOf;teacherOf,40,0
467,477,both,transmitsFrom,6,0
467,485,both,transmitsFrom,1,0
467,495,both,colleagueOf,19,5
467,514,bavli_only,,2,0
467,534,bavli_only,,6,5
467,535,both,colleagueOf,22,17
467,548,bavli_only,,1,0
467,571,bavli_only,,26,0
467,600,both,teacherOf,3,0
467,691,bavli_only,,4,0
467,695,both,teacherOf;transmitsFrom,10,0
467,787,hyman_only,colleagueOf,0,0
467,792,hyman_only,transmitsFrom,0,0
467,829,bavli_only,,6,0
467,867,both,teacherOf;transmitsFrom,19,0
467,873,both,teacherOf,4,0
467,895,both,contemporaryOf;teacherOf,15,0
467,896,hyman_only,studentOf;transmitsFrom,0,0
467,913,hyman_only,studentOf;teacherOf,0,0
467,927,bavli_only,,2,2
467,977,bavli_only,,3,0
471,571,bavli_only,,1,0
473,484,both,teacherOf;transmitsFrom,2,0
475,478,bavli_only,,4,0
475,829,bavli_only,,4,0
477,478,bavli_only,,3,0
477,548,both,teacherOf,7,5
477,691,hyman_only,disputesWith,0,0
478,6,bavli_only,,1,0
478,571,bavli_only,,1,0
478,867,bavli_only,,2,0
484,829,both,contemporaryOf,5,0
485,571,bavli_only,,4,0
485,628,hyman_only,contemporaryOf,0,0
485,830,hyman_only,contemporaryOf,0,0
485,867,bavli_only,,3,0
485,895,bavli_only,,2,0
485,896,hyman_only,transmitsFrom,0,0
485,907,both,transmitsFrom,1,0
489,829,both,contemporaryOf,4,0
495,6,bavli_only,,14,5
495,57,hyman_only,contemporaryOf,0,0
495,92,both,colleagueOf,4,3
495,512,bavli_only,,2,0
495,514,bavli_only,,1,0
495,527,bavli_only,,1,0
495,534,bavli_only,,9,2
495,535,bavli_only,,45,7
495,571,bavli_only,,6,2
495,574,hyman_only,studentOf,0,0
495,600,bavli_only,,2,0
495,723,both,studentOf,8,8
495,782,hyman_only,contemporaryOf,0,0
495,867,bavli_only,,1,0
495,895,both,contemporaryOf;disputesWith,7,4
495,896,hyman_only,studentOf,0,0
495,917,bavli_only,,1,0
512,92,bavli_only,,2,0
514,571,both,teacherOf,116,89
514,803,hyman_only,contemporaryOf;teacherOf,0,0
514,827,both,contemporaryOf;teacherOf,4,2
514,867,bavli_only,,1,1
514,881,both,teacherOf;transmitsFrom,1,0
514,895,bavli_only,,1,0
514,918,bavli_only,,1,0
514,927,hyman_only,transmitsFrom,0,0
514,968,bavli_only,,1,0
514,993,both,colleagueOf;teacherOf;transmitsFrom,2,0
514,995,hyman_only,teacherOf,0,0
515,571,hyman_only,hasUncle;studentOf,0,0
534,6,both,teacherOf,1,0
534,92,bavli_only,,3,1
534,548,bavli_only,,1,0
534,571,bavli_only,,8,3
534,600,bavli_only,,3,0
534,842,hyman_only,teacherOf;transmitsFrom,0,0
534,885,hyman_only,transmitsFrom,0,0
534,895,both,studentOf;teacherOf;transmitsFrom,23,3
534,918,bavli_only,,1,0
534,977,hyman_only,teacherOf,0,0
535,6,bavli_only,,6,3
535,92,both,colleagueOf,8,3
535,571,bavli_only,,1,0
535,600,bavli_only,,3,0
535,723,both,contemporaryOf,5,5
535,792,hyman_only,transmitsFrom,0,0
535,840,hyman_only,colleagueOf,0,0
535,842,bavli_only,,1,0
535,867,bavli_only,,2,0
535,895,hyman_only,contemporaryOf,0,0
535,972,hyman_only,studentOf,0,0
545,548,both,disputesWith,3,0
548,571,bavli_only,,1,0
555,858,hyman_only,hasFather,0,0
557,829,hyman_only,contemporaryOf,0,0
557,830,hyman_only,teacherOf,0,0
571,6,bavli_only,,21,13
571,9,hyman_only,colleagueOf,0,0
571,85,bavli_only,,1,0
571,92,bavli_only,,8,0
571,587,both,colleagueOf,2,2
571,602,bavli_only,,3,0
571,708,hyman_only,contemporaryOf,0,0
571,802,hyman_only,contemporaryOf,0,0
571,803,hyman_only,colleagueOf;disputesWith,0,0
571,827,both,contemporaryOf,11,5
571,829,bavli_only,,2,0
571,867,bavli_only,,2,2
571,878,hyman_only,contemporaryOf,0,0
571,895,bavli_only,,31,7
571,898,hyman_only,studentOf,0,0
571,900,both,contemporaryOf,1,1
571,913,bavli_only,,1,0
571,918,bavli_only,,12,2
571,927,hyman_only,colleagueOf,0,0
571,943,hyman_only,colleagueOf;disputesWith,0,0
571,966,hyman_only,teacherOf,0,0
571,968,bavli_only,,8,8
571,977,bavli_only,,11,2
571,993,both,contemporaryOf,7,0
571,995,hyman_only,contemporaryOf,0,0
571,996,hyman_only,contemporaryOf,0,0
585,951,hyman_only,contemporaryOf,0,0
599,92,hyman_only,teacherOf,0,0
600,867,bavli_only,,1,0
600,895,bavli_only,,1,0
602,867,bavli_only,,1,0
602,918,both,colleagueOf;disputesWith,6,4
624,829,both,contemporaryOf,1,1
650,829,hyman_only,contemporaryOf,0,0
659,675,hyman_only,colleagueOf,0,0
694,820,hyman_only,hasFather,0,0
696,895,hyman_only,teacherOf,0,0
696,896,hyman_only,transmitsFrom,0,0
738,92,hyman_only,studentOf,0,0
792,85,hyman_only,teacherOf;transmitsFrom,0,0
792,92,hyman_only,teacherOf;transmitsFrom,0,0
792,861,hyman_only,disputesWith,0,0
792,907,hyman_only,hasFather,0,0
820,823,hyman_only,contemporaryOf,0,0
820,895,both,teacherOf,8,4
827,995,hyman_only,contemporaryOf,0,0
828,895,bavli_only,,1,0
828,965,hyman_only,hasGrandfather,0,0
829,92,hyman_only,transmitsFrom,0,0
829,856,bavli_only,,1,0
829,895,bavli_only,,1,0
829,918,bavli_only,,1,0
829,993,bavli_only,,1,0
830,965,hyman_only,descendantOf;hasSon,0,0
832,92,hyman_only,contemporaryOf,0,0
840,965,hyman_only,hasBrother,0,0
842,895,both,colleagueOf;contemporaryOf,1,1
850,895,bavli_only,,1,0
850,897,hyman_only,transmitsFrom,0,0
865,965,hyman_only,contemporaryOf,0,0
867,92,bavli_only,,2,2
867,881,bavli_only,,1,0
867,885,hyman_only,hasBrother,0,0
867,897,hyman_only,contemporaryOf,0,0
868,993,bavli_only,,1,0
885,895,hyman_only,studentOf;teacherOf;transmitsFrom,0,0
895,92,bavli_only,,4,0
895,896,hyman_only,studentOf;transmitsFrom,0,0
895,911,both,teacherOf;transmitsFrom,2,0
895,913,bavli_only,,3,2
895,917,bavli_only,,1,0
895,918,bavli_only,,8,0
895,922,bavli_only,,1,0
895,968,bavli_only,,1,0
895,977,bavli_only,,12,5
895,978,hyman_only,studentOf;teacherOf,0,0
895,988,both,teacherOf,2,0
895,993,bavli_only,,2,0
896,92,hyman_only,transmitsFrom,0,0
899,92,both,contemporaryOf,1,0
903,92,both,studentOf;teacherOf,2,0
911,978,hyman_only,colleagueOf;contemporaryOf,0,0
913,926,hyman_only,colleagueOf,0,0
918,993,bavli_only,,2,0
928,977,bavli_only,,6,4
1001,256,hyman_only,disputesWith,0,0
1001,1015,hyman_only,contemporaryOf,0,0
1001,2298,bavli_only,,1,0
1002,571,both,contemporaryOf,2,0
1002,2533,hyman_only,studentOf,0,0
1006,239,bavli_only,,1,0
1006,2285,bavli_only,,2,0
1006,2578,both,teacherOf,20,0
1009,1508,bavli_only,,2,1
1009,2465,both,contemporaryOf,2,2
1012,1368,hyman_only,contemporaryOf,0,0
1012,2518,both,contemporaryOf,6,2
1013,256,bavli_only,,2,0
1013,1015,both,disputesWith,2,0
1013,2298,bavli_only,,1,0
1015,256,hyman_only,disputesWith,0,0
1015,2298,bavli_only,,1,0
1017,6,both,colleagueOf,12,3
1017,13,bavli_only,,1,0
1017,17,bavli_only,,3,0
1017,34,bavli_only,,4,0
1017,43,both,colleagueOf,4,4
1017,47,both,colleagueOf;disputesWith,7,0
1017,50,hyman_only,teacherOf,0,0
1017,51,hyman_only,colleagueOf,0,0
1017,57,both,teacherOf,2,0
1017,85,hyman_only,teacherOf,0,0
1017,92,both,teacherOf;transmitsFrom,21,13
1017,99,bavli_only,,5,3
1017,103,hyman_only,hasFather,0,0
1017,121,bavli_only,,33,7
1017,134,hyman_only,contemporaryOf,0,0
1017,139,hyman_only,studentOf,0,0
1017,140,both,colleagueOf,5,0
1017,149,both,contemporaryOf;teacherOf,4,4
1017,194,bavli_only,,3,0
1017,239,both,teacherOf;transmitsFrom,1,0
1017,241,hyman_only,colleagueOf,0,0
1017,256,bavli_only,,2,0
1017,257,hyman_only,colleagueOf;transmitsFrom,0,0
1017,281,hyman_only,teacherOf,0,0
1017,286,both,teacherOf;transmitsFrom,1,0
1017,287,hyman_only,colleagueOf,0,0
1017,296,bavli_only,,1,0
1017,297,bavli_only,,1,1
1017,304,bavli_only,,1,0
1017,343,bavli_only,,1,0
1017,368,both,colleagueOf;disputesWith;teacherOf,9,1
1017,371,bavli_only,,4,0
1017,417,bavli_only,,5,0
1017,426,hyman_only,transmitsFrom,0,0
1017,467,both,studentOf;teacherOf,26,4
1017,485,bavli_only,,1,0
1017,495,both,colleagueOf;disputesWith,9,5
1017,534,bavli_only,,20,11
1017,535,bavli_only,,69,52
1017,547,hyman_only,contemporaryOf,0,0
1017,548,bavli_only,,2,0
1017,571,bavli_only,,14,0
1017,600,both,colleagueOf,7,5
1017,607,hyman_only,transmitsFrom,0,0
1017,695,both,colleagueOf;contemporaryOf,2,2
1017,763,bavli_only,,2,0
1017,792,hyman_only,teacherOf,0,0
1017,820,both,colleagueOf,2,0
1017,861,both,colleagueOf,1,1
1017,885,both,colleagueOf,1,0
1017,895,both,studentOf;teacherOf,13,2
1017,911,bavli_only,,2,0
1017,913,bavli_only,,1,0
1017,977,bavli_only,,2,2
1017,978,hyman_only,disputesWith;teacherOf;transmitsFrom,0,0
1017,993,bavli_only,,4,0
1017,994,bavli_only,,3,0
1017,1043,bavli_only,,1,0
1017,1046,hyman_only,contemporaryOf;teacherOf;transmitsFrom,0,0
1017,1056,hyman_only,teacherOf,0,0
1017,1075,bavli_only,,6,0
1017,1088,bavli_only,,2,0
1017,1091,both,colleagueOf;teacherOf,21,15
1017,1094,both,colleagueOf;teacherOf,4,3
1017,1102,both,teacherOf;transmitsFrom,9,0
1017,1113,hyman_only,transmitsFrom,0,0
1017,1126,hyman_only,teacherOf,0,0
1017,1179,hyman_only,colleagueOf,0,0
1017,1212,both,transmitsFrom,6,0
1017,1345,both,studentOf,25,8
1017,1394,both,studentOf,37,21
1017,1395,bavli_only,,11,0
1017,1423,bavli_only,,2,0
1017,1493,bavli_only,,2,0
1017,1508,bavli_only,,8,0
1017,1527,bavli_only,,1,0
1017,1544,bavli_only,,6,1
1017,1570,both,studentOf,81,10
1017,1615,both,teacherOf,5,0
1017,1624,hyman_only,transmitsFrom,0,0
1017,1657,both,teacherOf,4,0
1017,1689,bavli_only,,7,7
1017,1764,both,colleagueOf,20,0
1017,1804,bavli_only,,1,0
1017,1814,both,teacherOf,3,2
1017,1832,bavli_only,,3,1
1017,1852,both,colleagueOf;disputesWith,1,0
1017,1854,both,colleagueOf,16,13
1017,1861,hyman_only,colleagueOf,0,0
1017,1885,bavli_only,,2,0
1017,1901,bavli_only,,2,0
1017,1932,both,transmitsFrom,2,1
1017,1952,both,teacherOf,154,141
1017,1954,both,transmitsFrom,8,0
1017,2005,hyman_only,contemporaryOf,0,0
1017,2031,hyman_only,colleagueOf,0,0
1017,2032,hyman_only,teacherOf,0,0
1017,2068,bavli_only,,5,0
1017,2084,hyman_only,colleagueOf;teacherOf,0,0
1017,2091,bavli_only,,4,2
1017,2156,bavli_only,,1,0
1017,2160,bavli_only,,2,0
1017,2174,bavli_only,,2,0
1017,2224,bavli_only,,4,0
1017,2225,both,transmitsFrom,6,0
1017,2285,both,transmitsFrom,16,0
1017,2298,bavli_only,,2,0
1017,2345,both,disputesWith,7,6
1017,2361,bavli_only,,3,0
1017,2398,bavli_only,,1,0
1017,2409,both,contemporaryOf;teacherOf,11,0
1017,2423,both,transmitsFrom,3,0
1017,2445,bavli_only,,2,1
1017,2465,bavli_only,,2,0
1017,2478,both,colleagueOf,1,1
1017,2518,bavli_only,,11,2
1017,2578,both,teacherOf;transmitsFrom,58,2
1017,2579,bavli_only,,1,0
1017,2581,both,colleagueOf;disputesWith,50,12
1017,2582,bavli_only,,71,2
1017,2586,bavli_only,,1,0
1017,2594,bavli_only,,2,2
1017,2608,both,teacherOf,10,0
1017,2624,bavli_only,,1,0
1017,2627,bavli_only,,1,0
1017,2646,bavli_only,,2,0
1017,2647,bavli_only,,2,0
1017,2653,hyman_only,teacherOf,0,0
1017,2681,bavli_only,,5,0
1017,2742,bavli_only,,3,0
1017,2760,hyman_only,teacherOf,0,0
1017,2763,both,transmitsFrom,20,2
1017,2768,hyman_only,teacherOf,0,0
1017,2788,bavli_only,,2,0
1017,2795,both,colleagueOf;disputesWith,8,1
1017,2800,both,contemporaryOf,3,0
1017,2830,bavli_only,,8,0
1017,2839,both,colleagueOf,1,1
1017,2852,bavli_only,,1,0
1017,2879,both,studentOf;teacherOf,16,0
1017,2891,both,colleagueOf,3,3
1017,2934,bavli_only,,1,0
1017,2938,both,teacherOf,9,6
1017,2969,both,contemporaryOf,1,0
1018,6,both,transmitsFrom,3,0
1018,66,bavli_only,,2,0
1018,121,both,colleagueOf;disputesWith,55,49
1018,194,bavli_only,,1,0
1018,286,bavli_only,,2,0
1018,296,bavli_only,,1,0
1018,304,bavli_only,,1,0
1018,467,bavli_only,,2,0
1018,495,bavli_only,,2,0
1018,506,hyman_only,transmitsFrom,0,0
1018,895,bavli_only,,4,0
1018,1088,bavli_only,,1,0
1018,1394,bavli_only,,4,0
1018,1493,bavli_only,,3,3
1018,1570,bavli_only,,1,0
1018,1615,hyman_only,transmitsFrom,0,0
1018,1684,hyman_only,studentOf,0,0
1018,1764,both,studentOf,7,4
1018,1772,bavli_only,,2,0
1018,1952,hyman_only,studentOf,0,0
1018,2097,hyman_only,colleagueOf,0,0
1018,2160,hyman_only,colleagueOf,0,0
1018,2170,bavli_only,,1,0
1018,2285,bavli_only,,1,0
1018,2398,hyman_only,teacherOf;transmitsFrom,0,0
1018,2409,bavli_only,,1,0
1018,2518,bavli_only,,1,0
1018,2578,bavli_only,,1,0
1018,2581,bavli_only,,3,1
1018,2582,both,colleagueOf;disputesWith,14,4
1018,2602,hyman_only,contemporaryOf,0,0
1018,2615,hyman_only,colleagueOf,0,0
1018,2627,hyman_only,teacherOf;transmitsFrom,0,0
1018,2647,bavli_only,,1,0
1018,2763,bavli_only,,1,0
1018,2830,bavli_only,,4,0
1020,47,hyman_only,hasFather,0,0
1020,2582,hyman_only,contemporaryOf,0,0
1022,6,bavli_only,,2,0
1022,571,bavli_only,,1,0
1022,1508,hyman_only,colleagueOf;disputesWith,0,0
1022,1570,both,teacherOf,9,8
1022,1657,bavli_only,,1,0
1022,1764,bavli_only,,1,0
1022,1814,bavli_only,,1,0
1022,2068,bavli_only,,1,0
1022,2423,bavli_only,,1,1
1022,2698,bavli_only,,2,0
1022,2763,bavli_only,,1,0
1022,2788,bavli_only,,3,0
1022,2830,both,studentOf;transmitsFrom,1,0
1022,2852,hyman_only,disputesWith,0,0
1026,1570,hyman_only,transmitsFrom,0,0
1029,495,hyman_only,studentOf,0,0
1029,896,hyman_only,colleagueOf,0,0
1029,1395,bavli_only,,2,0
1029,1979,both,transmitsFrom,1,0
1030,1570,bavli_only,,2,0
1031,445,bavli_only,,2,0
1031,585,hyman_only,contemporaryOf,0,0
1031,911,bavli_only,,1,0
1031,1362,bavli_only,,1,0
1031,1695,bavli_only,,2,0
1031,1745,hyman_only,colleagueOf,0,0
1031,2316,bavli_only,,1,0
1031,2578,bavli_only,,2,0
1031,2763,bavli_only,,2,0
1038,1088,hyman_only,teacherOf,0,0
1038,1102,both,hasSon,2,0
1038,1385,bavli_only,,4,0
1038,2581,hyman_only,transmitsFrom,0,0
1038,2582,hyman_only,transmitsFrom,0,0
1039,31,hyman_only,teacherOf,0,0
1039,32,hyman_only,teacherOf,0,0
1039,192,hyman_only,studentOf,0,0
1039,426,hyman_only,teacherOf,0,0
1039,506,hyman_only,teacherOf,0,0
1039,602,bavli_only,,2,0
1039,776,hyman_only,contemporaryOf,0,0
1039,895,bavli_only,,2,0
1039,1126,hyman_only,contemporaryOf,0,0
1039,1570,bavli_only,,2,0
1039,1615,bavli_only,,2,0
1039,1952,bavli_only,,2,0
1039,2075,bavli_only,,8,8
1039,2582,bavli_only,,1,0
1042,467,hyman_only,contemporaryOf,0,0
1042,495,hyman_only,contemporaryOf,0,0
1042,535,hyman_only,contemporaryOf,0,0
1042,1544,hyman_only,transmitsFrom,0,0
1042,1689,hyman_only,colleagueOf,0,0
1042,2681,hyman_only,hasFather,0,0
1043,37,hyman_only,teacherOf;transmitsFrom,0,0
1043,121,bavli_only,,4,0
1043,194,bavli_only,,1,0
1043,201,bavli_only,,2,2
1043,417,bavli_only,,4,0
1043,467,both,contemporaryOf,5,3
1043,495,bavli_only,,2,0
1043,534,bavli_only,,5,0
1043,763,bavli_only,,2,0
1043,820,bavli_only,,1,0
1043,867,both,transmitsFrom,5,0
1043,1088,bavli_only,,2,2
1043,1102,both,studentOf,2,0
1043,1212,both,transmitsFrom,16,0
1043,1345,bavli_only,,12,0
1043,1394,bavli_only,,3,0
1043,1423,bavli_only,,1,0
1043,1508,bavli_only,,1,0
1043,1570,both,studentOf;transmitsFrom,16,4
1043,1764,both,teacherOf,1,0
1043,1814,bavli_only,,2,0
1043,1890,bavli_only,,1,0
1043,1904,bavli_only,,1,0
1043,2003,hyman_only,teacherOf;transmitsFrom,0,0
1043,2032,bavli_only,,2,0
1043,2237,bavli_only,,1,1
1043,2285,both,colleagueOf;teacherOf,3,0
1043,2298,bavli_only,,2,0
1043,2363,both,teacherOf;transmitsFrom,1,0
1043,2518,bavli_only,,3,0
1043,2578,both,disputesWith;studentOf,7,0
1043,2581,both,teacherOf,3,0
1043,2582,both,teacherOf,14,0
1043,2647,bavli_only,,2,0
1043,2763,bavli_only,,2,0
1043,2830,bavli_only,,4,0
1043,2846,bavli_only,,1,0
1043,2852,bavli_only,,1,0
1043,2879,both,contemporaryOf;transmitsFrom,2,0
1044,2646,hyman_only,teacherOf,0,0
1044,2647,bavli_only,,2,2
1046,6,both,transmitsFrom,3,1
1046,92,both,colleagueOf,1,1
1046,467,both,colleagueOf;teacherOf;transmitsFrom,8,0
1046,495,both,studentOf,10,3
1046,599,bavli_only,,2,2
1046,600,hyman_only,colleagueOf,0,0
1046,895,both,studentOf;teacherOf,3,0
1046,913,bavli_only,,1,0
1046,978,hyman_only,studentOf;teacherOf,0,0
1046,1075,hyman_only,transmitsFrom,0,0
1046,1076,hyman_only,teacherOf,0,0
1046,1169,hyman_only,contemporaryOf,0,0
1046,1212,hyman_only,transmitsFrom,0,0
1046,1345,both,transmitsFrom,1,0
1046,1394,both,studentOf,1,0
1046,1395,bavli_only,,1,0
1046,1508,bavli_only,,2,0
1046,1527,bavli_only,,1,0
1046,1570,both,contemporaryOf;transmitsFrom,1,0
1046,1615,bavli_only,,1,0
1046,1657,bavli_only,,1,0
1046,1689,hyman_only,transmitsFrom,0,0
1046,1772,bavli_only,,2,0
1046,1854,hyman_only,transmitsFrom,0,0
1046,1885,hyman_only,colleagueOf,0,0
1046,1915,bavli_only,,1,0
1046,1952,both,colleagueOf,8,5
1046,2398,both,colleagueOf,1,1
1046,2409,bavli_only,,1,0
1046,2465,bavli_only,,1,0
1046,2879,hyman_only,contemporaryOf;transmitsFrom,0,0
1049,2586,hyman_only,contemporaryOf,0,0
1051,571,bavli_only,,1,0
1051,1053,both,teacherOf;transmitsFrom,2,0
1051,1394,bavli_only,,2,0
1051,1570,bavli_only,,2,0
1051,1804,hyman_only,contemporaryOf,0,0
1051,2156,both,disputesWith,3,0
1051,2285,bavli_only,,1,0
1051,2578,bavli_only,,3,0
1051,2582,bavli_only,,1,0
1051,2646,both,colleagueOf;relatedTo;teacherOf,4,4
1051,2763,bavli_only,,2,0
1052,1781,hyman_only,hasFather,0,0
1052,2229,hyman_only,hasBrother,0,0
1052,2582,both,hasGrandfather;hasGrandson;transmitsFrom,2,0
1053,2618,both,transmitsFrom,2,0
1055,297,bavli_only,,2,2
1055,571,bavli_only,,5,5
1055,1570,bavli_only,,2,0
1055,1657,bavli_only,,1,0
1056,31,hyman_only,teacherOf,0,0
1056,92,hyman_only,teacherOf,0,0
1056,257,hyman_only,teacherOf,0,0
1056,1293,bavli_only,,2,0
1056,2478,hyman_only,transmitsTo,0,0
1060,1570,bavli_only,,1,0
1060,2465,hyman_only,studentOf,0,0
1060,2518,bavli_only,,2,0
1060,2911,hyman_only,colleagueOf,0,0
1062,1101,hyman_only,teacherOf;transmitsFrom,0,0
1063,121,hyman_only,hasHusband;hasWife,0,0
1063,548,hyman_only,hasFather,0,0
1063,1394,hyman_only,descendantOf,0,0
1063,1885,hyman_only,hasGrandfather,0,0
1063,2582,hyman_only,contemporaryOf,0,0
1063,2668,hyman_only,hasHusband,0,0
1065,1332,hyman_only,descendantOf;hasGrandfather,0,0
1065,1570,bavli_only,,1,0
1065,2582,bavli_only,,1,0
1065,2898,both,contemporaryOf,7,7
1070,31,hyman_only,teacherOf,0,0
1070,1544,hyman_only,teacherOf,0,0
1070,1570,both,teacherOf;transmitsFrom,12,0
1070,1624,hyman_only,teacherOf,0,0
1070,1852,hyman_only,teacherOf,0,0
1070,2861,hyman_only,studentOf;transmitsFrom,0,0
1075,92,bavli_only,,3,0
1075,121,both,transmitsFrom,14,0
1075,129,bavli_only,,2,0
1075,194,bavli_only,,2,0
1075,368,bavli_only,,1,0
1075,417,bavli_only,,5,0
1075,467,bavli_only,,1,0
1075,485,both,colleagueOf;disputesWith,4,0
1075,534,bavli_only,,1,0
1075,535,both,teacherOf,4,0
1075,571,bavli_only,,2,0
1075,829,bavli_only,,1,0
1075,867,bavli_only,,2,0
1075,895,bavli_only,,2,0
1075,1088,hyman_only,hasFather;hasSon,0,0
1075,1091,both,teacherOf;transmitsFrom,4,0
1075,1395,bavli_only,,1,0
1075,1441,bavli_only,,2,2
1075,1508,both,contemporaryOf,8,0
1075,1527,bavli_only,,1,0
1075,1544,both,disputesWith,1,0
1075,1570,both,disputesWith;studentOf;teacherOf,85,9
1075,1615,hyman_only,teacherOf,0,0
1075,1624,bavli_only,,4,0
1075,1689,both,teacherOf,1,0
1075,1695,bavli_only,,1,0
1075,1764,bavli_only,,2,0
1075,1814,both,colleagueOf;disputesWith,2,0
1075,1885,bavli_only,,1,0
1075,1899,bavli_only,,4,0
1075,1900,both,teacherOf,2,0
1075,1952,bavli_only,,6,0
1075,2003,both,disputesWith,1,0
1075,2004,hyman_only,colleagueOf,0,0
1075,2068,bavli_only,,5,0
1075,2174,bavli_only,,2,0
1075,2206,bavli_only,,2,0
1075,2298,bavli_only,,3,0
1075,2409,bavli_only,,4,0
1075,2465,bavli_only,,6,0
1075,2480,hyman_only,hasSister,0,0
1075,2518,bavli_only,,8,0
1075,2578,hyman_only,hasGrandson,0,0
1075,2582,bavli_only,,12,0
1075,2647,bavli_only,,2,0
1075,2709,bavli_only,,1,0
1075,2744,bavli_only,,2,0
1075,2763,bavli_only,,4,0
1075,2830,bavli_only,,4,0
1075,2879,both,teacherOf;transmitsFrom,12,0
1075,2938,bavli_only,,1,0
1076,6,hyman_only,transmitsFrom,0,0
1076,47,hyman_only,teacherOf;transmitsFrom,0,0
1076,92,hyman_only,studentOf;teacherOf;transmitsFrom,0,0
1076,121,hyman_only,transmitsFrom,0,0
1076,192,hyman_only,colleagueOf,0,0
1076,257,hyman_only,teacherOf,0,0
1076,368,hyman_only,teacherOf,0,0
1076,495,hyman_only,colleagueOf,0,0
1076,895,hyman_only,colleagueOf,0,0
1076,897,hyman_only,colleagueOf,0,0
1076,1212,hyman_only,transmitsFrom,0,0
1076,1345,hyman_only,transmitsFrom,0,0
1076,1347,hyman_only,studentOf,0,0
1076,1354,hyman_only,teacherOf,0,0
1076,1493,hyman_only,transmitsFrom,0,0
1076,1544,hyman_only,transmitsFrom,0,0
1076,1657,hyman_only,studentOf,0,0
1076,1852,hyman_only,transmitsFrom,0,0
1076,1952,hyman_only,studentOf;transmitsFrom,0,0
1076,2001,hyman_only,colleagueOf,0,0
1076,2498,hyman_only,colleagueOf,0,0
1076,2891,hyman_only,transmitsFrom,0,0
1077,121,bavli_only,,1,0
1078,828,bavli_only,,2,0
1078,829,bavli_only,,2,0
1080,92,hyman_only,contemporaryOf,0,0
1087,1764,hyman_only,contemporaryOf,0,0
1088,6,bavli_only,,1,0
1088,17,hyman_only,colleagueOf,0,0
1088,92,bavli_only,,1,0
1088,121,bavli_only,,25,4
1088,239,both,studentOf;teacherOf,2,0
1088,241,bavli_only,,4,0
1088,287,hyman_only,transmitsFrom,0,0
1088,320,hyman_only,studentOf,0,0
1088,450,bavli_only,,1,0
1088,467,both,transmitsFrom,2,0
1088,478,bavli_only,,1,0
1088,485,both,colleagueOf;disputesWith,4,0
1088,495,bavli_only,,2,0
1088,514,bavli_only,,2,0
1088,571,bavli_only,,8,0
1088,742,hyman_only,studentOf,0,0
1088,856,bavli_only,,2,0
1088,867,bavli_only,,3,0
1088,895,bavli_only,,5,0
1088,918,bavli_only,,2,0
1088,948,hyman_only,contemporaryOf,0,0
1088,1102,bavli_only,,1,0
1088,1127,hyman_only,relatedTo,0,0
1088,1212,both,teacherOf,7,5
1088,1345,bavli_only,,6,2
1088,1383,bavli_only,,1,0
1088,1394,bavli_only,,5,0
1088,1395,bavli_only,,3,0
1088,1423,bavli_only,,1,0
1088,1467,hyman_only,teacherOf,0,0
1088,1480,hyman_only,disputesWith,0,0
1088,1508,both,colleagueOf;disputesWith;studentOf;transmitsFrom,104,41
1088,1527,bavli_only,,1,0
1088,1544,both,colleagueOf,1,0
1088,1570,both,studentOf;teacherOf,13,0
1088,1624,both,transmitsFrom,5,3
1088,1640,bavli_only,,3,3
1088,1657,bavli_only,,1,0
1088,1689,bavli_only,,2,0
1088,1695,bavli_only,,1,0
1088,1764,bavli_only,,9,0
1088,1814,both,disputesWith;relatedTo,7,3
1088,1885,bavli_only,,3,0
1088,1913,bavli_only,,2,0
1088,1932,bavli_only,,1,0
1088,1986,both,colleagueOf,3,1
1088,2031,bavli_only,,2,0
1088,2032,both,colleagueOf;contemporaryOf,3,0
1088,2068,bavli_only,,8,0
1088,2202,hyman_only,hasBrother,0,0
1088,2237,bavli_only,,2,0
1088,2285,bavli_only,,2,0
1088,2398,bavli_only,,3,0
1088,2409,bavli_only,,3,0
1088,2465,bavli_only,,1,0
1088,2480,hyman_only,hasDaughter,0,0
1088,2518,bavli_only,,2,0
1088,2556,bavli_only,,1,0
1088,2578,both,contemporaryOf;hasNephew;hasUncle;studentOf;teacherOf;transmitsFrom,108,42
1088,2581,both,transmitsFrom,11,0
1088,2582,bavli_only,,19,4
1088,2594,both,hasBrother,4,1
1088,2600,hyman_only,hasNephew;teacherOf,0,0
1088,2631,bavli_only,,3,0
1088,2646,bavli_only,,2,0
1088,2647,bavli_only,,3,0
1088,2688,bavli_only,,1,0
1088,2696,bavli_only,,1,0
1088,2744,bavli_only,,2,0
1088,2763,bavli_only,,11,0
1088,2830,bavli_only,,2,0
1088,2846,hyman_only,transmitsFrom,0,0
1088,2861,hyman_only,colleagueOf;disputesWith,0,0
1088,2879,bavli_only,,3,0
1088,2896,both,colleagueOf;disputesWith,28,3
1088,2938,both,transmitsFrom,2,0
1090,895,hyman_only,teacherOf,0,0
1090,2582,hyman_only,contemporaryOf,0,0
1090,2627,hyman_only,colleagueOf,0,0
1091,6,both,colleagueOf;hasSon,3,1
1091,26,hyman_only,teacherOf,0,0
1091,31,hyman_only,colleagueOf,0,0
1091,34,bavli_only,,6,0
1091,47,both,colleagueOf,9,9
1091,92,both,colleagueOf;disputesWith,9,2
1091,121,bavli_only,,3,0
1091,139,both,transmitsFrom,3,0
1091,140,hyman_only,teacherOf,0,0
1091,281,bavli_only,,2,0
1091,338,bavli_only,,2,0
1091,411,both,colleagueOf;teacherOf;transmitsFrom,3,0
1091,417,bavli_only,,1,0
1091,467,both,colleagueOf;transmitsFrom,1,0
1091,485,bavli_only,,1,0
1091,495,both,colleagueOf,20,15
1091,534,bavli_only,,2,0
1091,535,both,colleagueOf;disputesWith,18,5
1091,571,bavli_only,,4,0
1091,584,both,studentOf;teacherOf;transmitsFrom,2,0
1091,695,bavli_only,,2,0
1091,792,hyman_only,teacherOf;transmitsFrom,0,0
1091,832,hyman_only,contemporaryOf,0,0
1091,842,both,studentOf;teacherOf,2,0
1091,867,bavli_only,,2,0
1091,895,both,teacherOf,2,0
1091,896,hyman_only,transmitsFrom,0,0
1091,1113,hyman_only,teacherOf,0,0
1091,1151,both,teacherOf,4,4
1091,1176,both,studentOf;teacherOf,4,0
1091,1178,both,colleagueOf,4,2
1091,1198,bavli_only,,2,0
1091,1212,hyman_only,studentOf,0,0
1091,1275,bavli_only,,1,0
1091,1305,bavli_only,,1,0
1091,1508,bavli_only,,2,0
1091,1527,bavli_only,,3,0
1091,1544,both,studentOf,3,2
1091,1556,both,transmitsFrom,1,0
1091,1570,both,studentOf;teacherOf,328,31
1091,1615,hyman_only,teacherOf,0,0
1091,1624,both,transmitsFrom,3,2
1091,1657,both,teacherOf,1,0
1091,1689,bavli_only,,2,0
1091,1764,bavli_only,,4,0
1091,1852,hyman_only,teacherOf,0,0
1091,1885,bavli_only,,4,0
1091,1952,both,teacherOf,10,2
1091,2001,hyman_only,hasBrother,0,0
1091,2005,hyman_only,contemporaryOf;teacherOf,0,0
1091,2009,hyman_only,hasSon,0,0
1091,2032,hyman_only,teacherOf;transmitsFrom,0,0
1091,2068,bavli_only,,1,0
1091,2091,bavli_only,,2,0
1091,2165,bavli_only,,1,0
1091,2241,hyman_only,teacherOf,0,0
1091,2266,hyman_only,hasSon,0,0
1091,2285,bavli_only,,6,2
1091,2298,bavli_only,,4,0
1091,2361,bavli_only,,2,0
1091,2368,bavli_only,,3,0
1091,2409,bavli_only,,2,0
1091,2465,bavli_only,,1,0
1091,2518,bavli_only,,1,0
1091,2578,both,hasFather;studentOf;teacherOf,2,0
1091,2581,bavli_only,,1,0
1091,2582,both,contemporaryOf;transmitsFrom,3,1
1091,2594,bavli_only,,4,0
1091,2617,hyman_only,colleagueOf;teacherOf,0,0
1091,2631,hyman_only,teacherOf,0,0
1091,2647,bavli_only,,2,0
1091,2657,hyman_only,hasBrother,0,0
1091,2763,bavli_only,,2,0
1091,2788,bavli_only,,1,0
1091,2795,both,colleagueOf;teacherOf,4,2
1091,2879,both,studentOf;teacherOf,2,0
1091,2980,hyman_only,contemporaryOf,0,0
1093,2540,hyman_only,hasGrandson,0,0
1094,121,both,contemporaryOf,2,0
1094,194,both,contemporaryOf;teacherOf,2,0
1094,213,hyman_only,teacherOf,0,0
1094,241,hyman_only,transmitsFrom,0,0
1094,283,both,contemporaryOf,1,1
1094,297,bavli_only,,1,0
1094,343,hyman_only,hasBrother,0,0
1094,467,both,teacherOf;transmitsFrom,1,0
1094,534,bavli_only,,2,0
1094,535,both,disputesWith,2,0
1094,571,bavli_only,,3,2
1094,895,both,studentOf;teacherOf;transmitsFrom,17,7
1094,913,both,colleagueOf,1,1
1094,1345,both,contemporaryOf,9,5
1094,1385,bavli_only,,1,0
1094,1394,both,transmitsFrom,2,0
1094,1556,both,transmitsFrom,6,0
1094,1570,both,transmitsFrom,12,2
1094,1689,hyman_only,transmitsFrom,0,0
1094,1764,both,contemporaryOf,2,2
1094,2068,bavli_only,,1,0
1094,2285,both,colleagueOf,2,1
1094,2298,both,teacherOf,17,17
1094,2409,bavli_only,,2,0
1094,2423,hyman_only,contemporaryOf,0,0
1094,2445,both,transmitsFrom;transmitsTo,3,0
1094,2578,both,teacherOf;transmitsFrom,15,0
1094,2581,bavli_only,,2,0
1094,2582,both,contemporaryOf,24,8
1094,2763,both,transmitsFrom,22,0
1094,2830,bavli_only,,1,0
1094,2938,both,teacherOf;transmitsFrom,7,3
1098,229,hyman_only,hasFather,0,0
1098,515,hyman_only,contemporaryOf,0,0
1098,571,hyman_only,contemporaryOf,0,0
1099,2879,hyman_only,transmitsFrom,0,0
1101,134,hyman_only,colleagueOf;contemporaryOf,0,0
1101,1764,bavli_only,,2,0
1101,2170,bavli_only,,1,0
1101,2285,both,colleagueOf,3,1
1101,2298,bavli_only,,1,0
1101,2409,both,studentOf;transmitsFrom,2,0
1102,6,both,teacherOf,6,0
1102,43,hyman_only,studentOf,0,0
1102,121,bavli_only,,1,0
1102,256,bavli_only,,1,0
1102,495,bavli_only,,2,0
1102,534,hyman_only,teacherOf;transmitsFrom,0,0
1102,547,both,contemporaryOf,5,5
1102,571,bavli_only,,1,0
1102,895,both,colleagueOf,3,0
1102,1127,hyman_only,studentOf,0,0
1102,1327,bavli_only,,2,0
1102,1570,bavli_only,,2,0
1102,1952,bavli_only,,1,0
1102,2448,both,teacherOf,2,0
1102,2518,bavli_only,,2,2
1102,2578,both,studentOf;teacherOf;transmitsFrom,94,1
1102,2582,bavli_only,,1,0
1102,2585,both,teacherOf;transmitsFrom,1,0
1102,2763,both,transmitsFrom,9,0
1102,2879,both,disputesWith,2,0
1105,535,bavli_only,,1,0
1105,1689,both,studentOf;transmitsFrom,1,0
1105,1731,both,studentOf;transmitsFrom,5,0
1105,2368,hyman_only,transmitsFrom,0,0
1106,121,both,studentOf,2,0
1106,1570,bavli_only,,4,0
1106,2465,bavli_only,,1,0
1106,2518,bavli_only,,2,0
1106,2582,both,studentOf;teacherOf;transmitsFrom,4,0
1106,2647,bavli_only,,2,0
1108,1570,both,contemporaryOf,4,2
1108,2865,hyman_only,colleagueOf,0,0
1108,2879,both,contemporaryOf,8,4
1111,1922,hyman_only,transmitsFrom,0,0
1113,121,both,transmitsFrom,1,0
1113,239,both,teacherOf;transmitsFrom,2,0
1113,368,hyman_only,transmitsFrom,0,0
1113,820,both,teacherOf,13,0
1113,1345,bavli_only,,2,0
1113,1395,bavli_only,,1,0
1113,1570,both,contemporaryOf;disputesWith,23,10
1113,1615,hyman_only,teacherOf,0,0
1113,1657,bavli_only,,1,0
1113,1689,bavli_only,,1,0
1113,1814,bavli_only,,2,0
1113,1922,hyman_only,teacherOf,0,0
1113,2082,hyman_only,transmitsFrom,0,0
1113,2285,bavli_only,,1,0
1113,2518,bavli_only,,2,0
1113,2578,both,studentOf;teacherOf;transmitsFrom,21,1
1113,2582,bavli_only,,1,0
1113,2586,bavli_only,,1,0
1113,2763,both,studentOf,17,15
1113,2879,both,colleagueOf;contemporaryOf;disputesWith,4,3
1113,2938,bavli_only,,1,0
1115,1885,hyman_only,hasFather,0,0
1122,1979,hyman_only,studentOf;transmitsFrom,0,0
1123,895,hyman_only,transmitsFrom,0,0
1123,1345,both,transmitsFrom,2,0
1123,2344,hyman_only,hasFather,0,0
1123,2578,bavli_only,,1,0
1123,2582,hyman_only,contemporaryOf,0,0
1126,51,hyman_only,teacherOf,0,0
1126,294,hyman_only,transmitsFrom,0,0
1127,121,both,teacherOf;transmitsFrom,2,0
1127,467,bavli_only,,1,0
1127,534,both,disputesWith,1,0
1127,571,bavli_only,,1,0
1127,895,both,colleagueOf;disputesWith,25,3
1127,913,both,teacherOf,1,0
1127,1160,hyman_only,colleagueOf,0,0
1127,1279,both,teacherOf,2,0
1127,1327,both,studentOf,3,0
1127,1345,bavli_only,,3,0
1127,1394,both,studentOf,3,0
1127,1395,bavli_only,,1,0
1127,1657,bavli_only,,1,0
1127,2285,bavli_only,,3,2
1127,2518,bavli_only,,2,0
1127,2578,both,hasFather;studentOf;teacherOf;transmitsFrom,21,11
1127,2582,bavli_only,,2,0
1127,2586,both,colleagueOf,1,0
1127,2738,hyman_only,hasSon,0,0
1127,2763,both,studentOf,10,6
1129,871,hyman_only,contemporaryOf,0,0
1129,1345,hyman_only,studentOf;transmitsFrom,0,0
1129,2581,hyman_only,hasFather,0,0
1132,92,hyman_only,contemporaryOf,0,0
1132,792,hyman_only,colleagueOf;disputesWith,0,0
1133,286,hyman_only,transmitsFrom,0,0
1133,2298,hyman_only,teacherOf,0,0
1134,922,hyman_only,colleagueOf,0,0
1134,2518,hyman_only,studentOf,0,0
1134,2582,hyman_only,studentOf;teacherOf,0,0
1134,2775,hyman_only,colleagueOf,0,0
1135,993,hyman_only,disputesWith,0,0
1143,535,hyman_only,transmitsFrom,0,0
1143,2004,hyman_only,transmitsFrom,0,0
1143,2075,hyman_only,colleagueOf,0,0
1143,2578,hyman_only,transmitsFrom,0,0
1146,31,hyman_only,colleagueOf;teacherOf,0,0
1146,43,hyman_only,colleagueOf,0,0
1146,50,hyman_only,colleagueOf,0,0
1146,92,hyman_only,contemporaryOf,0,0
1146,121,bavli_only,,2,0
1146,286,hyman_only,colleagueOf,0,0
1146,467,hyman_only,contemporaryOf,0,0
1146,495,hyman_only,contemporaryOf,0,0
1146,792,hyman_only,studentOf;teacherOf;transmitsFrom,0,0
1146,820,hyman_only,colleagueOf,0,0
1146,832,hyman_only,contemporaryOf,0,0
1146,895,both,studentOf;teacherOf,22,0
1146,1175,both,teacherOf;transmitsFrom,8,0
1146,1176,hyman_only,colleagueOf;disputesWith,0,0
1146,1307,hyman_only,hasSon,0,0
1146,1570,both,disputesWith;transmitsFrom,1,0
1146,1624,bavli_only,,1,1
1146,1689,hyman_only,colleagueOf,0,0
1146,1885,both,contemporaryOf,5,4
1146,2004,hyman_only,contemporaryOf,0,0
1146,2405,hyman_only,colleagueOf,0,0
1146,2410,both,transmitsFrom;transmitsTo,3,0
1146,2453,hyman_only,transmitsTo,0,0
1146,2578,hyman_only,teacherOf;transmitsFrom,0,0
1146,2582,bavli_only,,1,0
1146,2760,hyman_only,colleagueOf,0,0
1146,2800,both,studentOf,7,7
1146,2938,hyman_only,colleagueOf,0,0
1152,121,bavli_only,,1,0
1152,828,hyman_only,contemporaryOf,0,0
1152,885,bavli_only,,1,0
1152,1570,bavli_only,,2,0
1152,1593,hyman_only,colleagueOf,0,0
1152,1971,hyman_only,contemporaryOf,0,0
1152,2465,hyman_only,colleagueOf;disputesWith,0,0
1153,2068,hyman_only,studentOf;transmitsFrom,0,0
1155,2696,hyman_only,hasFather,0,0
1156,1570,hyman_only,transmitsFrom,0,0
1158,92,hyman_only,teacherOf,0,0
1158,140,hyman_only,teacherOf,0,0
1158,257,hyman_only,teacherOf,0,0
1158,467,hyman_only,colleagueOf,0,0
1158,895,bavli_only,,1,0
1158,2498,hyman_only,teacherOf,0,0
1158,2575,hyman_only,transmitsFrom,0,0
1158,2891,hyman_only,studentOf;teacherOf;transmitsFrom,0,0
1159,2582,hyman_only,teacherOf,0,0
1160,467,bavli_only,,1,0
1160,895,hyman_only,colleagueOf,0,0
1160,911,hyman_only,colleagueOf,0,0
1160,1354,hyman_only,hasFather,0,0
1160,2129,hyman_only,colleagueOf,0,0
1160,2465,bavli_only,,1,0
1160,2578,hyman_only,studentOf;teacherOf,0,0
1164,139,bavli_only,,2,0
1164,286,bavli_only,,1,0
1164,467,bavli_only,,1,0
1164,514,both,transmitsFrom,1,0
1164,571,bavli_only,,2,0
1164,895,bavli_only,,1,0
1164,993,bavli_only,,2,0
1164,1345,bavli_only,,1,1
1164,1394,bavli_only,,1,0
1164,1544,bavli_only,,1,0
1164,2068,bavli_only,,1,0
1164,2156,bavli_only,,1,0
1164,2164,bavli_only,,1,0
1164,2409,bavli_only,,1,0
1164,2518,bavli_only,,4,4
1164,2578,bavli_only,,2,0
1164,2582,bavli_only,,1,0
1164,2647,bavli_only,,3,0
1164,2705,bavli_only,,2,2
1164,2763,bavli_only,,1,0
1164,2938,bavli_only,,3,0
1165,239,hyman_only,disputesWith;hasFather,0,0
1165,467,hyman_only,teacherOf,0,0
1168,2578,hyman_only,hasFather,0,0
1169,189,hyman_only,hasFather,0,0
1169,1854,hyman_only,contemporaryOf,0,0
1169,2285,hyman_only,contemporaryOf,0,0
1170,239,hyman_only,hasFather,0,0
1170,1173,hyman_only,hasGrandfather,0,0
1172,2582,hyman_only,studentOf;teacherOf,0,0
1172,2646,hyman_only,colleagueOf,0,0
1173,239,bavli_only,,3,1
1173,485,hyman_only,colleagueOf;disputesWith,0,0
1173,618,hyman_only,hasFather,0,0
1173,1508,both,contemporaryOf,1,0
1173,1852,hyman_only,teacherOf,0,0
1173,1986,bavli_only,,6,5
1175,147,both,teacherOf;transmitsFrom,1,0
1175,229,bavli_only,,1,0
1175,534,bavli_only,,2,0
1175,895,bavli_only,,1,0
1175,1345,both,teacherOf,3,0
1175,1764,bavli_only,,1,0
1175,1952,bavli_only,,1,0
1175,2129,both,teacherOf;transmitsFrom,2,0
1175,2298,bavli_only,,1,0
1175,2578,both,studentOf;teacherOf;transmitsFrom,58,0
1175,2581,bavli_only,,2,0
1175,2582,bavli_only,,1,0
1175,2596,hyman_only,teacherOf,0,0
1175,2608,both,transmitsFrom,2,0
1175,2612,bavli_only,,12,0
1175,2763,both,studentOf,2,2
1176,341,hyman_only,contemporaryOf,0,0
1176,467,bavli_only,,2,0
1176,792,hyman_only,transmitsFrom,0,0
1176,1396,hyman_only,contemporaryOf,0,0
1176,1570,bavli_only,,5,0
1176,1615,bavli_only,,2,0
1176,1624,bavli_only,,2,0
1176,1885,both,transmitsFrom,3,0
1176,2041,both,teacherOf,2,0
1176,2068,bavli_only,,1,0
1176,2161,bavli_only,,1,0
1176,2298,bavli_only,,1,0
1176,2409,bavli_only,,1,0
1176,2498,hyman_only,teacherOf,0,0
1176,2518,bavli_only,,3,0
1176,2578,bavli_only,,1,0
1176,2582,bavli_only,,2,0
1176,2801,hyman_only,transmitsFrom,0,0
1176,2846,bavli_only,,1,0
1176,2879,bavli_only,,2,0
1176,2993,hyman_only,transmitsFrom,0,0
1178,239,both,studentOf;transmitsFrom,2,0
1178,495,hyman_only,colleagueOf,0,0
1178,535,both,colleagueOf,3,0
1178,867,hyman_only,teacherOf,0,0
1178,1570,both,contemporaryOf,1,0
1179,121,both,teacherOf,1,0
1179,1544,hyman_only,transmitsFrom,0,0
1179,1615,hyman_only,teacherOf,0,0
1179,1657,hyman_only,disputesWith,0,0
1179,1689,both,studentOf;transmitsFrom,3,0
1179,1952,hyman_only,teacherOf,0,0
1179,2031,hyman_only,colleagueOf,0,0
1179,2582,bavli_only,,2,0
1179,2879,hyman_only,transmitsFrom,0,0
1181,121,hyman_only,colleagueOf,0,0
1181,2586,hyman_only,hasFather,0,0
1185,121,hyman_only,colleagueOf,0,0
1185,194,hyman_only,hasFatherInLaw;relatedTo,0,0
1185,895,hyman_only,teacherOf,0,0
1185,1394,hyman_only,transmitsFrom,0,0
1185,1764,hyman_only,contemporaryOf,0,0
1185,2225,hyman_only,contemporaryOf,0,0
1185,2285,hyman_only,contemporaryOf,0,0
1185,2578,hyman_only,hasUncle;teacherOf,0,0
1185,2938,hyman_only,colleagueOf,0,0
1186,1952,hyman_only,transmitsFrom,0,0
1187,17,bavli_only,,1,0
1187,229,bavli_only,,2,0
1187,1394,both,colleagueOf,7,6
1187,2594,bavli_only,,2,0
1187,2763,both,studentOf;transmitsFrom,11,6
1189,2389,hyman_only,contemporaryOf,0,0
1192,417,bavli_only,,1,0
1192,1764,bavli_only,,1,0
1192,2068,bavli_only,,1,0
1192,2285,both,contemporaryOf,3,3
1192,2913,both,transmitsFrom,22,0
1192,2938,both,contemporaryOf,3,3
1194,895,both,studentOf,9,5
1194,1345,both,colleagueOf;disputesWith,2,0
1194,2980,hyman_only,hasFather,0,0
1197,895,bavli_only,,1,0
1197,1345,bavli_only,,2,2
1197,1885,bavli_only,,4,0
1197,2068,bavli_only,,1,0
1197,2285,bavli_only,,3,3
1197,2578,hyman_only,teacherOf,0,0
1197,2879,both,teacherOf,1,0
1198,2594,bavli_only,,1,0
1199,1570,bavli_only,,6,4
1201,867,both,teacherOf;transmitsFrom,2,0
1201,1544,both,contemporaryOf,1,0
1205,2969,both,teacherOf,1,0
1206,478,bavli_only,,1,0
1206,1394,bavli_only,,2,0
1206,2285,bavli_only,,4,0
1206,2423,both,teacherOf,2,0
1206,2763,both,studentOf;transmitsFrom,12,0
1208,571,bavli_only,,2,2
1210,1657,bavli_only,,1,0
1210,1764,bavli_only,,1,0
1212,6,bavli_only,,4,0
1212,31,both,studentOf;transmitsFrom,3,0
1212,32,hyman_only,studentOf;transmitsFrom,0,0
1212,43,both,transmitsFrom,4,0
1212,47,bavli_only,,2,0
1212,92,both,hasSon;transmitsFrom,3,0
1212,139,hyman_only,transmitsFrom,0,0
1212,192,both,studentOf,3,2
1212,194,bavli_only,,2,0
1212,239,hyman_only,contemporaryOf,0,0
1212,257,hyman_only,disputesWith;transmitsFrom,0,0
1212,281,hyman_only,hasFather,0,0
1212,342,hyman_only,studentOf;transmitsFrom,0,0
1212,368,both,studentOf,12,8
1212,417,bavli_only,,11,6
1212,467,both,studentOf,36,0
1212,478,bavli_only,,2,0
1212,485,bavli_only,,3,0
1212,495,bavli_only,,10,0
1212,520,bavli_only,,6,2
1212,527,bavli_only,,1,0
1212,534,bavli_only,,3,0
1212,535,bavli_only,,3,0
1212,557,both,colleagueOf,1,0
1212,571,bavli_only,,6,1
1212,828,bavli_only,,1,0
1212,829,bavli_only,,4,2
1212,830,hyman_only,teacherOf,0,0
1212,867,both,transmitsFrom,3,0
1212,895,both,transmitsFrom,7,0
1212,922,bavli_only,,1,0
1212,976,hyman_only,teacherOf,0,0
1212,977,bavli_only,,2,0
1212,1272,bavli_only,,1,0
1212,1295,hyman_only,studentOf,0,0
1212,1305,bavli_only,,1,0
1212,1306,bavli_only,,1,0
1212,1345,bavli_only,,5,0
1212,1395,bavli_only,,5,0
1212,1508,bavli_only,,31,0
1212,1527,bavli_only,,1,0
1212,1544,bavli_only,,16,0
1212,1570,both,studentOf,66,7
1212,1622,bavli_only,,1,0
1212,1624,bavli_only,,8,2
1212,1638,bavli_only,,2,0
1212,1657,bavli_only,,4,0
1212,1663,bavli_only,,1,0
1212,1689,bavli_only,,2,0
1212,1695,bavli_only,,1,0
1212,1764,bavli_only,,9,2
1212,1814,bavli_only,,9,1
1212,1832,bavli_only,,1,0
1212,1854,bavli_only,,2,0
1212,1885,bavli_only,,3,0
1212,1952,bavli_only,,3,0
1212,1954,bavli_only,,2,0
1212,1979,bavli_only,,1,0
1212,1986,bavli_only,,6,0
1212,2032,both,colleagueOf,4,0
1212,2041,bavli_only,,3,0
1212,2068,bavli_only,,3,0
1212,2075,bavli_only,,2,1
1212,2124,hyman_only,disputesWith,0,0
1212,2161,bavli_only,,4,0
1212,2266,bavli_only,,2,0
1212,2285,bavli_only,,3,0
1212,2298,bavli_only,,8,0
1212,2330,bavli_only,,5,0
1212,2409,bavli_only,,7,0
1212,2423,bavli_only,,1,0
1212,2447,hyman_only,transmitsFrom,0,0
1212,2465,bavli_only,,6,0
1212,2518,bavli_only,,3,0
1212,2578,both,colleagueOf;disputesWith,40,0
1212,2581,bavli_only,,1,0
1212,2582,bavli_only,,22,0
1212,2586,bavli_only,,4,0
1212,2594,bavli_only,,2,2
1212,2602,bavli_only,,2,0
1212,2618,bavli_only,,1,0
1212,2646,bavli_only,,1,0
1212,2647,bavli_only,,2,0
1212,2664,bavli_only,,2,0
1212,2681,bavli_only,,1,0
1212,2690,bavli_only,,2,0
1212,2763,bavli_only,,14,0
1212,2788,both,transmitsFrom,3,0
1212,2800,bavli_only,,2,0
1212,2801,both,studentOf;transmitsFrom,3,0
1212,2830,bavli_only,,4,0
1212,2839,both,studentOf;transmitsFrom,5,3
1212,2846,bavli_only,,1,0
1212,2879,both,studentOf,14,4
1212,2888,bavli_only,,1,0
1212,2891,hyman_only,transmitsFrom,0,0
1212,2920,bavli_only,,4,0
1212,2938,bavli_only,,1,0
1213,124,hyman_only,hasBrother,0,0
1213,139,bavli_only,,2,0
1213,239,bavli_only,,3,0
1213,465,bavli_only,,1,0
1213,1345,bavli_only,,4,2
1213,1570,bavli_only,,3,0
1213,1689,bavli_only,,1,0
1213,1814,bavli_only,,2,1
1213,2578,bavli_only,,2,0
1213,2581,bavli_only,,3,2
1213,2582,bavli_only,,3,1
1213,2647,bavli_only,,3,3
1213,2735,bavli_only,,2,0
1213,2763,bavli_only,,2,0
1213,2879,bavli_only,,2,0
1214,368,bavli_only,,2,0
1214,417,bavli_only,,2,0
1214,1570,bavli_only,,2,0
1214,1624,bavli_only,,2,0
1214,1657,bavli_only,,1,0
1214,2498,hyman_only,transmitsTo,0,0
1214,2582,bavli_only,,1,0
1214,2763,bavli_only,,4,0
1218,983,hyman_only,contemporaryOf,0,0
1222,1890,hyman_only,hasFather,0,0
1222,2578,both,studentOf;teacherOf;transmitsFrom,3,0
1225,124,hyman_only,hasBrother,0,0
1225,2581,hyman_only,studentOf;transmitsFrom,0,0
1225,2615,hyman_only,contemporaryOf,0,0
1228,1657,hyman_only,colleagueOf,0,0
1228,2581,hyman_only,relatedTo,0,0
1228,2760,hyman_only,hasFather,0,0
1230,1508,bavli_only,,1,0
1230,1885,bavli_only,,1,0
1230,2582,bavli_only,,1,0
1233,256,hyman_only,disputesWith,0,0
1233,322,hyman_only,disputesWith,0,0
1233,2578,bavli_only,,1,0
1233,2647,bavli_only,,2,0
1235,918,both,contemporaryOf,6,4
1235,2092,bavli_only,,6,0
1235,2093,bavli_only,,8,0
1235,2518,bavli_only,,9,2
1235,2647,bavli_only,,2,0
1235,2744,bavli_only,,2,0
1237,478,bavli_only,,4,0
1237,850,both,disputesWith,2,0
1237,895,bavli_only,,1,0
1237,1345,bavli_only,,1,0
1237,1395,bavli_only,,1,0
1237,1519,hyman_only,contemporaryOf,0,0
1237,1544,bavli_only,,1,0
1237,1657,both,contemporaryOf,3,0
1237,1695,bavli_only,,3,0
1237,1979,hyman_only,disputesWith,0,0
1237,2068,both,disputesWith,10,0
1237,2174,bavli_only,,2,0
1237,2285,bavli_only,,2,0
1237,2298,bavli_only,,1,0
1237,2465,both,disputesWith,2,0
1237,2518,bavli_only,,2,0
1237,2578,bavli_only,,2,0
1237,2582,bavli_only,,2,0
1237,2738,bavli_only,,1,0
1237,2763,bavli_only,,7,0
1237,2852,both,contemporaryOf,4,0
1239,602,hyman_only,relatedTo,0,0
1242,92,both,transmitsFrom,4,0
1242,417,bavli_only,,2,0
1242,829,hyman_only,hasFather;studentOf,0,0
1242,1383,hyman_only,studentOf,0,0
1242,1395,bavli_only,,2,0
1242,1423,bavli_only,,1,0
1242,1432,bavli_only,,6,0
1242,1508,bavli_only,,1,0
1242,1570,bavli_only,,1,0
1242,1580,both,disputesWith,2,0
1242,1608,bavli_only,,1,0
1242,1657,hyman_only,disputesWith,0,0
1242,1742,both,disputesWith,1,0
1242,2068,both,disputesWith,6,0
1242,2298,bavli_only,,1,0
1242,2465,bavli_only,,2,0
1242,2852,both,disputesWith;hasBrother,2,0
1243,829,both,contemporaryOf,1,0
1243,850,hyman_only,hasFather;hasSon,0,0
1243,1583,hyman_only,studentOf,0,0
1243,1764,bavli_only,,2,0
1243,2491,bavli_only,,1,0
1243,2497,bavli_only,,1,0
1245,1394,bavli_only,,2,0
1245,2578,bavli_only,,3,0
1245,2852,bavli_only,,2,0
1247,2830,bavli_only,,2,2
1251,2578,hyman_only,teacherOf,0,0
1259,1394,hyman_only,transmitsFrom,0,0
1261,417,bavli_only,,2,0
1261,467,hyman_only,transmitsFrom,0,0
1261,514,bavli_only,,1,1
1261,534,hyman_only,transmitsFrom,0,0
1261,2237,bavli_only,,2,0
1261,2578,both,studentOf;transmitsFrom,2,0
1261,2763,both,transmitsFrom,5,0
1275,92,bavli_only,,2,0
1275,281,bavli_only,,4,0
1275,368,both,transmitsFrom,3,0
1275,411,both,contemporaryOf,1,1
1275,2398,both,disputesWith,2,1
1275,2586,bavli_only,,2,0
1275,2647,bavli_only,,1,0
1275,2724,bavli_only,,2,0
1277,2582,bavli_only,,5,0
1279,982,hyman_only,contemporaryOf,0,0
1279,1362,bavli_only,,2,0
1279,2445,hyman_only,contemporaryOf,0,0
1279,2578,both,studentOf;transmitsFrom,15,3
1282,417,hyman_only,teacherOf,0,0
1282,473,hyman_only,colleagueOf,0,0
1282,480,hyman_only,hasBrother,0,0
1286,1345,hyman_only,disputesWith,0,0
1286,1394,hyman_only,disputesWith,0,0
1287,571,bavli_only,,1,0
1287,1570,bavli_only,,1,0
1287,1814,bavli_only,,1,0
1287,2285,bavli_only,,4,3
1287,2518,bavli_only,,1,0
1287,2578,bavli_only,,2,0
1287,2581,bavli_only,,1,1
1290,1345,bavli_only,,2,0
1290,1695,bavli_only,,2,0
1290,1807,bavli_only,,1,0
1290,2161,bavli_only,,1,0
1290,2174,bavli_only,,2,0
1290,2409,bavli_only,,1,0
1290,2533,bavli_only,,1,0
1290,2582,bavli_only,,2,0
1292,534,hyman_only,transmitsFrom,0,0
1292,535,bavli_only,,2,0
1292,1570,hyman_only,transmitsFrom,0,0
1292,2010,hyman_only,hasFather,0,0
1292,2578,hyman_only,transmitsFrom,0,0
1293,1394,bavli_only,,3,0
1293,1395,bavli_only,,2,0
1293,1508,bavli_only,,1,0
1293,1583,bavli_only,,1,0
1293,1657,bavli_only,,3,0
1293,1952,bavli_only,,1,0
1293,1979,bavli_only,,3,0
1293,2068,bavli_only,,4,0
1293,2465,bavli_only,,6,0
1293,2854,hyman_only,hasFather,0,0
1295,1395,bavli_only,,2,0
1295,1814,both,studentOf,4,2
1301,417,both,teacherOf,7,0
1305,571,bavli_only,,1,1
1305,599,both,teacherOf,2,0
1305,1334,hyman_only,hasSon,0,0
1305,1544,hyman_only,transmitsFrom,0,0
1305,1570,bavli_only,,2,0
1305,1814,bavli_only,,1,0
1305,2437,hyman_only,transmitsTo,0,0
1305,2578,both,teacherOf,5,0
1305,2800,bavli_only,,1,0
1306,92,bavli_only,,1,0
1306,1508,bavli_only,,3,0
1306,1764,bavli_only,,1,0
1306,1854,both,transmitsFrom,1,0
1306,2068,bavli_only,,1,0
1307,1331,hyman_only,colleagueOf,0,0
1307,1690,hyman_only,hasSon,0,0
1307,2582,hyman_only,teacherOf,0,0
1310,895,both,contemporaryOf,8,4
1313,224,hyman_only,colleagueOf,0,0
1314,2478,both,transmitsTo,2,0
1314,2578,bavli_only,,1,0
1314,2763,bavli_only,,9,0
1315,232,hyman_only,transmitsFrom,0,0
1315,495,hyman_only,hasFather,0,0
1315,2478,hyman_only,transmitsFrom,0,0
1318,1327,hyman_only,hasGrandfather,0,0
1318,1345,both,hasFather;studentOf;transmitsFrom,4,3
1318,2296,hyman_only,hasBrother,0,0
1318,2578,both,teacherOf,3,2
1319,2578,hyman_only,contemporaryOf,0,0
1319,2582,both,contemporaryOf,5,0
1321,895,bavli_only,,2,0
1324,2465,bavli_only,,4,0
1327,139,both,transmitsFrom,1,0
1327,163,hyman_only,contemporaryOf,0,0
1327,571,bavli_only,,3,2
1327,842,both,transmitsFrom,2,0
1327,895,both,colleagueOf,5,5
1327,1345,bavli_only,,4,2
1327,1570,bavli_only,,1,0
1327,2578,both,relatedTo;teacherOf,33,2
1327,2582,bavli_only,,3,0
1327,2763,bavli_only,,1,0
1327,2830,bavli_only,,1,0
1331,224,hyman_only,colleagueOf,0,0
1331,417,bavli_only,,1,0
1331,1764,bavli_only,,2,0
1331,2465,hyman_only,contemporaryOf,0,0
1331,2856,hyman_only,colleagueOf,0,0
1331,2888,hyman_only,colleagueOf,0,0
1333,923,hyman_only,contemporaryOf,0,0
1333,1514,hyman_only,studentOf,0,0
1333,1764,hyman_only,contemporaryOf,0,0
1333,2225,hyman_only,studentOf,0,0
1336,571,hyman_only,contemporaryOf,0,0
1337,977,bavli_only,,1,0
1337,1345,both,disputesWith,1,0
1337,2006,hyman_only,contemporaryOf,0,0
1337,2582,bavli_only,,1,0
1339,388,both,studentOf;transmitsFrom;transmitsTo,5,0
1339,787,hyman_only,colleagueOf,0,0
1339,895,hyman_only,colleagueOf,0,0
1339,1345,bavli_only,,4,4
1339,1802,bavli_only,,2,0
1339,2498,hyman_only,transmitsTo,0,0
1339,2578,both,studentOf;teacherOf;transmitsFrom,35,0
1339,2582,bavli_only,,3,0
1344,495,bavli_only,,4,0
1344,2285,bavli_only,,1,0
1344,2582,both,transmitsFrom,1,0
1345,34,bavli_only,,2,0
1345,37,hyman_only,teacherOf,0,0
1345,66,bavli_only,,3,1
1345,92,bavli_only,,5,0
1345,139,bavli_only,,2,2
1345,140,bavli_only,,1,0
1345,149,hyman_only,studentOf,0,0
1345,171,both,contemporaryOf,1,1
1345,194,both,colleagueOf,7,0
1345,239,bavli_only,,3,0
1345,261,bavli_only,,5,4
1345,276,hyman_only,transmitsFrom,0,0
1345,283,both,studentOf,2,2
1345,284,bavli_only,,2,2
1345,286,both,disputesWith,5,0
1345,291,bavli_only,,4,4
1345,292,bavli_only,,2,1
1345,297,bavli_only,,1,0
1345,312,both,disputesWith,2,2
1345,322,bavli_only,,2,0
1345,341,hyman_only,studentOf;transmitsFrom,0,0
1345,343,both,studentOf,13,3
1345,417,bavli_only,,1,0
1345,467,bavli_only,,8,0
1345,478,bavli_only,,3,0
1345,485,bavli_only,,1,0
1345,495,bavli_only,,8,0
1345,514,bavli_only,,3,0
1345,534,both,teacherOf,4,0
1345,535,bavli_only,,2,0
1345,548,bavli_only,,2,0
1345,571,bavli_only,,27,3
1345,691,bavli_only,,1,0
1345,829,bavli_only,,1,0
1345,842,both,contemporaryOf,1,1
1345,867,bavli_only,,1,1
1345,871,hyman_only,colleagueOf,0,0
1345,895,both,colleagueOf;disputesWith;teacherOf,148,32
1345,899,bavli_only,,1,0
1345,913,bavli_only,,5,1
1345,917,bavli_only,,1,0
1345,918,bavli_only,,2,0
1345,942,bavli_only,,2,0
1345,977,both,colleagueOf;disputesWith,39,18
1345,978,hyman_only,colleagueOf;studentOf,0,0
1345,1354,hyman_only,transmitsFrom,0,0
1345,1385,bavli_only,,2,0
1345,1394,bavli_only,,9,0
1345,1395,bavli_only,,31,0
1345,1423,bavli_only,,2,0
1345,1480,bavli_only,,1,0
1345,1508,bavli_only,,18,0
1345,1527,bavli_only,,5,0
1345,1544,bavli_only,,2,0
1345,1570,bavli_only,,53,0
1345,1577,bavli_only,,1,0
1345,1624,bavli_only,,2,0
1345,1657,bavli_only,,13,0
1345,1689,bavli_only,,3,0
1345,1695,bavli_only,,9,0
1345,1726,bavli_only,,1,0
1345,1742,bavli_only,,3,0
1345,1764,bavli_only,,43,9
1345,1804,bavli_only,,1,0
1345,1832,bavli_only,,7,0
1345,1876,bavli_only,,2,2
1345,1885,bavli_only,,12,6
1345,1890,bavli_only,,12,0
1345,1901,bavli_only,,3,0
1345,1952,bavli_only,,1,0
1345,1954,bavli_only,,11,2
1345,1965,bavli_only,,2,0
1345,1985,bavli_only,,3,0
1345,2007,bavli_only,,2,2
1345,2068,bavli_only,,16,0
1345,2140,both,transmitsFrom,2,0
1345,2156,bavli_only,,4,2
1345,2161,bavli_only,,3,0
1345,2174,bavli_only,,1,0
1345,2178,both,contemporaryOf,11,10
1345,2183,bavli_only,,1,1
1345,2187,both,colleagueOf;transmitsTo,2,0
1345,2198,bavli_only,,5,0
1345,2225,bavli_only,,2,0
1345,2260,bavli_only,,2,0
1345,2285,bavli_only,,53,25
1345,2296,bavli_only,,2,1
1345,2298,bavli_only,,13,0
1345,2300,bavli_only,,2,0
1345,2340,bavli_only,,2,0
1345,2341,bavli_only,,4,3
1345,2398,bavli_only,,2,2
1345,2409,bavli_only,,19,8
1345,2423,bavli_only,,22,0
1345,2426,hyman_only,studentOf,0,0
1345,2427,both,transmitsTo,2,0
1345,2445,bavli_only,,8,6
1345,2465,bavli_only,,9,0
1345,2478,bavli_only,,1,0
1345,2518,bavli_only,,22,0
1345,2527,both,studentOf,5,1
1345,2556,both,teacherOf,8,0
1345,2578,both,teacherOf,78,3
1345,2581,both,studentOf,89,37
1345,2582,both,hasFatherInLaw;studentOf,128,34
1345,2586,bavli_only,,1,0
1345,2594,bavli_only,,7,2
1345,2596,both,colleagueOf;disputesWith,36,1
1345,2612,both,colleagueOf,8,8
1345,2627,both,studentOf;transmitsFrom,9,2
1345,2628,hyman_only,transmitsFrom,0,0
1345,2631,bavli_only,,5,3
1345,2646,bavli_only,,13,0
1345,2647,bavli_only,,6,0
1345,2653,both,teacherOf,8,0
1345,2676,bavli_only,,3,0
1345,2681,both,hasFatherInLaw;studentOf,78,70
1345,2689,both,contemporaryOf,18,16
1345,2692,both,studentOf;transmitsFrom,18,2
1345,2716,bavli_only,,6,0
1345,2720,bavli_only,,2,0
1345,2735,bavli_only,,5,0
1345,2763,bavli_only,,22,2
1345,2830,bavli_only,,7,0
1345,2846,bavli_only,,1,0
1345,2852,bavli_only,,6,0
1345,2879,bavli_only,,10,0
1345,2881,bavli_only,,1,0
1345,2891,bavli_only,,2,0
1345,2912,bavli_only,,1,0
1345,2934,bavli_only,,1,0
1345,2938,both,colleagueOf;disputesWith,52,11
1345,2948,hyman_only,contemporaryOf,0,0
1345,2953,hyman_only,studentOf,0,0
1345,2957,hyman_only,transmitsFrom,0,0
1345,2977,bavli_only,,2,0
1350,2594,hyman_only,contemporaryOf,0,0
1351,913,bavli_only,,1,0
1351,2582,both,contemporaryOf,3,0
1351,2646,both,colleagueOf;contemporaryOf,6,2
1352,2763,both,studentOf;transmitsFrom,3,0
1353,829,bavli_only,,4,0
1353,2004,hyman_only,teacherOf,0,0
1353,2285,bavli_only,,5,5
1353,2830,bavli_only,,1,0
1353,2938,both,teacherOf,1,0
1354,92,hyman_only,teacherOf,0,0
1354,467,bavli_only,,2,0
1354,1385,both,studentOf;transmitsFrom,8,0
1354,1657,hyman_only,teacherOf,0,0
1354,2285,hyman_only,contemporaryOf,0,0
1354,2345,hyman_only,hasSon,0,0
1354,2578,hyman_only,transmitsFrom,0,0
1354,2582,bavli_only,,2,0
1354,2763,hyman_only,transmitsFrom,0,0
1355,2423,both,transmitsFrom,1,0
1358,820,bavli_only,,2,0
1358,2006,both,disputesWith,2,0
1358,2398,bavli_only,,1,0
1358,2578,bavli_only,,2,0
1358,2582,both,studentOf,3,0
1358,2646,hyman_only,contemporaryOf,0,0
1358,2763,bavli_only,,1,0
1358,2938,bavli_only,,1,0
1362,139,bavli_only,,2,2
1362,281,bavli_only,,2,2
1362,467,hyman_only,contemporaryOf,0,0
1362,1764,both,teacherOf,3,0
1362,2285,both,contemporaryOf,11,8
1362,2296,both,teacherOf,2,0
1362,2578,both,studentOf;transmitsFrom,8,8
1362,2969,both,teacherOf;transmitsFrom,1,0
1364,1385,bavli_only,,1,0
1364,1764,bavli_only,,6,6
1364,2578,bavli_only,,1,0
1364,2763,bavli_only,,1,0
1367,2763,bavli_only,,8,0
1368,2518,hyman_only,contemporaryOf,0,0
1375,2465,bavli_only,,12,12
1378,2472,bavli_only,,2,2
1383,139,bavli_only,,1,0
1383,406,hyman_only,contemporaryOf,0,0
1383,417,both,colleagueOf,11,2
1383,462,hyman_only,studentOf,0,0
1383,465,both,disputesWith,2,2
1383,467,bavli_only,,3,0
1383,477,hyman_only,transmitsFrom,0,0
1383,484,both,colleagueOf,4,2
1383,548,bavli_only,,2,0
1383,829,bavli_only,,4,4
1383,867,bavli_only,,1,0
1383,1395,bavli_only,,44,4
1383,1457,bavli_only,,1,0
1383,1465,bavli_only,,2,2
1383,1508,bavli_only,,2,0
1383,1527,bavli_only,,2,0
1383,1570,bavli_only,,3,0
1383,1593,bavli_only,,3,0
1383,1657,bavli_only,,3,0
1383,1689,bavli_only,,1,0
1383,1742,bavli_only,,10,7
1383,1764,bavli_only,,2,0
1383,1814,bavli_only,,2,0
1383,1979,bavli_only,,10,1
1383,2068,bavli_only,,2,0
1383,2298,bavli_only,,2,0
1383,2330,bavli_only,,1,0
1383,2465,bavli_only,,91,20
1383,2578,bavli_only,,1,0
1383,2582,bavli_only,,8,0
1383,2763,bavli_only,,9,0
1383,2830,bavli_only,,2,0
1383,2846,bavli_only,,1,0
1383,2852,bavli_only,,1,0
1383,2863,hyman_only,hasSon,0,0
1383,2879,bavli_only,,2,0
1383,2888,hyman_only,disputesWith,0,0
1383,2920,both,studentOf,2,2
1383,2944,hyman_only,contemporaryOf,0,0
1385,31,hyman_only,colleagueOf,0,0
1385,322,both,hasFather,3,0
1385,417,bavli_only,,2,0
1385,451,bavli_only,,1,0
1385,467,both,colleagueOf,4,4
1385,895,bavli_only,,1,0
1385,1395,bavli_only,,3,0
1385,1480,hyman_only,studentOf,0,0
1385,1508,both,disputesWith,1,0
1385,1570,bavli_only,,4,0
1385,1623,hyman_only,colleagueOf;disputesWith,0,0
1385,1624,bavli_only,,50,3
1385,1657,bavli_only,,1,0
1385,1742,bavli_only,,2,0
1385,1840,bavli_only,,1,0
1385,1884,hyman_only,disputesWith,0,0
1385,1885,bavli_only,,1,0
1385,1979,hyman_only,studentOf,0,0
1385,2221,hyman_only,colleagueOf,0,0
1385,2224,bavli_only,,1,0
1385,2298,bavli_only,,2,0
1385,2330,both,disputesWith,1,0
1385,2398,bavli_only,,1,0
1385,2465,bavli_only,,1,0
1385,2578,bavli_only,,4,0
1385,2581,bavli_only,,2,0
1385,2582,bavli_only,,2,0
1385,2594,bavli_only,,2,0
1385,2763,bavli_only,,2,0
1385,2980,hyman_only,colleagueOf,0,0
1387,2582,hyman_only,studentOf;teacherOf,0,0
1388,1508,bavli_only,,1,0
1388,2594,both,transmitsTo,9,4
1388,2763,hyman_only,transmitsFrom,0,0
1388,2852,bavli_only,,1,0
1390,2068,both,transmitsFrom,2,0
1392,917,both,contemporaryOf,4,2
1392,1567,hyman_only,teacherOf,0,0
1392,1764,bavli_only,,3,3
1392,2285,bavli_only,,2,0
1392,2465,bavli_only,,1,0
1392,2581,both,contemporaryOf,3,0
1392,2582,bavli_only,,1,1
1392,2705,bavli_only,,2,0
1392,2830,bavli_only,,2,0
1394,6,bavli_only,,19,5
1394,15,bavli_only,,2,0
1394,43,bavli_only,,1,0
1394,49,hyman_only,studentOf,0,0
1394,92,bavli_only,,5,0
1394,143,bavli_only,,3,0
1394,157,bavli_only,,3,3
1394,163,hyman_only,contemporaryOf,0,0
1394,171,both,contemporaryOf,2,0
1394,214,both,studentOf,2,2
1394,239,bavli_only,,10,6
1394,265,both,transmitsFrom,1,0
1394,267,bavli_only,,1,0
1394,276,bavli_only,,2,0
1394,286,bavli_only,,1,0
1394,297,both,transmitsFrom,7,0
1394,312,bavli_only,,1,0
1394,343,both,transmitsFrom,4,0
1394,417,bavli_only,,1,0
1394,451,bavli_only,,1,0
1394,467,both,colleagueOf,3,0
1394,485,bavli_only,,1,0
1394,495,bavli_only,,3,2
1394,514,bavli_only,,2,0
1394,534,both,teacherOf,27,0
1394,535,bavli_only,,1,0
1394,571,bavli_only,,15,2
1394,577,bavli_only,,1,0
1394,599,hyman_only,transmitsFrom,0,0
1394,600,bavli_only,,1,0
1394,610,bavli_only,,1,0
1394,710,hyman_only,studentOf,0,0
1394,787,both,colleagueOf,2,2
1394,829,bavli_only,,1,0
1394,842,bavli_only,,4,0
1394,874,both,studentOf,7,6
1394,885,hyman_only,disputesWith,0,0
1394,895,both,colleagueOf;disputesWith,52,2
1394,911,both,studentOf,6,5
1394,977,bavli_only,,6,3
1394,978,hyman_only,studentOf,0,0
1394,993,bavli_only,,4,0
1394,1395,bavli_only,,2,0
1394,1416,both,transmitsFrom,2,0
1394,1439,bavli_only,,1,0
1394,1490,hyman_only,disputesWith,0,0
1394,1508,bavli_only,,1,0
1394,1527,bavli_only,,2,0
1394,1544,bavli_only,,1,0
1394,1570,bavli_only,,33,2
1394,1579,bavli_only,,1,0
1394,1624,bavli_only,,1,0
1394,1657,bavli_only,,3,0
1394,1659,bavli_only,,1,1
1394,1689,bavli_only,,2,0
1394,1742,bavli_only,,1,0
1394,1764,bavli_only,,105,10
1394,1777,bavli_only,,4,4
1394,1797,bavli_only,,8,8
1394,1799,bavli_only,,2,0
1394,1804,bavli_only,,2,0
1394,1832,bavli_only,,5,0
1394,1841,bavli_only,,2,0
1394,1877,bavli_only,,2,2
1394,1885,bavli_only,,5,0
1394,1890,bavli_only,,2,0
1394,1913,bavli_only,,24,11
1394,1926,bavli_only,,1,0
1394,1932,bavli_only,,2,0
1394,1952,bavli_only,,3,0
1394,1953,bavli_only,,2,1
1394,1954,bavli_only,,9,0
1394,1979,bavli_only,,1,0
1394,2004,both,colleagueOf,2,0
1394,2005,hyman_only,studentOf,0,0
1394,2015,hyman_only,contemporaryOf,0,0
1394,2043,both,contemporaryOf,1,0
1394,2045,both,studentOf,8,4
1394,2068,bavli_only,,4,0
1394,2072,hyman_only,transmitsTo,0,0
1394,2139,hyman_only,studentOf,0,0
1394,2161,bavli_only,,8,0
1394,2174,bavli_only,,1,0
1394,2224,bavli_only,,2,0
1394,2225,bavli_only,,10,2
1394,2237,bavli_only,,3,0
1394,2285,bavli_only,,84,41
1394,2298,bavli_only,,3,0
1394,2330,bavli_only,,1,0
1394,2340,bavli_only,,1,0
1394,2344,bavli_only,,2,0
1394,2349,bavli_only,,1,0
1394,2361,bavli_only,,1,0
1394,2406,bavli_only,,1,0
1394,2409,both,contemporaryOf,41,20
1394,2441,both,contemporaryOf;disputesWith,4,0
1394,2465,bavli_only,,5,0
1394,2518,bavli_only,,17,0
1394,2528,bavli_only,,1,0
1394,2578,both,teacherOf,703,9
1394,2581,both,studentOf,32,10
1394,2582,both,studentOf,63,5
1394,2586,bavli_only,,2,0
1394,2588,both,studentOf;transmitsFrom,1,0
1394,2594,bavli_only,,6,6
1394,2596,bavli_only,,5,0
1394,2602,bavli_only,,2,0
1394,2609,bavli_only,,1,0
1394,2618,bavli_only,,1,0
1394,2622,hyman_only,contemporaryOf,0,0
1394,2625,bavli_only,,2,0
1394,2646,bavli_only,,5,0
1394,2647,bavli_only,,13,0
1394,2668,bavli_only,,13,0
1394,2684,both,hasBrother,4,0
1394,2686,both,studentOf,2,2
1394,2689,both,studentOf;transmitsFrom,5,5
1394,2716,bavli_only,,1,0
1394,2744,bavli_only,,2,0
1394,2763,bavli_only,,808,93
1394,2788,both,colleagueOf,14,9
1394,2808,bavli_only,,1,0
1394,2830,bavli_only,,4,0
1394,2846,bavli_only,,2,0
1394,2879,bavli_only,,7,0
1394,2891,bavli_only,,2,0
1394,2898,bavli_only,,1,0
1394,2938,bavli_only,,9,2
1394,2969,bavli_only,,4,0
1395,6,bavli_only,,6,0
1395,43,hyman_only,transmitsFrom,0,0
1395,47,bavli_only,,4,0
1395,92,bavli_only,,4,0
1395,140,bavli_only,,1,0
1395,194,bavli_only,,7,0
1395,207,bavli_only,,2,0
1395,215,bavli_only,,2,0
1395,239,bavli_only,,3,0
1395,256,bavli_only,,3,0
1395,286,bavli_only,,6,0
1395,297,bavli_only,,1,0
1395,304,bavli_only,,1,0
1395,322,bavli_only,,2,0
1395,355,bavli_only,,6,0
1395,367,hyman_only,hasSon;teacherOf,0,0
1395,368,bavli_only,,1,0
1395,389,bavli_only,,2,0
1395,391,bavli_only,,1,1
1395,417,bavli_only,,56,0
1395,445,bavli_only,,2,0
1395,447,bavli_only,,2,0
1395,450,bavli_only,,7,0
1395,451,bavli_only,,17,2
1395,465,bavli_only,,21,1
1395,467,bavli_only,,48,0
1395,475,bavli_only,,4,0
1395,477,hyman_only,colleagueOf;disputesWith,0,0
1395,478,bavli_only,,7,2
1395,484,bavli_only,,1,0
1395,485,bavli_only,,1,0
1395,495,bavli_only,,7,0
1395,514,bavli_only,,3,0
1395,534,bavli_only,,1,0
1395,548,bavli_only,,4,0
1395,571,bavli_only,,14,0
1395,581,bavli_only,,3,0
1395,600,bavli_only,,1,0
1395,634,bavli_only,,6,0
1395,811,bavli_only,,1,0
1395,829,bavli_only,,11,0
1395,850,bavli_only,,9,0
1395,851,bavli_only,,1,0
1395,858,bavli_only,,1,0
1395,885,bavli_only,,1,0
1395,895,bavli_only,,18,0
1395,918,bavli_only,,8,0
1395,977,bavli_only,,2,0
1395,993,bavli_only,,2,0
1395,1418,bavli_only,,5,0
1395,1423,bavli_only,,6,0
1395,1480,bavli_only,,1,0
1395,1508,bavli_only,,40,0
1395,1527,bavli_only,,16,0
1395,1536,bavli_only,,1,0
1395,1544,bavli_only,,10,0
1395,1570,bavli_only,,107,0
1395,1577,bavli_only,,8,0
1395,1580,bavli_only,,6,0
1395,1583,bavli_only,,9,1
1395,1608,bavli_only,,9,0
1395,1657,bavli_only,,282,33
1395,1689,bavli_only,,3,0
1395,1695,bavli_only,,17,0
1395,1742,bavli_only,,8,0
1395,1764,bavli_only,,34,0
1395,1779,bavli_only,,1,0
1395,1814,bavli_only,,5,0
1395,1832,bavli_only,,25,0
1395,1885,bavli_only,,6,0
1395,1913,bavli_only,,1,0
1395,1952,bavli_only,,20,0
1395,1954,bavli_only,,1,0
1395,1979,bavli_only,,10,0
1395,1985,bavli_only,,5,0
1395,1986,bavli_only,,2,2
1395,2031,bavli_only,,1,0
1395,2032,bavli_only,,3,0
1395,2068,bavli_only,,562,22
1395,2075,bavli_only,,5,0
1395,2135,both,colleagueOf,4,0
1395,2139,bavli_only,,2,0
1395,2164,bavli_only,,1,0
1395,2174,bavli_only,,2,0
1395,2206,bavli_only,,2,0
1395,2225,bavli_only,,2,0
1395,2231,bavli_only,,1,0
1395,2262,bavli_only,,4,0
1395,2263,bavli_only,,1,0
1395,2266,bavli_only,,45,11
1395,2285,bavli_only,,14,0
1395,2298,bavli_only,,35,0
1395,2330,bavli_only,,1,0
1395,2361,bavli_only,,3,0
1395,2398,bavli_only,,2,0
1395,2409,bavli_only,,20,0
1395,2423,bavli_only,,2,0
1395,2453,bavli_only,,1,0
1395,2462,bavli_only,,4,0
1395,2465,bavli_only,,37,7
1395,2478,bavli_only,,1,0
1395,2518,bavli_only,,20,0
1395,2546,bavli_only,,1,0
1395,2578,bavli_only,,54,1
1395,2581,bavli_only,,9,0
1395,2582,bavli_only,,109,0
1395,2586,bavli_only,,2,0
1395,2594,bavli_only,,5,0
1395,2596,bavli_only,,1,0
1395,2618,bavli_only,,2,0
1395,2646,bavli_only,,1,0
1395,2647,bavli_only,,7,0
1395,2651,bavli_only,,1,0
1395,2668,bavli_only,,5,0
1395,2696,bavli_only,,2,0
1395,2717,bavli_only,,3,0
1395,2744,bavli_only,,5,0
1395,2763,bavli_only,,52,0
1395,2830,bavli_only,,309,25
1395,2846,bavli_only,,10,0
1395,2852,bavli_only,,21,0
1395,2854,bavli_only,,2,0
1395,2856,bavli_only,,1,0
1395,2861,bavli_only,,1,0
1395,2864,bavli_only,,2,0
1395,2879,bavli_only,,13,0
1395,2888,bavli_only,,7,7
1395,2891,bavli_only,,1,0
1395,2920,both,disputesWith,3,0
1395,2938,bavli_only,,14,0
1395,2944,bavli_only,,1,0
1395,2977,bavli_only,,1,0
1396,43,hyman_only,teacherOf,0,0
1396,257,hyman_only,teacherOf,0,0
1396,423,hyman_only,teacherOf,0,0
1396,792,hyman_only,teacherOf,0,0
1396,2185,hyman_only,transmitsTo,0,0
1396,2578,hyman_only,teacherOf,0,0
1401,895,bavli_only,,2,0
1409,1508,bavli_only,,3,0
1409,1657,bavli_only,,4,0
1409,2068,bavli_only,,2,0
1413,1570,hyman_only,transmitsFrom,0,0
1418,229,bavli_only,,2,0
1418,417,bavli_only,,2,0
1418,477,both,studentOf,4,0
1418,1423,bavli_only,,2,0
1418,1504,hyman_only,colleagueOf,0,0
1418,1657,bavli_only,,4,0
1418,2068,bavli_only,,4,0
1418,2266,bavli_only,,3,0
1418,2269,bavli_only,,6,0
1418,2465,bavli_only,,4,0
1418,2578,bavli_only,,4,0
1418,2763,bavli_only,,2,0
1418,2830,bavli_only,,4,0
1418,2912,bavli_only,,4,4
1423,6,bavli_only,,2,0
1423,417,bavli_only,,2,0
1423,447,bavli_only,,1,0
1423,462,hyman_only,teacherOf,0,0
1423,465,bavli_only,,1,0
1423,467,bavli_only,,1,0
1423,471,bavli_only,,1,0
1423,1527,bavli_only,,2,0
1423,1570,bavli_only,,4,0
1423,1657,bavli_only,,1,0
1423,1695,bavli_only,,2,0
1423,1742,bavli_only,,1,0
1423,1979,bavli_only,,3,0
1423,2032,bavli_only,,2,0
1423,2068,bavli_only,,2,0
1423,2222,bavli_only,,2,0
1423,2285,bavli_only,,2,0
1423,2298,bavli_only,,1,0
1423,2409,bavli_only,,1,0
1423,2465,bavli_only,,8,2
1423,2578,bavli_only,,2,0
1423,2581,bavli_only,,2,0
1423,2582,bavli_only,,5,0
1423,2602,bavli_only,,1,0
1423,2763,bavli_only,,4,0
1424,17,hyman_only,contemporaryOf,0,0
1424,322,hyman_only,disputesWith,0,0
1427,1823,both,contemporaryOf,2,2
1428,417,both,contemporaryOf,5,1
1429,417,hyman_only,studentOf,0,0
1432,2068,bavli_only,,1,0
1436,865,hyman_only,hasSon,0,0
1438,2800,hyman_only,transmitsTo,0,0
1439,2763,bavli_only,,2,0
1441,371,bavli_only,,1,0
1441,467,bavli_only,,3,0
1441,1570,bavli_only,,5,0
1441,1814,bavli_only,,2,0
1441,2582,bavli_only,,4,0
1441,2830,bavli_only,,5,0
1444,256,both,transmitsFrom,2,0
1447,297,bavli_only,,1,0
1447,1552,hyman_only,studentOf,0,0
1447,2898,both,colleagueOf;disputesWith,4,1
1450,2508,hyman_only,transmitsTo,0,0
1450,2852,bavli_only,,2,0
1457,2465,bavli_only,,2,2
1459,417,bavli_only,,2,0
1459,1570,bavli_only,,1,0
1459,2763,bavli_only,,1,0
1459,2830,bavli_only,,4,0
1462,368,bavli_only,,2,0
1463,2879,bavli_only,,2,0
1464,63,hyman_only,contemporaryOf,0,0
1464,67,bavli_only,,7,7
1464,304,both,contemporaryOf,2,0
1464,2156,bavli_only,,1,0
1464,2518,bavli_only,,9,6
1465,2298,bavli_only,,1,0
1465,2465,bavli_only,,1,1
1467,1508,bavli_only,,2,2
1467,1832,bavli_only,,2,0
1467,2361,bavli_only,,2,0
1467,2578,bavli_only,,1,0
1467,2852,bavli_only,,1,0
1468,977,bavli_only,,5,3
1480,417,both,contemporaryOf,3,0
1480,471,hyman_only,transmitsFrom,0,0
1480,477,hyman_only,transmitsFrom,0,0
1480,2032,bavli_only,,2,0
1480,2068,bavli_only,,3,1
1480,2298,bavli_only,,2,0
1480,2465,bavli_only,,3,0
1480,2647,bavli_only,,1,0
1480,2763,bavli_only,,4,0
1480,2830,bavli_only,,1,0
1482,1986,bavli_only,,2,0
1482,2298,both,transmitsTo,1,0
1486,535,both,studentOf;transmitsFrom,3,0
1486,2582,hyman_only,contemporaryOf,0,0
1489,6,bavli_only,,2,0
1490,1764,bavli_only,,1,0
1490,2398,bavli_only,,1,0
1490,2578,both,teacherOf;transmitsFrom,30,0
1490,2582,bavli_only,,2,0
1490,2670,hyman_only,transmitsFrom,0,0
1490,2808,hyman_only,hasFather,0,0
1491,2068,both,studentOf;transmitsFrom,4,0
1491,2852,bavli_only,,2,0
1492,1570,both,disputesWith;transmitsTo,3,2
1493,257,hyman_only,colleagueOf,0,0
1493,417,bavli_only,,3,0
1493,467,bavli_only,,1,0
1493,896,hyman_only,colleagueOf,0,0
1493,1508,bavli_only,,1,0
1493,1952,bavli_only,,1,0
1493,1979,bavli_only,,2,0
1493,2068,bavli_only,,1,0
1493,2518,bavli_only,,1,0
1493,2879,bavli_only,,2,0
1494,1580,both,studentOf;transmitsFrom;transmitsTo,2,0
1494,2298,bavli_only,,1,0
1494,2578,bavli_only,,2,0
1494,2581,bavli_only,,3,0
1500,1544,bavli_only,,1,0
1504,1583,hyman_only,hasFather,0,0
1507,404,hyman_only,contemporaryOf,0,0
1507,829,hyman_only,contemporaryOf,0,0
1507,1536,bavli_only,,1,0
1507,2285,bavli_only,,1,0
1507,2465,hyman_only,contemporaryOf,0,0
1507,2578,bavli_only,,3,0
1508,6,bavli_only,,4,1
1508,17,both,studentOf;transmitsFrom,2,2
1508,21,hyman_only,transmitsFrom,0,0
1508,31,bavli_only,,1,0
1508,34,bavli_only,,1,0
1508,43,bavli_only,,2,0
1508,92,both,transmitsFrom,6,0
1508,192,bavli_only,,1,0
1508,194,bavli_only,,1,0
1508,239,bavli_only,,1,0
1508,241,bavli_only,,1,0
1508,256,bavli_only,,1,0
1508,281,bavli_only,,2,0
1508,286,bavli_only,,2,0
1508,297,bavli_only,,2,0
1508,312,bavli_only,,1,0
1508,322,both,contemporaryOf,2,0
1508,371,bavli_only,,2,2
1508,417,bavli_only,,21,0
1508,447,bavli_only,,1,0
1508,450,bavli_only,,1,0
1508,465,bavli_only,,2,0
1508,467,bavli_only,,9,0
1508,473,bavli_only,,2,0
1508,477,both,teacherOf,8,0
1508,478,bavli_only,,54,1
1508,484,bavli_only,,2,0
1508,485,both,contemporaryOf,42,30
1508,495,bavli_only,,2,0
1508,514,bavli_only,,1,0
1508,520,both,contemporaryOf;relatedTo,48,40
1508,535,bavli_only,,2,0
1508,557,hyman_only,studentOf,0,0
1508,571,bavli_only,,2,0
1508,592,both,contemporaryOf;studentOf,2,0
1508,628,both,hasFatherInLaw,1,0
1508,828,hyman_only,descendantOf,0,0
1508,829,bavli_only,,4,2
1508,830,both,hasFather;studentOf,1,0
1508,850,bavli_only,,4,0
1508,858,bavli_only,,1,0
1508,867,both,transmitsFrom,15,0
1508,895,both,transmitsFrom,13,0
1508,918,bavli_only,,1,0
1508,947,bavli_only,,2,0
1508,948,hyman_only,contemporaryOf,0,0
1508,965,hyman_only,descendantOf,0,0
1508,971,bavli_only,,1,0
1508,1510,hyman_only,studentOf,0,0
1508,1527,bavli_only,,4,0
1508,1536,bavli_only,,1,0
1508,1544,bavli_only,,7,0
1508,1556,bavli_only,,15,8
1508,1570,both,studentOf,40,0
1508,1577,bavli_only,,1,0
1508,1593,bavli_only,,2,0
1508,1608,bavli_only,,2,0
1508,1624,bavli_only,,7,0
1508,1640,bavli_only,,8,8
1508,1657,bavli_only,,44,3
1508,1670,bavli_only,,4,0
1508,1677,bavli_only,,2,0
1508,1689,bavli_only,,1,0
1508,1695,bavli_only,,65,1
1508,1710,bavli_only,,2,0
1508,1731,bavli_only,,22,11
1508,1742,bavli_only,,3,0
1508,1764,bavli_only,,33,1
1508,1767,bavli_only,,2,0
1508,1814,bavli_only,,10,0
1508,1832,bavli_only,,10,0
1508,1852,bavli_only,,3,0
1508,1878,bavli_only,,2,0
1508,1885,bavli_only,,12,0
1508,1889,bavli_only,,7,2
1508,1890,bavli_only,,2,0
1508,1915,bavli_only,,2,0
1508,1952,bavli_only,,4,0
1508,1979,bavli_only,,14,0
1508,1985,bavli_only,,1,0
1508,1986,bavli_only,,37,31
1508,2003,hyman_only,studentOf,0,0
1508,2032,both,studentOf,51,29
1508,2068,both,studentOf,27,0
1508,2198,bavli_only,,2,0
1508,2200,hyman_only,contemporaryOf,0,0
1508,2231,bavli_only,,1,0
1508,2266,bavli_only,,2,0
1508,2285,bavli_only,,10,0
1508,2298,bavli_only,,6,0
1508,2330,bavli_only,,34,2
1508,2351,both,contemporaryOf,3,1
1508,2364,bavli_only,,3,0
1508,2368,bavli_only,,1,0
1508,2406,bavli_only,,2,0
1508,2409,bavli_only,,1,0
1508,2453,bavli_only,,1,0
1508,2465,bavli_only,,24,0
1508,2491,bavli_only,,3,3
1508,2508,both,contemporaryOf;disputesWith,6,6
1508,2518,bavli_only,,19,0
1508,2546,bavli_only,,1,0
1508,2578,both,studentOf,62,13
1508,2581,bavli_only,,4,0
1508,2582,bavli_only,,44,0
1508,2586,bavli_only,,2,0
1508,2594,bavli_only,,2,0
1508,2618,bavli_only,,1,0
1508,2639,bavli_only,,1,0
1508,2646,bavli_only,,1,0
1508,2647,bavli_only,,7,0
1508,2664,both,studentOf,3,0
1508,2681,bavli_only,,1,0
1508,2696,bavli_only,,2,0
1508,2763,bavli_only,,26,0
1508,2824,bavli_only,,1,0
1508,2830,bavli_only,,35,3
1508,2846,bavli_only,,20,0
1508,2852,both,hasFather;studentOf,72,3
1508,2861,bavli_only,,2,2
1508,2864,bavli_only,,1,0
1508,2879,bavli_only,,15,0
1508,2881,both,colleagueOf;contemporaryOf;disputesWith,1,1
1508,2888,both,disputesWith,8,0
1508,2896,bavli_only,,55,38
1509,2298,bavli_only,,1,0
1509,2578,bavli_only,,1,0
1512,2206,bavli_only,,1,0
1512,2518,bavli_only,,2,0
1512,2578,bavli_only,,1,0
1512,2582,both,teacherOf,8,5
1512,2923,bavli_only,,1,0
1519,256,hyman_only,transmitsFrom,0,0
1519,450,hyman_only,colleagueOf,0,0
1519,465,hyman_only,teacherOf,0,0
1519,489,hyman_only,disputesWith,0,0
1519,811,hyman_only,teacherOf,0,0
1519,2888,hyman_only,contemporaryOf,0,0
1527,92,bavli_only,,1,0
1527,194,bavli_only,,2,0
1527,225,bavli_only,,19,19
1527,241,bavli_only,,1,0
1527,286,bavli_only,,1,0
1527,367,hyman_only,studentOf,0,0
1527,368,bavli_only,,4,2
1527,417,both,colleagueOf;disputesWith,386,98
1527,443,both,studentOf;transmitsFrom,2,0
1527,447,bavli_only,,1,0
1527,462,hyman_only,studentOf,0,0
1527,465,both,disputesWith,4,0
1527,467,bavli_only,,2,0
1527,475,bavli_only,,1,0
1527,477,hyman_only,studentOf;transmitsFrom,0,0
1527,478,bavli_only,,4,0
1527,484,both,disputesWith,3,0
1527,489,both,studentOf;transmitsFrom,7,5
1527,495,bavli_only,,1,0
1527,535,bavli_only,,1,0
1527,571,bavli_only,,1,0
1527,602,bavli_only,,2,0
1527,829,bavli_only,,107,35
1527,851,bavli_only,,6,4
1527,895,bavli_only,,2,0
1527,918,bavli_only,,4,0
1527,977,bavli_only,,1,0
1527,993,bavli_only,,1,0
1527,1536,bavli_only,,3,0
1527,1539,bavli_only,,2,0
1527,1544,bavli_only,,1,0
1527,1570,bavli_only,,17,0
1527,1577,bavli_only,,7,5
1527,1583,bavli_only,,9,1
1527,1593,bavli_only,,5,3
1527,1657,bavli_only,,11,0
1527,1689,bavli_only,,4,0
1527,1695,bavli_only,,1,0
1527,1745,bavli_only,,3,0
1527,1764,bavli_only,,2,0
1527,1772,bavli_only,,1,0
1527,1814,bavli_only,,2,0
1527,1885,bavli_only,,3,0
1527,1903,bavli_only,,2,0
1527,1952,bavli_only,,1,0
1527,1971,bavli_only,,1,0
1527,1979,bavli_only,,18,10
1527,1985,bavli_only,,1,0
1527,1986,bavli_only,,1,0
1527,2068,bavli_only,,14,0
1527,2156,bavli_only,,1,0
1527,2202,bavli_only,,1,0
1527,2205,bavli_only,,4,3
1527,2224,bavli_only,,1,0
1527,2225,bavli_only,,2,0
1527,2231,bavli_only,,3,0
1527,2257,hyman_only,disputesWith,0,0
1527,2260,bavli_only,,4,0
1527,2285,bavli_only,,2,0
1527,2298,bavli_only,,2,0
1527,2330,bavli_only,,1,0
1527,2361,bavli_only,,1,0
1527,2398,both,transmitsFrom,1,0
1527,2409,bavli_only,,5,0
1527,2423,bavli_only,,1,0
1527,2441,bavli_only,,1,0
1527,2465,bavli_only,,82,29
1527,2518,bavli_only,,8,0
1527,2533,bavli_only,,2,0
1527,2534,bavli_only,,2,0
1527,2546,bavli_only,,8,6
1527,2578,bavli_only,,12,0
1527,2581,bavli_only,,4,0
1527,2582,bavli_only,,15,0
1527,2594,bavli_only,,2,0
1527,2596,bavli_only,,1,0
1527,2681,bavli_only,,2,0
1527,2696,bavli_only,,1,0
1527,2744,bavli_only,,1,0
1527,2763,bavli_only,,12,0
1527,2824,bavli_only,,1,0
1527,2830,bavli_only,,6,0
1527,2833,hyman_only,disputesWith,0,0
1527,2846,bavli_only,,1,0
1527,2852,bavli_only,,5,0
1527,2856,bavli_only,,5,4
1527,2864,bavli_only,,3,0
1527,2879,bavli_only,,5,0
1527,2888,both,disputesWith;studentOf;transmitsFrom,9,0
1527,2896,bavli_only,,2,0
1527,2912,bavli_only,,5,0
1527,2969,bavli_only,,1,0
1529,1570,both,transmitsFrom,2,0
1529,2518,bavli_only,,1,0
1530,343,hyman_only,hasSon,0,0
1530,2582,bavli_only,,1,0
1532,343,hyman_only,hasFather,0,0
1532,534,bavli_only,,1,0
1532,571,both,contemporaryOf,2,0
1532,2161,bavli_only,,2,0
1532,2744,hyman_only,hasBrother,0,0
1533,1885,bavli_only,,2,2
1533,2578,bavli_only,,1,0
1536,239,bavli_only,,2,0
1536,417,bavli_only,,2,0
1536,467,bavli_only,,2,0
1536,478,bavli_only,,2,0
1536,1570,bavli_only,,3,0
1536,1695,bavli_only,,2,0
1536,1885,bavli_only,,1,0
1536,1903,bavli_only,,2,0
1536,2250,bavli_only,,1,0
1536,2330,bavli_only,,2,0
1536,2465,bavli_only,,1,0
1536,2578,bavli_only,,1,0
1536,2938,bavli_only,,1,0
1538,2578,bavli_only,,3,0
1538,2582,bavli_only,,1,0
1539,1583,bavli_only,,2,0
1539,2465,hyman_only,studentOf,0,0
1544,6,bavli_only,,1,0
1544,43,both,studentOf;transmitsFrom,2,0
1544,92,both,studentOf,3,0
1544,194,bavli_only,,1,0
1544,239,both,colleagueOf,5,0
1544,257,hyman_only,transmitsFrom,0,0
1544,281,both,transmitsFrom,2,0
1544,286,bavli_only,,2,0
1544,297,bavli_only,,3,0
1544,341,bavli_only,,3,0
1544,342,hyman_only,transmitsFrom,0,0
1544,411,both,studentOf;transmitsFrom,5,0
1544,417,bavli_only,,3,0
1544,467,both,transmitsFrom,12,2
1544,478,bavli_only,,1,0
1544,485,both,teacherOf,44,4
1544,495,bavli_only,,8,0
1544,534,bavli_only,,4,0
1544,535,bavli_only,,2,0
1544,571,bavli_only,,3,0
1544,599,bavli_only,,1,0
1544,600,bavli_only,,2,0
1544,742,hyman_only,transmitsFrom,0,0
1544,792,hyman_only,transmitsFrom,0,0
1544,829,bavli_only,,1,0
1544,830,hyman_only,teacherOf,0,0
1544,867,both,transmitsFrom,3,0
1544,881,bavli_only,,1,0
1544,895,bavli_only,,4,0
1544,977,bavli_only,,1,0
1544,1570,both,studentOf,80,0
1544,1575,bavli_only,,3,0
1544,1593,bavli_only,,1,0
1544,1657,bavli_only,,3,0
1544,1686,bavli_only,,1,0
1544,1689,bavli_only,,7,0
1544,1695,bavli_only,,3,0
1544,1716,bavli_only,,8,5
1544,1731,bavli_only,,6,0
1544,1742,bavli_only,,2,0
1544,1764,bavli_only,,8,0
1544,1832,bavli_only,,1,0
1544,1852,bavli_only,,1,0
1544,1854,bavli_only,,16,0
1544,1885,bavli_only,,3,0
1544,1901,bavli_only,,2,0
1544,1903,bavli_only,,1,0
1544,1915,bavli_only,,3,0
1544,1922,bavli_only,,8,4
1544,1952,bavli_only,,6,0
1544,1958,bavli_only,,2,0
1544,2007,bavli_only,,2,0
1544,2031,bavli_only,,2,0
1544,2032,bavli_only,,2,0
1544,2035,hyman_only,transmitsFrom,0,0
1544,2068,bavli_only,,2,0
1544,2085,bavli_only,,2,0
1544,2091,bavli_only,,2,0
1544,2161,bavli_only,,1,0
1544,2174,bavli_only,,1,0
1544,2191,both,transmitsFrom,3,0
1544,2220,bavli_only,,2,0
1544,2224,bavli_only,,1,0
1544,2266,bavli_only,,1,0
1544,2285,bavli_only,,3,0
1544,2296,bavli_only,,1,0
1544,2298,bavli_only,,6,0
1544,2398,bavli_only,,1,0
1544,2409,bavli_only,,5,0
1544,2410,bavli_only,,2,0
1544,2465,bavli_only,,1,0
1544,2508,both,transmitsTo,1,0
1544,2518,bavli_only,,3,0
1544,2520,bavli_only,,1,0
1544,2578,bavli_only,,6,0
1544,2581,bavli_only,,4,0
1544,2582,bavli_only,,9,0
1544,2594,bavli_only,,7,0
1544,2596,hyman_only,transmitsFrom,0,0
1544,2613,bavli_only,,4,0
1544,2627,bavli_only,,1,0
1544,2647,bavli_only,,2,0
1544,2681,bavli_only,,2,0
1544,2696,bavli_only,,1,0
1544,2753,hyman_only,transmitsFrom,0,0
1544,2763,bavli_only,,9,0
1544,2800,bavli_only,,7,0
1544,2824,bavli_only,,2,0
1544,2830,bavli_only,,16,3
1544,2839,both,transmitsFrom,4,2
1544,2852,bavli_only,,3,0
1544,2861,bavli_only,,1,0
1544,2865,bavli_only,,2,0
1544,2879,both,studentOf,6,0
1544,2891,both,studentOf;transmitsFrom,37,0
1544,2941,hyman_only,transmitsFrom,0,0
1544,2969,both,studentOf;transmitsFrom,12,0
1544,2980,hyman_only,studentOf,0,0
1552,2318,bavli_only,,2,0
1552,2898,bavli_only,,2,2
1555,2556,bavli_only,,1,0
1555,2852,bavli_only,,4,0
1556,43,hyman_only,transmitsFrom,0,0
1556,417,bavli_only,,1,0
1556,447,bavli_only,,3,0
1556,465,hyman_only,teacherOf,0,0
1556,478,bavli_only,,6,4
1556,511,hyman_only,hasFather,0,0
1556,792,hyman_only,transmitsFrom,0,0
1556,829,bavli_only,,1,0
1556,895,bavli_only,,2,0
1556,1570,bavli_only,,5,0
1556,1583,bavli_only,,1,0
1556,1624,bavli_only,,2,0
1556,1657,bavli_only,,1,0
1556,1764,bavli_only,,1,0
1556,1979,bavli_only,,2,0
1556,2068,bavli_only,,2,0
1556,2237,bavli_only,,1,0
1556,2266,bavli_only,,1,0
1556,2285,bavli_only,,2,0
1556,2330,bavli_only,,8,0
1556,2409,bavli_only,,1,0
1556,2578,bavli_only,,4,0
1556,2800,bavli_only,,1,0
1556,2830,bavli_only,,6,0
1556,2852,bavli_only,,2,0
1556,2881,bavli_only,,1,0
1556,2888,bavli_only,,1,0
1560,2465,bavli_only,,8,6
1565,2398,bavli_only,,2,0
1565,2582,bavli_only,,4,0
1567,2763,hyman_only,studentOf,0,0
1570,6,bavli_only,,20,1
1570,17,both,studentOf,1,0
1570,31,hyman_only,studentOf;transmitsFrom,0,0
1570,32,hyman_only,relatedTo,0,0
1570,34,bavli_only,,8,0
1570,40,both,studentOf;transmitsFrom,4,0
1570,43,both,studentOf;transmitsFrom,3,0
1570,47,bavli_only,,8,0
1570,51,hyman_only,contemporaryOf,0,0
1570,59,bavli_only,,3,0
1570,92,both,studentOf,153,22
1570,189,hyman_only,colleagueOf,0,0
1570,194,both,transmitsFrom,9,0
1570,201,bavli_only,,1,0
1570,207,bavli_only,,2,0
1570,212,hyman_only,transmitsFrom,0,0
1570,229,bavli_only,,2,0
1570,239,both,disputesWith;studentOf;teacherOf,21,4
1570,241,bavli_only,,5,2
1570,256,bavli_only,,6,0
1570,257,hyman_only,transmitsFrom,0,0
1570,270,bavli_only,,1,0
1570,275,bavli_only,,2,0
1570,276,bavli_only,,1,0
1570,281,bavli_only,,2,0
1570,286,both,transmitsFrom,4,0
1570,291,bavli_only,,2,0
1570,297,bavli_only,,4,0
1570,304,bavli_only,,2,0
1570,338,bavli_only,,4,2
1570,342,hyman_only,colleagueOf,0,0
1570,368,both,studentOf,25,0
1570,370,hyman_only,transmitsFrom,0,0
1570,371,bavli_only,,16,4
1570,411,hyman_only,studentOf;transmitsFrom,0,0
1570,417,bavli_only,,33,0
1570,426,hyman_only,disputesWith,0,0
1570,447,bavli_only,,2,0
1570,449,bavli_only,,2,0
1570,451,bavli_only,,14,0
1570,465,bavli_only,,1,0
1570,467,both,studentOf;teacherOf,279,43
1570,475,bavli_only,,1,0
1570,477,bavli_only,,1,0
1570,478,bavli_only,,18,0
1570,482,hyman_only,teacherOf,0,0
1570,485,bavli_only,,8,0
1570,495,both,teacherOf,75,16
1570,512,hyman_only,transmitsFrom,0,0
1570,514,bavli_only,,7,0
1570,534,bavli_only,,75,22
1570,535,both,teacherOf,214,43
1570,548,bavli_only,,4,0
1570,557,hyman_only,contemporaryOf,0,0
1570,571,bavli_only,,46,2
1570,579,hyman_only,transmitsFrom,0,0
1570,600,bavli_only,,3,0
1570,602,bavli_only,,9,0
1570,687,both,studentOf,10,2
1570,694,hyman_only,transmitsFrom,0,0
1570,695,both,studentOf;transmitsFrom,9,0
1570,763,bavli_only,,12,0
1570,783,bavli_only,,4,0
1570,789,bavli_only,,1,0
1570,792,hyman_only,transmitsFrom,0,0
1570,820,bavli_only,,2,0
1570,828,bavli_only,,1,0
1570,829,both,transmitsFrom,9,0
1570,830,hyman_only,teacherOf,0,0
1570,840,hyman_only,studentOf,0,0
1570,850,bavli_only,,2,0
1570,867,both,transmitsFrom,81,0
1570,881,bavli_only,,1,0
1570,885,hyman_only,disputesWith,0,0
1570,889,hyman_only,disputesWith,0,0
1570,895,both,contemporaryOf;transmitsFrom,52,0
1570,896,hyman_only,studentOf;transmitsFrom,0,0
1570,913,bavli_only,,4,0
1570,917,bavli_only,,2,0
1570,918,bavli_only,,7,0
1570,922,bavli_only,,2,0
1570,927,bavli_only,,1,0
1570,977,bavli_only,,6,0
1570,993,bavli_only,,3,0
1570,1576,bavli_only,,1,0
1570,1577,bavli_only,,1,0
1570,1583,bavli_only,,1,0
1570,1615,bavli_only,,4,0
1570,1624,bavli_only,,4,0
1570,1657,bavli_only,,62,2
1570,1659,bavli_only,,2,0
1570,1663,bavli_only,,4,0
1570,1686,both,transmitsFrom,1,0
1570,1689,bavli_only,,28,6
1570,1695,bavli_only,,12,0
1570,1697,both,transmitsFrom,3,0
1570,1716,both,transmitsFrom,2,0
1570,1729,both,transmitsFrom,2,0
1570,1742,bavli_only,,9,0
1570,1764,bavli_only,,37,2
1570,1772,bavli_only,,1,0
1570,1814,both,studentOf,58,18
1570,1819,bavli_only,,1,0
1570,1832,bavli_only,,39,1
1570,1854,bavli_only,,21,2
1570,1885,bavli_only,,104,0
1570,1889,bavli_only,,2,0
1570,1899,bavli_only,,1,0
1570,1903,bavli_only,,2,0
1570,1915,bavli_only,,40,0
1570,1916,bavli_only,,1,0
1570,1943,bavli_only,,2,0
1570,1952,bavli_only,,41,1
1570,1954,bavli_only,,3,0
1570,1965,bavli_only,,1,0
1570,1979,bavli_only,,36,0
1570,1986,bavli_only,,1,0
1570,2003,hyman_only,teacherOf,0,0
1570,2004,both,studentOf;transmitsFrom,2,0
1570,2031,bavli_only,,3,0
1570,2032,bavli_only,,4,0
1570,2041,bavli_only,,1,0
1570,2068,bavli_only,,103,0
1570,2075,bavli_only,,2,2
1570,2080,both,transmitsFrom,2,0
1570,2084,hyman_only,transmitsFrom,0,0
1570,2093,bavli_only,,1,0
1570,2119,both,transmitsFrom;transmitsTo,1,0
1570,2124,hyman_only,contemporaryOf;disputesWith,0,0
1570,2140,bavli_only,,1,0
1570,2156,bavli_only,,5,0
1570,2160,bavli_only,,1,0
1570,2161,bavli_only,,9,0
1570,2165,bavli_only,,1,0
1570,2170,bavli_only,,4,0
1570,2173,bavli_only,,1,0
1570,2174,both,studentOf;transmitsFrom,2,0
1570,2182,hyman_only,transmitsFrom,0,0
1570,2200,bavli_only,,1,0
1570,2206,bavli_only,,4,0
1570,2209,bavli_only,,2,0
1570,2216,bavli_only,,1,0
1570,2221,bavli_only,,1,0
1570,2224,bavli_only,,1,0
1570,2231,bavli_only,,1,0
1570,2237,bavli_only,,3,0
1570,2266,bavli_only,,13,0
1570,2285,bavli_only,,47,0
1570,2298,bavli_only,,21,0
1570,2330,bavli_only,,3,0
1570,2340,bavli_only,,5,2
1570,2344,bavli_only,,1,0
1570,2345,both,studentOf;transmitsFrom,2,0
1570,2357,hyman_only,contemporaryOf,0,0
1570,2359,hyman_only,colleagueOf,0,0
1570,2361,bavli_only,,2,0
1570,2368,bavli_only,,3,0
1570,2398,both,hasBrother,2,0
1570,2409,both,studentOf;transmitsFrom,106,9
1570,2429,bavli_only,,2,0
1570,2430,bavli_only,,1,0
1570,2445,bavli_only,,12,0
1570,2465,bavli_only,,34,0
1570,2478,both,transmitsFrom,10,0
1570,2511,both,transmitsTo,1,0
1570,2518,bavli_only,,81,2
1570,2533,bavli_only,,1,0
1570,2541,bavli_only,,7,0
1570,2571,bavli_only,,2,0
1570,2575,bavli_only,,1,0
1570,2578,both,contemporaryOf;studentOf,189,0
1570,2581,both,studentOf,46,0
1570,2582,bavli_only,,170,2
1570,2586,bavli_only,,2,0
1570,2594,bavli_only,,326,1
1570,2596,both,transmitsFrom,8,1
1570,2602,bavli_only,,1,0
1570,2613,bavli_only,,9,0
1570,2617,both,studentOf,2,2
1570,2627,bavli_only,,1,0
1570,2631,bavli_only,,1,0
1570,2646,bavli_only,,3,0
1570,2647,bavli_only,,27,0
1570,2664,bavli_only,,1,0
1570,2676,bavli_only,,1,0
1570,2681,bavli_only,,6,0
1570,2696,bavli_only,,3,0
1570,2709,bavli_only,,2,0
1570,2716,bavli_only,,2,0
1570,2735,bavli_only,,7,0
1570,2744,bavli_only,,5,0
1570,2763,both,contemporaryOf,170,3
1570,2769,bavli_only,,5,2
1570,2788,both,transmitsFrom,11,0
1570,2795,both,contemporaryOf,13,0
1570,2800,bavli_only,,31,0
1570,2824,bavli_only,,17,17
1570,2830,bavli_only,,182,2
1570,2834,bavli_only,,2,0
1570,2839,both,studentOf;transmitsFrom,32,11
1570,2845,both,studentOf,5,3
1570,2846,bavli_only,,3,0
1570,2852,bavli_only,,38,0
1570,2865,bavli_only,,42,2
1570,2873,bavli_only,,2,2
1570,2879,both,colleagueOf;disputesWith;relatedTo;studentOf,873,324
1570,2885,bavli_only,,1,0
1570,2888,bavli_only,,10,0
1570,2891,hyman_only,transmitsFrom,0,0
1570,2904,hyman_only,transmitsTo,0,0
1570,2920,bavli_only,,1,0
1570,2932,bavli_only,,5,0
1570,2938,both,transmitsFrom,23,2
1570,2941,bavli_only,,2,0
1570,2957,both,studentOf;transmitsFrom,1,0
1570,2969,both,transmitsFrom,1,0
1570,2991,both,teacherOf,4,4
1574,2594,both,transmitsTo,4,0
1575,1716,bavli_only,,3,0
1576,1814,bavli_only,,1,0
1577,291,bavli_only,,1,0
1577,465,bavli_only,,2,0
1577,475,bavli_only,,1,0
1577,489,hyman_only,colleagueOf,0,0
1577,571,bavli_only,,2,0
1577,895,bavli_only,,3,0
1577,1593,bavli_only,,1,0
1577,1657,bavli_only,,4,0
1577,1764,bavli_only,,1,0
1577,1985,bavli_only,,2,0
1577,2031,bavli_only,,2,0
1577,2068,bavli_only,,1,0
1577,2206,bavli_only,,1,0
1577,2266,bavli_only,,2,0
1577,2578,bavli_only,,3,0
1577,2582,bavli_only,,3,0
1577,2763,bavli_only,,2,0
1577,2830,bavli_only,,2,0
1577,2852,bavli_only,,2,2
1579,492,hyman_only,contemporaryOf,0,0
1579,829,bavli_only,,4,0
1579,2409,bavli_only,,2,0
1579,2582,bavli_only,,2,0
1580,514,bavli_only,,1,0
1581,475,bavli_only,,5,2
1581,2758,bavli_only,,2,0
1583,255,bavli_only,,1,0
1583,417,both,studentOf,11,1
1583,466,both,studentOf,12,6
1583,484,hyman_only,contemporaryOf,0,0
1583,553,bavli_only,,18,17
1583,634,both,contemporaryOf;disputesWith,3,3
1583,635,hyman_only,hasUncle,0,0
1583,659,hyman_only,studentOf,0,0
1583,800,bavli_only,,5,5
1583,828,hyman_only,colleagueOf,0,0
1583,829,bavli_only,,2,1
1583,851,bavli_only,,2,0
1583,965,both,teacherOf,4,0
1583,1745,bavli_only,,2,2
1583,1764,bavli_only,,4,0
1583,2068,bavli_only,,2,0
1583,2204,bavli_only,,2,0
1583,2260,bavli_only,,3,3
1583,2298,bavli_only,,6,0
1583,2409,bavli_only,,1,0
1583,2465,bavli_only,,2,0
1583,2546,bavli_only,,2,0
1583,2578,bavli_only,,1,0
1583,2581,bavli_only,,1,0
1583,2582,bavli_only,,3,0
1583,2613,both,transmitsFrom,2,0
1583,2795,bavli_only,,2,0
1583,2830,bavli_only,,1,0
1583,2846,bavli_only,,1,0
1592,2578,bavli_only,,1,0
1592,2852,bavli_only,,1,0
1593,417,both,colleagueOf,2,0
1593,489,hyman_only,colleagueOf,0,0
1593,548,bavli_only,,2,0
1593,571,bavli_only,,1,0
1593,829,bavli_only,,2,0
1593,918,bavli_only,,1,0
1593,1657,bavli_only,,4,0
1593,1742,bavli_only,,5,0
1593,2361,bavli_only,,2,0
1593,2465,bavli_only,,38,15
1593,2578,bavli_only,,2,0
1593,2581,bavli_only,,1,0
1593,2582,bavli_only,,8,0
1593,2647,bavli_only,,1,0
1593,2763,bavli_only,,4,0
1593,2830,bavli_only,,3,0
1593,2846,bavli_only,,1,0
1593,2852,bavli_only,,1,0
1595,2516,bavli_only,,2,0
1606,2904,hyman_only,transmitsFrom,0,0
1608,477,hyman_only,colleagueOf,0,0
1608,2068,bavli_only,,5,0
1608,2285,bavli_only,,1,0
1608,2465,bavli_only,,3,0
1608,2763,bavli_only,,2,0
1608,2830,bavli_only,,1,0
1610,468,hyman_only,contemporaryOf,0,0
1610,2763,bavli_only,,1,0
1615,43,hyman_only,teacherOf,0,0
1615,47,hyman_only,teacherOf,0,0
1615,92,hyman_only,teacherOf,0,0
1615,257,hyman_only,colleagueOf,0,0
1615,286,bavli_only,,1,0
1615,304,bavli_only,,1,0
1615,368,both,teacherOf,2,2
1615,461,hyman_only,studentOf,0,0
1615,495,bavli_only,,2,0
1615,602,bavli_only,,1,0
1615,760,hyman_only,contemporaryOf,0,0
1615,814,hyman_only,contemporaryOf,0,0
1615,896,hyman_only,teacherOf,0,0
1615,911,hyman_only,teacherOf,0,0
1615,977,bavli_only,,1,0
1615,978,hyman_only,teacherOf,0,0
1615,1928,hyman_only,transmitsFrom,0,0
1615,1952,bavli_only,,7,0
1615,2075,bavli_only,,3,3
1615,2084,hyman_only,transmitsTo,0,0
1615,2287,hyman_only,transmitsTo,0,0
1615,2307,hyman_only,studentOf;transmitsFrom,0,0
1615,2518,bavli_only,,1,0
1615,2578,hyman_only,teacherOf,0,0
1615,2582,bavli_only,,8,0
1615,2608,hyman_only,teacherOf,0,0
1615,2763,bavli_only,,2,0
1615,2795,hyman_only,transmitsTo,0,0
1615,2879,hyman_only,teacherOf,0,0
1624,92,hyman_only,transmitsFrom,0,0
1624,171,both,colleagueOf,2,0
1624,189,hyman_only,colleagueOf,0,0
1624,239,bavli_only,,2,0
1624,286,bavli_only,,3,0
1624,417,bavli_only,,1,0
1624,467,bavli_only,,6,0
1624,571,bavli_only,,4,3
1624,763,bavli_only,,1,0
1624,792,bavli_only,,1,0
1624,829,bavli_only,,1,0
1624,867,both,transmitsFrom,5,0
1624,1657,bavli_only,,1,0
1624,1764,bavli_only,,2,0
1624,1799,bavli_only,,1,0
1624,1814,bavli_only,,2,0
1624,1979,bavli_only,,3,0
1624,2031,bavli_only,,1,0
1624,2032,bavli_only,,2,0
1624,2206,bavli_only,,1,0
1624,2330,bavli_only,,1,0
1624,2359,hyman_only,disputesWith,0,0
1624,2368,bavli_only,,2,2
1624,2465,bavli_only,,2,0
1624,2518,bavli_only,,1,0
1624,2578,both,disputesWith,7,0
1624,2582,bavli_only,,7,0
1624,2763,bavli_only,,2,0
1624,2800,bavli_only,,109,0
1624,2830,bavli_only,,2,0
1624,2846,bavli_only,,1,0
1624,2879,bavli_only,,5,0
1624,2888,both,contemporaryOf,5,5
1624,2920,bavli_only,,1,0
1634,2330,bavli_only,,2,0
1637,965,both,teacherOf,4,0
1639,92,hyman_only,transmitsFrom,0,0
1640,1814,bavli_only,,1,0
1644,2330,bavli_only,,2,0
1657,6,bavli_only,,4,0
1657,17,bavli_only,,1,0
1657,31,hyman_only,teacherOf,0,0
1657,47,hyman_only,teacherOf,0,0
1657,92,bavli_only,,6,0
1657,194,bavli_only,,3,1
1657,239,bavli_only,,4,0
1657,257,hyman_only,colleagueOf;disputesWith,0,0
1657,270,bavli_only,,1,0
1657,368,both,teacherOf,1,0
1657,417,bavli_only,,37,0
1657,419,hyman_only,teacherOf,0,0
1657,445,bavli_only,,7,0
1657,450,both,teacherOf,4,0
1657,451,bavli_only,,3,0
1657,465,bavli_only,,2,0
1657,467,bavli_only,,11,0
1657,477,hyman_only,colleagueOf;disputesWith,0,0
1657,478,bavli_only,,1,0
1657,485,bavli_only,,1,0
1657,495,bavli_only,,5,0
1657,514,bavli_only,,3,0
1657,534,bavli_only,,1,0
1657,548,bavli_only,,2,0
1657,571,bavli_only,,11,0
1657,600,bavli_only,,1,0
1657,682,bavli_only,,2,0
1657,696,hyman_only,teacherOf,0,0
1657,760,hyman_only,contemporaryOf,0,0
1657,792,hyman_only,contemporaryOf,0,0
1657,829,bavli_only,,2,0
1657,850,bavli_only,,1,0
1657,895,bavli_only,,22,5
1657,911,bavli_only,,2,0
1657,918,bavli_only,,2,0
1657,977,bavli_only,,1,0
1657,993,bavli_only,,2,0
1657,1689,bavli_only,,7,0
1657,1695,bavli_only,,11,0
1657,1726,bavli_only,,2,0
1657,1742,bavli_only,,2,0
1657,1764,bavli_only,,7,0
1657,1804,bavli_only,,2,0
1657,1832,bavli_only,,6,0
1657,1885,bavli_only,,3,0
1657,1952,bavli_only,,1,0
1657,1979,bavli_only,,13,0
1657,1986,bavli_only,,48,0
1657,2068,bavli_only,,223,8
1657,2086,hyman_only,transmitsTo,0,0
1657,2206,bavli_only,,1,0
1657,2231,bavli_only,,6,5
1657,2266,bavli_only,,5,0
1657,2285,bavli_only,,11,0
1657,2305,hyman_only,transmitsTo,0,0
1657,2330,bavli_only,,14,0
1657,2361,bavli_only,,4,0
1657,2409,bavli_only,,10,0
1657,2462,bavli_only,,4,0
1657,2465,bavli_only,,33,1
1657,2473,bavli_only,,1,0
1657,2478,bavli_only,,3,0
1657,2498,hyman_only,studentOf,0,0
1657,2518,bavli_only,,17,0
1657,2533,bavli_only,,1,0
1657,2578,bavli_only,,37,0
1657,2581,bavli_only,,19,0
1657,2582,bavli_only,,49,0
1657,2594,bavli_only,,1,0
1657,2596,bavli_only,,2,0
1657,2602,bavli_only,,1,0
1657,2618,bavli_only,,3,0
1657,2647,bavli_only,,6,0
1657,2676,bavli_only,,3,0
1657,2763,bavli_only,,43,0
1657,2830,bavli_only,,86,1
1657,2846,bavli_only,,2,0
1657,2852,bavli_only,,28,3
1657,2861,bavli_only,,2,0
1657,2864,bavli_only,,4,0
1657,2879,bavli_only,,16,0
1657,2881,bavli_only,,1,0
1657,2885,bavli_only,,2,0
1657,2888,both,teacherOf,6,0
1657,2920,both,disputesWith,3,0
1657,2938,bavli_only,,8,0
1657,2943,bavli_only,,2,0
1657,2987,hyman_only,contemporaryOf,0,0
1659,1890,bavli_only,,1,0
1659,2225,bavli_only,,1,1
1660,2938,hyman_only,teacherOf,0,0
1663,92,hyman_only,teacherOf,0,0
1663,417,bavli_only,,1,0
1663,485,bavli_only,,1,0
1663,495,bavli_only,,3,0
1663,571,bavli_only,,7,5
1663,828,bavli_only,,1,0
1663,895,bavli_only,,1,0
1663,1684,bavli_only,,6,0
1663,1689,bavli_only,,2,0
1663,1742,bavli_only,,1,0
1663,1954,bavli_only,,2,0
1663,2068,bavli_only,,2,0
1663,2361,bavli_only,,1,0
1663,2409,bavli_only,,2,0
1663,2465,bavli_only,,1,0
1663,2582,bavli_only,,3,0
1663,2646,bavli_only,,2,0
1663,2763,bavli_only,,1,0
1663,2943,bavli_only,,1,0
1670,2870,bavli_only,,5,3
1677,1954,bavli_only,,2,0
1677,2830,bavli_only,,1,0
1677,2888,bavli_only,,1,0
1679,417,both,teacherOf,8,4
1679,445,bavli_only,,2,0
1679,1742,bavli_only,,2,0
1679,2068,bavli_only,,1,0
1679,2763,bavli_only,,2,0
1683,1952,bavli_only,,1,0
1683,2578,bavli_only,,4,0
1683,2846,bavli_only,,1,1
1684,895,bavli_only,,1,0
1684,897,hyman_only,contemporaryOf,0,0
1684,2409,bavli_only,,2,0
1684,2681,bavli_only,,1,0
1686,26,hyman_only,transmitsFrom,0,0
1686,92,hyman_only,transmitsFrom,0,0
1686,368,hyman_only,transmitsFrom,0,0
1686,467,both,transmitsFrom,2,0
1689,92,both,studentOf,22,0
1689,239,bavli_only,,1,0
1689,257,hyman_only,transmitsFrom,0,0
1689,286,bavli_only,,1,0
1689,297,bavli_only,,3,0
1689,343,bavli_only,,1,0
1689,417,bavli_only,,10,0
1689,450,bavli_only,,2,0
1689,451,bavli_only,,2,0
1689,467,both,disputesWith,34,4
1689,534,bavli_only,,2,0
1689,535,bavli_only,,2,0
1689,571,bavli_only,,2,0
1689,691,bavli_only,,1,0
1689,792,hyman_only,transmitsFrom,0,0
1689,814,hyman_only,transmitsFrom,0,0
1689,867,bavli_only,,5,1
1689,895,both,disputesWith;teacherOf,5,0
1689,918,bavli_only,,1,0
1689,993,bavli_only,,1,0
1689,1695,bavli_only,,1,0
1689,1742,bavli_only,,3,0
1689,1814,bavli_only,,1,0
1689,1952,bavli_only,,6,2
1689,1979,bavli_only,,1,0
1689,2068,bavli_only,,6,0
1689,2119,hyman_only,transmitsTo,0,0
1689,2285,bavli_only,,3,0
1689,2298,bavli_only,,2,0
1689,2429,hyman_only,transmitsFrom,0,0
1689,2465,bavli_only,,2,0
1689,2518,bavli_only,,4,0
1689,2578,bavli_only,,10,0
1689,2581,bavli_only,,1,0
1689,2582,bavli_only,,10,0
1689,2594,bavli_only,,2,0
1689,2646,bavli_only,,2,0
1689,2709,bavli_only,,1,0
1689,2735,bavli_only,,4,0
1689,2738,bavli_only,,1,0
1689,2763,bavli_only,,10,0
1689,2824,bavli_only,,2,0
1689,2830,bavli_only,,9,0
1689,2845,both,colleagueOf;disputesWith,2,0
1689,2879,both,teacherOf,13,0
1689,2938,bavli_only,,2,0
1690,453,bavli_only,,1,0
1690,2671,bavli_only,,1,0
1692,2068,bavli_only,,2,0
1695,224,bavli_only,,1,0
1695,367,hyman_only,hasGrandson,0,0
1695,417,both,teacherOf,5,0
1695,428,bavli_only,,1,0
1695,465,bavli_only,,1,0
1695,477,bavli_only,,2,0
1695,478,bavli_only,,10,0
1695,534,bavli_only,,3,0
1695,571,bavli_only,,2,0
1695,895,bavli_only,,1,0
1695,993,bavli_only,,1,0
1695,1742,bavli_only,,2,0
1695,1764,bavli_only,,6,0
1695,1832,bavli_only,,2,0
1695,1885,bavli_only,,3,0
1695,1954,bavli_only,,2,0
1695,1979,bavli_only,,1,0
1695,2032,bavli_only,,1,0
1695,2285,bavli_only,,8,0
1695,2298,bavli_only,,1,0
1695,2330,bavli_only,,2,0
1695,2409,bavli_only,,2,0
1695,2465,bavli_only,,1,0
1695,2518,bavli_only,,4,0
1695,2578,bavli_only,,10,0
1695,2582,bavli_only,,3,0
1695,2596,bavli_only,,1,0
1695,2647,bavli_only,,4,0
1695,2763,bavli_only,,9,0
1695,2830,bavli_only,,3,0
1695,2879,bavli_only,,3,0
1695,2938,bavli_only,,1,0
1704,417,bavli_only,,2,0
1704,522,hyman_only,teacherOf,0,0
1704,2578,bavli_only,,1,0
1704,2763,bavli_only,,1,0
1710,322,both,contemporaryOf,5,4
1710,417,bavli_only,,2,0
1710,465,hyman_only,teacherOf,0,0
1710,467,bavli_only,,3,0
1710,477,hyman_only,teacherOf,0,0
1710,859,bavli_only,,3,2
1710,2920,both,transmitsTo,4,0
1716,2582,bavli_only,,1,0
1716,2839,hyman_only,transmitsFrom,0,0
1716,2891,hyman_only,transmitsFrom,0,0
1723,417,both,teacherOf,2,0
1725,417,both,teacherOf,3,3
1731,2578,bavli_only,,3,0
1742,92,bavli_only,,1,0
1742,194,bavli_only,,2,0
1742,255,bavli_only,,1,0
1742,297,bavli_only,,1,0
1742,417,both,contemporaryOf,5,0
1742,450,bavli_only,,2,0
1742,451,bavli_only,,1,0
1742,465,hyman_only,studentOf,0,0
1742,467,bavli_only,,2,0
1742,473,hyman_only,colleagueOf,0,0
1742,477,hyman_only,transmitsFrom,0,0
1742,478,bavli_only,,1,0
1742,547,bavli_only,,2,0
1742,571,bavli_only,,2,0
1742,789,bavli_only,,3,3
1742,1885,bavli_only,,2,0
1742,1952,bavli_only,,5,0
1742,1979,bavli_only,,8,1
1742,2032,bavli_only,,2,0
1742,2068,bavli_only,,2,0
1742,2298,bavli_only,,1,0
1742,2330,bavli_only,,2,0
1742,2409,bavli_only,,1,0
1742,2465,bavli_only,,78,8
1742,2518,bavli_only,,3,0
1742,2578,bavli_only,,3,0
1742,2581,bavli_only,,2,0
1742,2582,bavli_only,,9,0
1742,2647,bavli_only,,1,0
1742,2684,bavli_only,,1,0
1742,2763,bavli_only,,1,0
1742,2830,bavli_only,,3,0
1742,2846,bavli_only,,2,0
1742,2879,bavli_only,,5,0
1742,2885,hyman_only,contemporaryOf,0,0
1742,2888,both,colleagueOf;disputesWith,2,0
1742,2938,bavli_only,,5,0
1745,59,both,transmitsFrom,7,3
1745,417,hyman_only,colleagueOf,0,0
1745,624,both,contemporaryOf,1,1
1745,2465,bavli_only,,2,0
1745,2879,bavli_only,,3,0
1758,2298,bavli_only,,2,0
1761,495,bavli_only,,1,0
1764,6,bavli_only,,6,0
1764,92,bavli_only,,6,0
1764,194,bavli_only,,5,2
1764,195,hyman_only,contemporaryOf,0,0
1764,207,both,studentOf;transmitsFrom,1,1
1764,219,both,studentOf,3,3
1764,229,both,studentOf;transmitsFrom,14,7
1764,239,bavli_only,,9,0
1764,241,bavli_only,,1,0
1764,257,hyman_only,transmitsFrom,0,0
1764,276,both,contemporaryOf,4,2
1764,281,bavli_only,,1,0
1764,283,hyman_only,colleagueOf,0,0
1764,286,bavli_only,,7,0
1764,293,both,transmitsFrom,2,0
1764,297,hyman_only,transmitsFrom,0,0
1764,312,both,disputesWith,1,0
1764,343,bavli_only,,3,0
1764,417,bavli_only,,18,0
1764,451,bavli_only,,2,0
1764,467,bavli_only,,12,0
1764,478,bavli_only,,2,0
1764,485,bavli_only,,6,0
1764,495,bavli_only,,9,0
1764,514,both,transmitsFrom,5,0
1764,534,bavli_only,,9,0
1764,535,bavli_only,,3,0
1764,571,bavli_only,,16,0
1764,581,bavli_only,,2,0
1764,599,hyman_only,colleagueOf,0,0
1764,600,bavli_only,,10,2
1764,602,both,studentOf,2,0
1764,748,hyman_only,contemporaryOf,0,0
1764,754,bavli_only,,3,0
1764,842,bavli_only,,1,0
1764,847,hyman_only,hasFather,0,0
1764,867,both,contemporaryOf,13,0
1764,873,hyman_only,hasFather,0,0
1764,881,both,contemporaryOf,4,1
1764,895,both,teacherOf,51,9
1764,897,hyman_only,studentOf;transmitsFrom,0,0
1764,898,hyman_only,transmitsFrom,0,0
1764,911,both,teacherOf,7,2
1764,913,bavli_only,,3,3
1764,918,bavli_only,,4,0
1764,923,both,studentOf,3,0
1764,951,hyman_only,hasBrother,0,0
1764,973,bavli_only,,2,0
1764,977,both,teacherOf,8,2
1764,978,hyman_only,colleagueOf,0,0
1764,993,bavli_only,,1,0
1764,1781,bavli_only,,6,3
1764,1797,bavli_only,,1,0
1764,1799,bavli_only,,1,0
1764,1832,bavli_only,,4,0
1764,1885,bavli_only,,12,0
1764,1903,bavli_only,,1,0
1764,1915,bavli_only,,1,0
1764,1952,bavli_only,,9,0
1764,1954,bavli_only,,5,0
1764,1979,bavli_only,,2,0
1764,1986,bavli_only,,1,0
1764,1998,bavli_only,,2,0
1764,2004,both,teacherOf,1,0
1764,2005,hyman_only,contemporaryOf,0,0
1764,2031,bavli_only,,3,0
1764,2068,bavli_only,,13,0
1764,2075,bavli_only,,2,0
1764,2116,bavli_only,,1,0
1764,2130,both,contemporaryOf,1,0
1764,2139,both,contemporaryOf,2,0
1764,2156,bavli_only,,1,0
1764,2160,bavli_only,,3,0
1764,2161,bavli_only,,1,0
1764,2165,both,contemporaryOf,3,1
1764,2173,bavli_only,,3,3
1764,2198,bavli_only,,1,0
1764,2200,bavli_only,,1,0
1764,2205,bavli_only,,2,2
1764,2225,bavli_only,,2,0
1764,2237,bavli_only,,1,0
1764,2266,bavli_only,,1,0
1764,2285,bavli_only,,31,6
1764,2296,bavli_only,,1,0
1764,2298,bavli_only,,20,0
1764,2330,bavli_only,,2,0
1764,2340,bavli_only,,1,0
1764,2398,both,contemporaryOf,10,4
1764,2409,both,transmitsTo,17,0
1764,2423,bavli_only,,3,0
1764,2432,hyman_only,contemporaryOf,0,0
1764,2445,bavli_only,,2,2
1764,2453,bavli_only,,2,0
1764,2465,bavli_only,,8,0
1764,2478,bavli_only,,2,0
1764,2508,bavli_only,,1,0
1764,2518,bavli_only,,18,0
1764,2521,both,contemporaryOf,1,1
1764,2527,both,contemporaryOf,6,6
1764,2556,bavli_only,,2,0
1764,2563,hyman_only,hasSon,0,0
1764,2578,both,teacherOf,61,0
1764,2581,both,colleagueOf;disputesWith,249,47
1764,2582,both,studentOf,128,17
1764,2586,bavli_only,,4,0
1764,2594,bavli_only,,13,3
1764,2596,bavli_only,,2,0
1764,2602,bavli_only,,7,6
1764,2618,both,contemporaryOf,1,0
1764,2624,both,studentOf,5,5
1764,2627,bavli_only,,1,0
1764,2628,hyman_only,studentOf;transmitsFrom,0,0
1764,2630,hyman_only,disputesWith,0,0
1764,2646,bavli_only,,4,0
1764,2647,bavli_only,,3,0
1764,2668,bavli_only,,5,5
1764,2676,both,colleagueOf;disputesWith,5,0
1764,2681,both,contemporaryOf,3,0
1764,2735,bavli_only,,1,0
1764,2744,bavli_only,,5,0
1764,2763,bavli_only,,82,4
1764,2781,bavli_only,,6,5
1764,2788,both,contemporaryOf,4,0
1764,2795,bavli_only,,2,0
1764,2800,bavli_only,,1,0
1764,2830,bavli_only,,14,0
1764,2846,bavli_only,,3,0
1764,2852,bavli_only,,2,1
1764,2879,both,teacherOf,11,0
1764,2891,bavli_only,,2,0
1764,2896,bavli_only,,6,0
1764,2905,bavli_only,,2,0
1764,2913,bavli_only,,2,0
1764,2938,both,colleagueOf,25,1
1764,2943,bavli_only,,1,0
1771,92,both,colleagueOf,5,5
1772,6,bavli_only,,7,7
1772,92,bavli_only,,1,0
1772,239,bavli_only,,2,0
1772,885,bavli_only,,1,0
1772,895,bavli_only,,1,0
1772,2285,bavli_only,,4,0
1772,2578,bavli_only,,2,0
1772,2581,both,colleagueOf,6,6
1772,2582,both,hasFather,5,5
1772,2938,both,teacherOf,11,4
1775,993,bavli_only,,2,0
1775,2130,both,transmitsFrom,2,0
1775,2285,bavli_only,,51,0
1775,2938,both,teacherOf,1,0
1776,2578,hyman_only,teacherOf,0,0
1779,2518,bavli_only,,5,5
1781,495,bavli_only,,1,0
1781,2518,bavli_only,,6,6
1781,2582,both,hasSon,12,10
1784,194,bavli_only,,1,1
1784,343,bavli_only,,2,0
1784,1952,bavli_only,,3,0
1784,2266,bavli_only,,1,0
1784,2518,bavli_only,,4,4
1784,2582,bavli_only,,1,0
1792,2032,bavli_only,,3,0
1797,2684,both,hasFather;studentOf,2,2
1797,2763,bavli_only,,2,0
1797,2830,bavli_only,,2,0
1799,2605,both,transmitsFrom,1,0
1801,2578,hyman_only,transmitsFrom,0,0
1802,787,bavli_only,,7,4
1802,2285,bavli_only,,3,3
1802,2578,both,teacherOf,3,0
1804,514,bavli_only,,6,6
1804,571,bavli_only,,24,21
1804,895,bavli_only,,1,0
1804,2156,both,disputesWith,1,0
1804,2198,bavli_only,,3,0
1804,2518,bavli_only,,1,0
1804,2582,bavli_only,,2,0
1804,2646,bavli_only,,1,1
1804,2647,bavli_only,,1,0
1804,2763,bavli_only,,1,0
1807,495,bavli_only,,1,0
1807,535,bavli_only,,2,2
1807,2161,bavli_only,,1,1
1807,2518,bavli_only,,2,2
1807,2582,bavli_only,,2,2
1807,2879,bavli_only,,1,0
1814,34,bavli_only,,2,2
1814,92,hyman_only,transmitsFrom,0,0
1814,194,bavli_only,,1,0
1814,239,both,contemporaryOf;transmitsFrom,2,0
1814,286,bavli_only,,1,0
1814,297,bavli_only,,2,0
1814,333,bavli_only,,1,0
1814,368,hyman_only,transmitsFrom,0,0
1814,465,bavli_only,,1,0
1814,467,both,transmitsFrom,4,0
1814,495,bavli_only,,5,0
1814,602,bavli_only,,1,0
1814,867,both,transmitsFrom,3,0
1814,895,both,transmitsFrom,2,0
1814,1832,bavli_only,,1,0
1814,1885,bavli_only,,1,0
1814,1915,bavli_only,,5,0
1814,1932,bavli_only,,2,0
1814,1952,bavli_only,,3,0
1814,2032,hyman_only,disputesWith,0,0
1814,2068,bavli_only,,1,0
1814,2075,bavli_only,,2,0
1814,2124,both,transmitsFrom,1,0
1814,2161,bavli_only,,1,0
1814,2165,bavli_only,,1,0
1814,2174,bavli_only,,2,0
1814,2266,bavli_only,,1,0
1814,2285,bavli_only,,2,0
1814,2298,bavli_only,,1,0
1814,2409,bavli_only,,2,0
1814,2423,bavli_only,,2,0
1814,2578,both,contemporaryOf;disputesWith,6,0
1814,2581,bavli_only,,1,0
1814,2582,bavli_only,,9,0
1814,2594,bavli_only,,1,0
1814,2681,bavli_only,,1,0
1814,2735,bavli_only,,1,0
1814,2800,bavli_only,,1,0
1814,2824,bavli_only,,7,5
1814,2830,bavli_only,,1,0
1814,2852,bavli_only,,1,0
1814,2879,both,studentOf,12,0
1823,468,bavli_only,,4,4
1823,1998,hyman_only,contemporaryOf,0,0
1823,2298,bavli_only,,1,0
1823,2898,bavli_only,,4,4
1832,6,bavli_only,,4,0
1832,239,bavli_only,,2,0
1832,417,bavli_only,,1,0
1832,467,bavli_only,,3,0
1832,495,bavli_only,,1,1
1832,535,bavli_only,,2,0
1832,571,bavli_only,,2,0
1832,577,bavli_only,,2,0
1832,763,bavli_only,,1,0
1832,867,bavli_only,,1,0
1832,895,bavli_only,,4,0
1832,1885,bavli_only,,1,0
1832,1915,bavli_only,,1,1
1832,1952,bavli_only,,13,12
1832,2068,bavli_only,,10,0
1832,2075,bavli_only,,2,0
1832,2237,bavli_only,,3,0
1832,2266,bavli_only,,2,0
1832,2285,bavli_only,,2,0
1832,2330,bavli_only,,4,0
1832,2465,bavli_only,,1,0
1832,2575,bavli_only,,1,0
1832,2578,both,teacherOf,2,0
1832,2581,bavli_only,,4,0
1832,2582,bavli_only,,5,0
1832,2646,bavli_only,,1,0
1832,2763,bavli_only,,1,0
1832,2830,bavli_only,,7,0
1832,2879,bavli_only,,3,0
1832,2888,bavli_only,,1,0
1832,2938,bavli_only,,1,0
1840,2335,bavli_only,,2,0
1840,2578,both,teacherOf,6,4
1840,2582,both,teacherOf,3,3
1840,2938,bavli_only,,1,0
1841,2582,bavli_only,,16,14
1851,571,bavli_only,,1,0
1852,47,hyman_only,teacherOf,0,0
1852,92,hyman_only,teacherOf,0,0
1852,368,both,transmitsFrom,1,0
1852,467,bavli_only,,2,0
1852,534,bavli_only,,2,0
1852,535,bavli_only,,2,0
1852,792,hyman_only,transmitsFrom,0,0
1852,978,hyman_only,teacherOf,0,0
1852,2005,hyman_only,contemporaryOf,0,0
1852,2578,hyman_only,teacherOf,0,0
1852,2598,hyman_only,teacherOf,0,0
1852,2824,both,transmitsTo,2,0
1852,2839,hyman_only,transmitsTo,0,0
1852,2879,hyman_only,teacherOf,0,0
1852,2891,bavli_only,,2,0
1852,2977,bavli_only,,2,0
1854,51,bavli_only,,1,1
1854,92,hyman_only,teacherOf,0,0
1854,239,both,teacherOf,2,0
1854,281,both,disputesWith,1,0
1854,342,hyman_only,hasSon,0,0
1854,368,hyman_only,colleagueOf,0,0
1854,467,bavli_only,,1,0
1854,495,bavli_only,,1,1
1854,535,bavli_only,,1,1
1854,2298,bavli_only,,2,0
1854,2581,bavli_only,,2,2
1854,2582,bavli_only,,1,0
1854,2800,bavli_only,,5,0
1854,2839,hyman_only,transmitsTo,0,0
1854,2879,both,teacherOf,2,0
1854,2913,bavli_only,,2,0
1861,92,hyman_only,teacherOf,0,0
1861,368,hyman_only,colleagueOf,0,0
1861,792,hyman_only,transmitsFrom,0,0
1868,2763,bavli_only,,2,0
1869,2582,bavli_only,,2,0
1869,2646,both,colleagueOf,1,1
1877,2582,bavli_only,,2,2
1878,2582,bavli_only,,3,0
1878,2646,hyman_only,teacherOf,0,0
1878,2647,bavli_only,,5,0
1878,2744,bavli_only,,1,0
1878,2763,bavli_only,,1,0
1885,6,bavli_only,,12,6
1885,26,hyman_only,contemporaryOf,0,0
1885,40,hyman_only,transmitsFrom,0,0
1885,43,both,transmitsFrom,1,0
1885,85,hyman_only,disputesWith,0,0
1885,92,both,colleagueOf,7,0
1885,194,bavli_only,,2,0
1885,205,hyman_only,hasFather,0,0
1885,255,bavli_only,,1,0
1885,265,both,studentOf;transmitsFrom,6,0
1885,297,bavli_only,,1,0
1885,310,both,contemporaryOf,1,0
1885,312,bavli_only,,1,0
1885,367,hyman_only,teacherOf,0,0
1885,368,both,colleagueOf,2,0
1885,417,bavli_only,,8,0
1885,450,bavli_only,,1,0
1885,467,both,colleagueOf;teacherOf;transmitsFrom,15,0
1885,495,bavli_only,,35,6
1885,514,bavli_only,,2,0
1885,534,bavli_only,,5,2
1885,571,bavli_only,,8,0
1885,792,hyman_only,transmitsFrom,0,0
1885,859,bavli_only,,1,0
1885,895,both,disputesWith,7,0
1885,917,bavli_only,,2,0
1885,977,bavli_only,,1,0
1885,1890,bavli_only,,1,0
1885,1891,bavli_only,,2,0
1885,1915,bavli_only,,2,0
1885,1952,bavli_only,,3,3
1885,1954,bavli_only,,2,0
1885,1975,bavli_only,,2,1
1885,1986,bavli_only,,1,0
1885,2004,hyman_only,teacherOf,0,0
1885,2032,bavli_only,,4,0
1885,2068,bavli_only,,2,0
1885,2075,bavli_only,,2,0
1885,2084,bavli_only,,1,0
1885,2161,bavli_only,,5,3
1885,2174,bavli_only,,1,0
1885,2176,bavli_only,,3,0
1885,2225,bavli_only,,2,0
1885,2260,bavli_only,,2,0
1885,2266,bavli_only,,1,0
1885,2285,bavli_only,,57,41
1885,2298,bavli_only,,13,0
1885,2330,bavli_only,,5,0
1885,2398,both,disputesWith,2,1
1885,2409,bavli_only,,10,0
1885,2429,bavli_only,,2,0
1885,2445,bavli_only,,13,0
1885,2465,bavli_only,,3,0
1885,2518,bavli_only,,4,0
1885,2578,both,teacherOf,10,0
1885,2581,both,transmitsFrom,8,0
1885,2582,both,transmitsFrom,21,0
1885,2588,both,transmitsFrom,1,0
1885,2627,bavli_only,,2,0
1885,2676,both,transmitsFrom,3,0
1885,2681,both,transmitsFrom,4,0
1885,2696,bavli_only,,1,0
1885,2735,bavli_only,,1,0
1885,2763,bavli_only,,12,0
1885,2795,hyman_only,transmitsFrom,0,0
1885,2800,bavli_only,,3,0
1885,2830,bavli_only,,2,0
1885,2839,bavli_only,,1,0
1885,2852,bavli_only,,1,0
1885,2879,both,teacherOf,9,0
1885,2891,hyman_only,colleagueOf,0,0
1885,2938,both,contemporaryOf,3,0
1889,467,hyman_only,contemporaryOf,0,0
1889,571,bavli_only,,1,0
1889,867,both,transmitsFrom,2,0
1889,2298,bavli_only,,1,0
1889,2578,both,studentOf,2,0
1889,2581,bavli_only,,1,0
1889,2582,both,transmitsFrom,6,0
1890,6,bavli_only,,2,0
1890,92,bavli_only,,2,2
1890,368,bavli_only,,1,0
1890,467,bavli_only,,3,3
1890,2068,bavli_only,,4,0
1890,2161,bavli_only,,1,0
1890,2465,bavli_only,,1,0
1890,2578,bavli_only,,9,0
1890,2581,hyman_only,teacherOf,0,0
1890,2582,bavli_only,,13,2
1890,2647,bavli_only,,1,0
1890,2763,bavli_only,,2,0
1890,2830,bavli_only,,1,0
1890,2952,hyman_only,hasFather,0,0
1891,2581,bavli_only,,1,0
1891,2582,bavli_only,,1,0
1891,2879,bavli_only,,1,0
1892,2578,hyman_only,teacherOf,0,0
1892,2913,bavli_only,,1,0
1899,467,both,contemporaryOf,1,0
1899,998,hyman_only,teacherOf,0,0
1900,2993,hyman_only,transmitsFrom,0,0
1901,2091,bavli_only,,2,0
1901,2582,bavli_only,,3,0
1902,343,both,transmitsFrom,8,0
1902,895,bavli_only,,2,0
1902,982,both,transmitsFrom,2,0
1902,2578,bavli_only,,2,0
1903,371,bavli_only,,1,0
1903,535,bavli_only,,1,0
1903,599,bavli_only,,1,1
1903,1952,bavli_only,,1,1
1903,2518,bavli_only,,1,0
1903,2582,bavli_only,,1,0
1903,2646,bavli_only,,1,0
1904,571,bavli_only,,1,0
1913,255,bavli_only,,1,0
1913,276,hyman_only,contemporaryOf,0,0
1913,895,bavli_only,,2,0
1913,2423,bavli_only,,1,0
1913,2581,hyman_only,teacherOf,0,0
1913,2594,bavli_only,,2,0
1913,2596,bavli_only,,2,0
1913,2681,both,teacherOf,13,11
1913,2763,bavli_only,,3,0
1913,2852,bavli_only,,2,0
1913,2879,bavli_only,,2,0
1913,2938,both,teacherOf,2,0
1915,6,bavli_only,,7,7
1915,92,both,teacherOf,11,8
1915,867,both,colleagueOf,4,0
1915,895,bavli_only,,2,2
1915,897,hyman_only,colleagueOf,0,0
1915,917,hyman_only,transmitsFrom,0,0
1915,1952,bavli_only,,8,5
1915,2594,bavli_only,,1,0
1915,2763,bavli_only,,1,0
1920,63,hyman_only,contemporaryOf,0,0
1920,571,bavli_only,,3,0
1920,2582,bavli_only,,1,0
1922,85,hyman_only,colleagueOf,0,0
1922,239,both,teacherOf,2,0
1922,467,both,teacherOf,2,0
1922,495,bavli_only,,1,0
1922,1952,bavli_only,,1,0
1922,2518,bavli_only,,1,0
1922,2763,bavli_only,,3,0
1922,2879,both,teacherOf,1,0
1922,2891,both,colleagueOf;disputesWith,8,0
1926,485,bavli_only,,1,0
1929,2582,hyman_only,contemporaryOf,0,0
1931,2225,bavli_only,,1,0
1932,6,bavli_only,,3,1
1932,255,bavli_only,,1,0
1932,362,hyman_only,hasFather,0,0
1932,475,bavli_only,,2,0
1932,787,both,colleagueOf,1,0
1932,895,both,teacherOf,3,1
1932,2004,hyman_only,colleagueOf,0,0
1932,2285,bavli_only,,5,3
1932,2578,both,teacherOf,21,0
1932,2581,both,transmitsFrom,1,0
1932,2594,bavli_only,,2,0
1932,2681,bavli_only,,2,2
1932,2763,bavli_only,,3,0
1932,2824,bavli_only,,2,0
1932,2846,bavli_only,,1,0
1940,2709,bavli_only,,2,0
1940,2824,bavli_only,,1,0
1940,2891,hyman_only,colleagueOf,0,0
1946,599,hyman_only,hasNephew,0,0
1952,6,bavli_only,,18,13
1952,43,bavli_only,,1,0
1952,47,hyman_only,teacherOf,0,0
1952,57,bavli_only,,1,0
1952,92,both,teacherOf,35,20
1952,224,bavli_only,,1,0
1952,239,bavli_only,,1,0
1952,276,bavli_only,,2,0
1952,286,bavli_only,,1,0
1952,297,bavli_only,,2,0
1952,343,bavli_only,,1,0
1952,368,bavli_only,,3,0
1952,371,bavli_only,,2,0
1952,417,bavli_only,,8,0
1952,467,both,teacherOf,15,1
1952,495,bavli_only,,9,3
1952,514,bavli_only,,1,0
1952,535,bavli_only,,4,4
1952,571,bavli_only,,6,1
1952,600,bavli_only,,2,0
1952,763,bavli_only,,1,0
1952,792,hyman_only,transmitsFrom,0,0
1952,856,bavli_only,,2,0
1952,867,both,studentOf,11,3
1952,895,bavli_only,,8,2
1952,897,hyman_only,studentOf;transmitsFrom,0,0
1952,918,bavli_only,,1,0
1952,983,hyman_only,contemporaryOf,0,0
1952,2012,hyman_only,teacherOf,0,0
1952,2068,bavli_only,,2,0
1952,2129,bavli_only,,2,0
1952,2157,bavli_only,,1,0
1952,2237,bavli_only,,3,0
1952,2285,bavli_only,,3,2
1952,2298,bavli_only,,3,0
1952,2330,bavli_only,,1,0
1952,2378,both,transmitsFrom,1,0
1952,2429,bavli_only,,4,0
1952,2465,bavli_only,,5,1
1952,2478,hyman_only,transmitsTo,0,0
1952,2518,bavli_only,,9,0
1952,2533,bavli_only,,1,0
1952,2578,bavli_only,,13,0
1952,2579,bavli_only,,1,0
1952,2581,bavli_only,,7,0
1952,2582,both,contemporaryOf,27,1
1952,2589,hyman_only,disputesWith,0,0
1952,2594,bavli_only,,1,0
1952,2618,bavli_only,,2,0
1952,2646,bavli_only,,1,0
1952,2647,bavli_only,,4,0
1952,2681,both,contemporaryOf,2,0
1952,2763,bavli_only,,7,0
1952,2795,hyman_only,transmitsTo,0,0
1952,2796,hyman_only,transmitsTo,0,0
1952,2830,bavli_only,,8,0
1952,2845,bavli_only,,1,0
1952,2879,both,teacherOf,24,0
1952,2885,bavli_only,,2,0
1952,2938,bavli_only,,3,0
1952,2983,hyman_only,hasFather,0,0
1953,495,bavli_only,,1,0
1954,6,bavli_only,,11,8
1954,467,bavli_only,,1,0
1954,534,both,colleagueOf,4,0
1954,828,bavli_only,,2,0
1954,895,both,colleagueOf;disputesWith,10,5
1954,911,both,disputesWith;hasFatherInLaw;transmitsFrom,11,2
1954,2037,hyman_only,hasGrandfather,0,0
1954,2068,bavli_only,,1,0
1954,2182,hyman_only,hasGrandfather,0,0
1954,2285,bavli_only,,2,0
1954,2409,bavli_only,,1,0
1954,2578,both,teacherOf,78,11
1954,2582,both,transmitsFrom,3,0
1954,2608,hyman_only,hasFather,0,0
1954,2633,both,transmitsFrom,3,0
1954,2681,bavli_only,,2,0
1954,2763,bavli_only,,18,2
1954,2769,bavli_only,,2,0
1954,2830,bavli_only,,1,0
1954,2879,both,teacherOf,3,0
1954,2938,both,studentOf;transmitsFrom,7,3
1958,43,hyman_only,teacherOf,0,0
1965,534,bavli_only,,1,0
1965,571,bavli_only,,3,0
1965,918,bavli_only,,1,0
1965,993,bavli_only,,2,0
1965,2533,bavli_only,,2,0
1965,2582,bavli_only,,4,0
1965,2647,bavli_only,,1,0
1969,2563,hyman_only,hasSon,0,0
1971,2368,bavli_only,,8,0
1971,2465,bavli_only,,17,1
1975,495,bavli_only,,4,3
1979,92,bavli_only,,12,0
1979,239,bavli_only,,2,0
1979,286,bavli_only,,3,0
1979,343,bavli_only,,2,0
1979,367,hyman_only,studentOf;transmitsFrom,0,0
1979,368,bavli_only,,5,2
1979,417,bavli_only,,7,0
1979,434,both,hasUncle,7,5
1979,443,hyman_only,disputesWith,0,0
1979,447,bavli_only,,1,0
1979,450,both,disputesWith,2,0
1979,453,bavli_only,,1,0
1979,465,both,disputesWith,16,5
1979,467,both,transmitsFrom,6,0
1979,473,both,disputesWith,1,0
1979,478,bavli_only,,1,0
1979,484,hyman_only,colleagueOf,0,0
1979,548,bavli_only,,2,0
1979,571,bavli_only,,1,0
1979,763,bavli_only,,1,0
1979,850,bavli_only,,2,0
1979,851,bavli_only,,2,0
1979,867,bavli_only,,1,0
1979,895,bavli_only,,2,0
1979,977,bavli_only,,1,0
1979,1985,bavli_only,,2,0
1979,1986,bavli_only,,1,0
1979,2032,bavli_only,,1,0
1979,2068,bavli_only,,25,10
1979,2231,bavli_only,,1,0
1979,2244,bavli_only,,1,0
1979,2260,bavli_only,,3,0
1979,2285,bavli_only,,1,0
1979,2298,bavli_only,,2,0
1979,2330,bavli_only,,6,0
1979,2368,bavli_only,,1,0
1979,2409,both,hasFather,1,0
1979,2453,bavli_only,,1,0
1979,2465,bavli_only,,203,21
1979,2518,bavli_only,,2,0
1979,2563,hyman_only,hasSon,0,0
1979,2578,bavli_only,,2,0
1979,2581,bavli_only,,4,0
1979,2582,bavli_only,,16,0
1979,2609,hyman_only,hasFather,0,0
1979,2647,bavli_only,,4,0
1979,2763,bavli_only,,15,0
1979,2800,bavli_only,,1,0
1979,2830,bavli_only,,4,0
1979,2846,bavli_only,,1,0
1979,2864,bavli_only,,2,0
1979,2879,bavli_only,,3,0
1979,2885,both,colleagueOf,10,6
1979,2888,both,disputesWith,1,0
1979,2938,bavli_only,,3,0
1985,417,bavli_only,,4,0
1985,485,bavli_only,,1,0
1985,571,bavli_only,,1,0
1985,895,bavli_only,,1,0
1985,918,bavli_only,,1,0
1985,2068,bavli_only,,1,0
1985,2518,bavli_only,,2,0
1985,2578,bavli_only,,3,0
1985,2581,bavli_only,,1,0
1985,2830,bavli_only,,2,0
1985,2846,bavli_only,,1,0
1985,2852,bavli_only,,4,0
1986,304,bavli_only,,1,0
1986,445,bavli_only,,2,0
1986,467,bavli_only,,1,0
1986,478,bavli_only,,1,0
1986,485,hyman_only,colleagueOf,0,0
1986,895,bavli_only,,2,0
1986,2003,hyman_only,transmitsFrom,0,0
1986,2221,bavli_only,,2,0
1986,2578,bavli_only,,4,0
1986,2879,bavli_only,,2,0
1986,2896,bavli_only,,2,0
1986,2938,bavli_only,,1,0
1998,571,bavli_only,,2,0
1998,2647,bavli_only,,2,0
2001,2578,hyman_only,teacherOf,0,0
2003,241,hyman_only,teacherOf,0,0
2003,467,hyman_only,teacherOf,0,0
2003,495,bavli_only,,1,0
2003,534,hyman_only,colleagueOf;disputesWith,0,0
2003,2578,both,studentOf,4,4
2003,2582,bavli_only,,1,0
2003,2808,hyman_only,teacherOf,0,0
2003,2879,hyman_only,teacherOf,0,0
2003,2896,hyman_only,colleagueOf,0,0
2004,6,hyman_only,teacherOf,0,0
2004,257,hyman_only,transmitsFrom,0,0
2004,535,hyman_only,contemporaryOf,0,0
2004,599,hyman_only,disputesWith,0,0
2004,895,hyman_only,colleagueOf;teacherOf,0,0
2004,2161,hyman_only,hasSon,0,0
2004,2409,bavli_only,,2,0
2004,2578,both,studentOf;transmitsFrom,7,2
2004,2581,hyman_only,teacherOf,0,0
2004,2763,hyman_only,studentOf;transmitsFrom,0,0
2004,2879,hyman_only,colleagueOf;teacherOf;transmitsFrom,0,0
2005,92,both,transmitsFrom,2,0
2005,820,hyman_only,transmitsFrom,0,0
2005,903,both,colleagueOf;contemporaryOf,2,0
2005,2398,both,colleagueOf,4,2
2005,2409,hyman_only,transmitsFrom,0,0
2005,2581,both,studentOf;teacherOf,2,0
2005,2593,hyman_only,contemporaryOf,0,0
2005,2681,both,contemporaryOf,9,7
2005,2978,hyman_only,contemporaryOf,0,0
2006,222,hyman_only,contemporaryOf;teacherOf,0,0
2006,297,both,studentOf;teacherOf,1,0
2006,571,both,teacherOf,20,7
2006,602,hyman_only,colleagueOf;contemporaryOf,0,0
2006,966,hyman_only,studentOf,0,0
2006,968,both,teacherOf,4,0
2006,993,both,colleagueOf,2,2
2006,2298,hyman_only,contemporaryOf,0,0
2006,2518,hyman_only,colleagueOf,0,0
2006,2578,bavli_only,,7,6
2006,2579,both,contemporaryOf;teacherOf,3,1
2006,2582,both,studentOf;teacherOf,3,0
2006,2735,both,contemporaryOf,7,2
2007,571,both,colleagueOf,11,9
2007,993,hyman_only,studentOf;teacherOf,0,0
2007,2518,both,studentOf,2,2
2007,2533,hyman_only,studentOf,0,0
2007,2582,bavli_only,,4,0
2007,2735,hyman_only,studentOf;transmitsFrom,0,0
2007,2744,bavli_only,,1,0
2012,895,hyman_only,teacherOf,0,0
2012,897,hyman_only,transmitsFrom,0,0
2012,2578,hyman_only,teacherOf;transmitsFrom,0,0
2014,2018,hyman_only,disputesWith,0,0
2016,2582,bavli_only,,1,0
2016,2934,bavli_only,,1,0
2018,2948,hyman_only,hasFather,0,0
2019,2206,hyman_only,relatedTo,0,0
2019,2582,hyman_only,studentOf,0,0
2020,2578,hyman_only,studentOf,0,0
2023,2581,hyman_only,hasBrother,0,0
2031,43,hyman_only,colleagueOf,0,0
2031,51,bavli_only,,1,0
2031,85,hyman_only,teacherOf,0,0
2031,256,bavli_only,,1,0
2031,257,hyman_only,transmitsFrom,0,0
2031,281,hyman_only,teacherOf,0,0
2031,286,bavli_only,,2,0
2031,417,bavli_only,,2,0
2031,475,bavli_only,,1,0
2031,571,bavli_only,,2,0
2031,696,hyman_only,hasFather,0,0
2031,792,hyman_only,transmitsFrom,0,0
2031,895,bavli_only,,1,0
2031,973,bavli_only,,2,0
2031,2068,bavli_only,,1,0
2031,2533,bavli_only,,2,0
2031,2578,bavli_only,,1,0
2031,2830,bavli_only,,1,0
2031,2879,bavli_only,,2,0
2031,2891,hyman_only,colleagueOf;disputesWith,0,0
2031,2980,hyman_only,teacherOf,0,0
2031,2993,hyman_only,transmitsFrom,0,0
2032,31,hyman_only,hasGrandfather,0,0
2032,85,hyman_only,studentOf;transmitsFrom,0,0
2032,467,bavli_only,,4,0
2032,478,bavli_only,,1,0
2032,485,hyman_only,contemporaryOf,0,0
2032,534,both,contemporaryOf;teacherOf,2,0
2032,535,bavli_only,,2,0
2032,557,both,contemporaryOf,2,0
2032,829,bavli_only,,1,0
2032,867,bavli_only,,3,0
2032,938,bavli_only,,1,0
2032,2161,bavli_only,,1,0
2032,2225,both,teacherOf,4,0
2032,2285,bavli_only,,4,0
2032,2409,bavli_only,,2,0
2032,2423,both,teacherOf,4,0
2032,2518,bavli_only,,2,0
2032,2556,bavli_only,,2,0
2032,2578,both,colleagueOf;disputesWith,54,2
2032,2581,bavli_only,,1,0
2032,2582,bavli_only,,1,0
2032,2586,bavli_only,,2,0
2032,2636,bavli_only,,1,0
2032,2647,bavli_only,,2,0
2032,2744,bavli_only,,1,0
2032,2763,both,teacherOf,24,5
2032,2879,bavli_only,,1,0
2032,2896,both,colleagueOf,3,1
2032,2938,bavli_only,,4,4
2034,895,both,teacherOf,3,1
2037,911,hyman_only,hasFather,0,0
2037,2596,hyman_only,studentOf,0,0
2041,2582,bavli_only,,1,0
2041,2646,bavli_only,,1,0
2041,2879,both,teacherOf,4,0
2043,2763,hyman_only,contemporaryOf,0,0
2044,2241,bavli_only,,2,0
2045,6,bavli_only,,2,2
2045,911,both,colleagueOf,2,2
2062,2423,bavli_only,,1,0
2068,6,bavli_only,,6,0
2068,47,bavli_only,,3,0
2068,92,both,transmitsFrom,2,0
2068,207,bavli_only,,1,0
2068,239,bavli_only,,5,0
2068,256,bavli_only,,1,0
2068,270,bavli_only,,4,0
2068,281,bavli_only,,2,0
2068,286,bavli_only,,4,0
2068,312,bavli_only,,1,0
2068,368,bavli_only,,2,0
2068,371,bavli_only,,4,0
2068,389,bavli_only,,2,0
2068,404,hyman_only,teacherOf,0,0
2068,417,bavli_only,,41,2
2068,445,bavli_only,,2,0
2068,450,hyman_only,colleagueOf,0,0
2068,451,bavli_only,,5,0
2068,465,bavli_only,,6,0
2068,467,bavli_only,,49,4
2068,475,bavli_only,,4,0
2068,477,hyman_only,colleagueOf;disputesWith,0,0
2068,478,bavli_only,,1,0
2068,485,bavli_only,,5,0
2068,495,bavli_only,,2,0
2068,534,bavli_only,,4,0
2068,535,bavli_only,,4,0
2068,548,bavli_only,,2,0
2068,559,hyman_only,studentOf;transmitsFrom,0,0
2068,571,bavli_only,,8,0
2068,602,bavli_only,,1,0
2068,763,bavli_only,,2,0
2068,789,bavli_only,,1,1
2068,829,bavli_only,,18,3
2068,867,bavli_only,,1,0
2068,881,bavli_only,,1,0
2068,895,bavli_only,,5,0
2068,918,bavli_only,,1,0
2068,2174,bavli_only,,2,0
2068,2231,bavli_only,,2,0
2068,2260,bavli_only,,2,0
2068,2263,bavli_only,,1,0
2068,2266,bavli_only,,2,0
2068,2285,bavli_only,,17,0
2068,2296,bavli_only,,1,0
2068,2298,bavli_only,,12,0
2068,2330,bavli_only,,6,1
2068,2361,bavli_only,,25,0
2068,2409,bavli_only,,12,0
2068,2462,bavli_only,,1,0
2068,2465,bavli_only,,41,2
2068,2518,bavli_only,,25,2
2068,2531,bavli_only,,1,0
2068,2533,bavli_only,,1,0
2068,2578,both,transmitsFrom,62,0
2068,2581,bavli_only,,18,0
2068,2582,bavli_only,,60,1
2068,2586,bavli_only,,2,0
2068,2594,bavli_only,,2,0
2068,2608,hyman_only,transmitsFrom,0,0
2068,2627,bavli_only,,1,1
2068,2647,bavli_only,,3,0
2068,2681,bavli_only,,5,0
2068,2690,bavli_only,,1,0
2068,2696,bavli_only,,5,0
2068,2763,bavli_only,,36,0
2068,2773,bavli_only,,1,0
2068,2795,bavli_only,,1,0
2068,2814,bavli_only,,1,0
2068,2830,bavli_only,,127,0
2068,2845,bavli_only,,1,0
2068,2846,bavli_only,,39,6
2068,2852,bavli_only,,30,4
2068,2879,bavli_only,,34,1
2068,2881,both,studentOf;transmitsFrom,4,0
2068,2888,bavli_only,,2,0
2068,2908,bavli_only,,1,0
2068,2920,both,disputesWith,1,0
2068,2938,bavli_only,,9,0
2068,2969,bavli_only,,1,0
2068,2980,bavli_only,,1,0
2075,535,bavli_only,,7,0
2075,2298,bavli_only,,1,0
2075,2578,bavli_only,,1,0
2075,2594,bavli_only,,4,0
2075,2763,bavli_only,,3,0
2075,2908,bavli_only,,1,0
2080,2129,both,transmitsTo,1,0
2082,2249,bavli_only,,2,0
2084,92,hyman_only,disputesWith,0,0
2084,2795,hyman_only,studentOf;transmitsFrom,0,0
2084,2880,hyman_only,hasFather,0,0
2091,261,bavli_only,,2,0
2091,534,bavli_only,,2,0
2091,600,bavli_only,,1,0
2091,895,bavli_only,,2,0
2091,2830,bavli_only,,1,0
2092,2518,bavli_only,,8,0
2092,2824,bavli_only,,3,0
2093,895,bavli_only,,1,0
2093,2518,bavli_only,,10,0
2093,2582,bavli_only,,4,0
2093,2763,bavli_only,,1,0
2111,495,bavli_only,,4,0
2111,917,both,transmitsFrom,2,0
2111,2578,both,teacherOf,3,0
2111,2830,bavli_only,,1,0
2113,485,hyman_only,teacherOf,0,0
2120,599,hyman_only,transmitsFrom,0,0
2120,2578,hyman_only,transmitsFrom,0,0
2120,2795,hyman_only,transmitsFrom,0,0
2124,2582,bavli_only,,1,0
2124,2830,bavli_only,,2,0
2124,2879,bavli_only,,2,0
2127,49,hyman_only,hasFather,0,0
2127,289,hyman_only,hasFather,0,0
2127,460,hyman_only,hasFather,0,0
2127,923,hyman_only,hasFather,0,0
2129,911,both,colleagueOf;contemporaryOf,2,2
2129,2285,hyman_only,colleagueOf;disputesWith,0,0
2129,2581,hyman_only,colleagueOf,0,0
2130,571,bavli_only,,1,0
2131,514,hyman_only,studentOf;teacherOf,0,0
2131,571,hyman_only,contemporaryOf,0,0
2132,2582,bavli_only,,2,2
2135,571,bavli_only,,6,4
2135,2465,both,studentOf,4,0
2136,2578,bavli_only,,1,0
2139,267,bavli_only,,4,4
2139,571,bavli_only,,9,8
2139,2409,bavli_only,,1,0
2139,2581,hyman_only,contemporaryOf,0,0
2139,2582,bavli_only,,1,0
2140,6,bavli_only,,3,0
2140,895,both,teacherOf;transmitsFrom,1,0
2141,2578,hyman_only,studentOf;transmitsFrom,0,0
2142,485,bavli_only,,1,0
2142,2586,bavli_only,,2,0
2143,54,hyman_only,colleagueOf,0,0
2143,2578,both,teacherOf,2,0
2143,2586,bavli_only,,2,0
2143,2684,bavli_only,,2,0
2147,818,hyman_only,transmitsFrom,0,0
2147,2578,hyman_only,transmitsFrom,0,0
2148,2285,bavli_only,,2,0
2148,2445,both,transmitsFrom,2,0
2148,2578,both,teacherOf;transmitsFrom,3,0
2148,2681,bavli_only,,2,0
2154,2161,bavli_only,,1,0
2155,514,both,hasFather;hasSon;studentOf;transmitsFrom,8,0
2155,571,both,contemporaryOf,4,4
2155,2158,bavli_only,,4,0
2155,2237,bavli_only,,2,0
2155,2582,both,teacherOf;transmitsFrom,4,0
2156,239,bavli_only,,1,1
2156,296,hyman_only,contemporaryOf,0,0
2156,297,bavli_only,,1,0
2156,304,both,colleagueOf,2,0
2156,368,bavli_only,,1,0
2156,507,hyman_only,hasFather,0,0
2156,514,bavli_only,,2,0
2156,571,both,hasFather;studentOf;transmitsFrom,23,3
2156,2161,bavli_only,,3,3
2156,2173,bavli_only,,1,0
2156,2198,bavli_only,,1,0
2156,2285,bavli_only,,2,0
2156,2298,bavli_only,,1,0
2156,2423,bavli_only,,1,0
2156,2518,bavli_only,,5,2
2156,2527,bavli_only,,2,0
2156,2533,bavli_only,,2,0
2156,2581,bavli_only,,1,0
2156,2582,bavli_only,,4,0
2156,2639,hyman_only,contemporaryOf,0,0
2156,2646,both,teacherOf,1,0
2156,2647,bavli_only,,9,6
2156,2648,hyman_only,contemporaryOf,0,0
2156,2735,bavli_only,,1,0
2156,2763,bavli_only,,2,2
2156,2846,bavli_only,,3,0
2156,2879,bavli_only,,2,0
2157,514,bavli_only,,1,0
2158,571,both,contemporaryOf,2,1
2158,2582,both,studentOf;teacherOf;transmitsFrom,19,0
2160,467,bavli_only,,1,0
2160,981,hyman_only,contemporaryOf,0,0
2160,2161,bavli_only,,2,0
2160,2255,both,colleagueOf,2,0
2160,2285,bavli_only,,2,0
2160,2298,bavli_only,,3,2
2160,2409,bavli_only,,2,0
2160,2518,bavli_only,,2,0
2160,2582,bavli_only,,1,0
2160,2586,bavli_only,,2,0
2160,2879,bavli_only,,2,0
2160,2938,both,teacherOf,1,0
2161,92,bavli_only,,4,0
2161,239,bavli_only,,1,0
2161,241,bavli_only,,1,0
2161,284,bavli_only,,2,2
2161,285,hyman_only,transmitsFrom,0,0
2161,294,bavli_only,,1,0
2161,297,both,contemporaryOf,2,0
2161,306,hyman_only,hasUncle,0,0
2161,356,hyman_only,contemporaryOf,0,0
2161,417,bavli_only,,1,0
2161,467,bavli_only,,1,0
2161,478,bavli_only,,2,0
2161,514,both,colleagueOf,23,6
2161,515,hyman_only,hasGrandfather,0,0
2161,535,bavli_only,,2,0
2161,571,bavli_only,,86,36
2161,602,bavli_only,,1,0
2161,687,bavli_only,,1,0
2161,827,both,contemporaryOf,4,2
2161,895,both,teacherOf,3,0
2161,918,bavli_only,,4,0
2161,924,hyman_only,hasFather,0,0
2161,927,hyman_only,hasSon,0,0
2161,995,hyman_only,contemporaryOf,0,0
2161,2167,hyman_only,teacherOf,0,0
2161,2173,both,contemporaryOf,2,2
2161,2178,bavli_only,,2,0
2161,2186,bavli_only,,1,0
2161,2198,bavli_only,,3,1
2161,2206,bavli_only,,2,0
2161,2285,bavli_only,,4,2
2161,2298,bavli_only,,2,0
2161,2344,bavli_only,,1,0
2161,2368,bavli_only,,1,0
2161,2409,bavli_only,,2,0
2161,2441,bavli_only,,1,0
2161,2518,bavli_only,,15,0
2161,2533,bavli_only,,1,0
2161,2578,bavli_only,,7,0
2161,2582,bavli_only,,8,0
2161,2646,both,colleagueOf,1,0
2161,2647,bavli_only,,9,4
2161,2696,bavli_only,,1,0
2161,2735,bavli_only,,1,0
2161,2744,bavli_only,,2,0
2161,2758,bavli_only,,1,0
2161,2763,bavli_only,,4,0
2161,2828,bavli_only,,2,0
2161,2830,bavli_only,,1,0
2161,2879,bavli_only,,2,0
2161,2938,both,teacherOf,5,0
2164,220,hyman_only,hasBrother,0,0
2164,270,both,disputesWith,2,0
2164,296,both,disputesWith,1,0
2164,306,bavli_only,,1,0
2164,571,hyman_only,contemporaryOf,0,0
2164,2518,bavli_only,,2,0
2164,2582,bavli_only,,2,0
2164,2646,hyman_only,colleagueOf;disputesWith;teacherOf,0,0
2164,2647,bavli_only,,19,15
2164,2681,bavli_only,,2,0
2165,417,bavli_only,,1,0
2165,913,hyman_only,contemporaryOf,0,0
2165,926,both,relatedTo,1,1
2165,2285,both,hasFather;studentOf;transmitsFrom,12,4
2165,2398,both,contemporaryOf,4,2
2165,2582,both,colleagueOf,4,0
2165,2681,both,contemporaryOf,1,0
2165,2938,bavli_only,,1,0
2166,571,both,contemporaryOf,3,1
2167,571,hyman_only,teacherOf,0,0
2168,514,bavli_only,,1,0
2168,515,hyman_only,hasFather,0,0
2168,571,bavli_only,,4,4
2168,2237,bavli_only,,2,0
2168,2763,bavli_only,,2,0
2169,255,hyman_only,contemporaryOf,0,0
2170,312,bavli_only,,1,0
2170,465,bavli_only,,4,0
2170,514,bavli_only,,1,0
2170,571,bavli_only,,19,19
2170,2237,bavli_only,,4,0
2170,2763,bavli_only,,2,0
2171,467,hyman_only,transmitsFrom,0,0
2172,2582,hyman_only,colleagueOf,0,0
2173,229,bavli_only,,1,0
2173,297,bavli_only,,1,0
2173,411,bavli_only,,1,1
2173,514,both,colleagueOf;contemporaryOf,1,1
2173,571,both,transmitsTo,27,22
2173,895,hyman_only,transmitsFrom,0,0
2173,2556,bavli_only,,1,1
2173,2578,bavli_only,,2,0
2173,2582,both,teacherOf;transmitsFrom,8,3
2173,2646,hyman_only,colleagueOf,0,0
2173,2647,bavli_only,,1,1
2173,2735,bavli_only,,2,0
2173,2744,bavli_only,,2,0
2173,2879,bavli_only,,6,0
2174,571,bavli_only,,7,3
2174,993,both,colleagueOf,14,4
2174,2285,bavli_only,,3,0
2174,2389,hyman_only,hasFather,0,0
2174,2409,bavli_only,,1,0
2174,2518,bavli_only,,3,2
2174,2582,bavli_only,,5,0
2174,2586,bavli_only,,1,0
2174,2596,bavli_only,,1,0
2174,2938,bavli_only,,1,0
2175,993,hyman_only,colleagueOf;disputesWith,0,0
2175,2582,hyman_only,studentOf,0,0
2178,514,bavli_only,,2,0
2178,571,bavli_only,,2,0
2184,2582,hyman_only,contemporaryOf,0,0
2186,417,bavli_only,,2,0
2186,2582,both,contemporaryOf,1,0
2186,2646,bavli_only,,2,0
2187,31,both,contemporaryOf,1,0
2187,895,hyman_only,contemporaryOf;teacherOf,0,0
2187,2423,hyman_only,transmitsFrom,0,0
2187,2533,bavli_only,,1,1
2187,2581,both,colleagueOf;contemporaryOf,3,0
2187,2596,hyman_only,contemporaryOf,0,0
2187,2763,bavli_only,,1,0
2190,514,bavli_only,,2,0
2190,2285,bavli_only,,1,0
2190,2409,bavli_only,,3,0
2190,2578,bavli_only,,3,0
2190,2581,bavli_only,,1,0
2190,2582,both,teacherOf,18,12
2190,2938,bavli_only,,2,0
2198,297,bavli_only,,4,2
2198,304,hyman_only,contemporaryOf,0,0
2198,514,bavli_only,,2,0
2198,515,hyman_only,transmitsFrom,0,0
2198,867,bavli_only,,2,0
2198,993,bavli_only,,1,0
2198,2409,bavli_only,,3,0
2198,2423,bavli_only,,2,0
2198,2502,bavli_only,,2,0
2198,2518,bavli_only,,2,0
2198,2578,bavli_only,,2,0
2198,2582,bavli_only,,4,0
2198,2639,hyman_only,contemporaryOf,0,0
2198,2646,hyman_only,teacherOf,0,0
2198,2647,bavli_only,,22,17
2198,2648,hyman_only,studentOf;transmitsFrom,0,0
2199,2582,hyman_only,contemporaryOf,0,0
2200,239,hyman_only,hasSon,0,0
2200,417,hyman_only,teacherOf,0,0
2202,49,hyman_only,hasMother,0,0
2202,362,hyman_only,descendantOf,0,0
2202,2578,hyman_only,hasUncle,0,0
2204,534,bavli_only,,1,0
2205,92,bavli_only,,1,0
2205,447,bavli_only,,1,0
2205,571,bavli_only,,1,0
2205,2497,bavli_only,,2,2
2205,2969,bavli_only,,1,0
2206,296,both,hasGrandson,3,0
2206,467,bavli_only,,2,0
2206,571,bavli_only,,13,0
2206,895,bavli_only,,1,0
2206,993,bavli_only,,2,0
2206,2237,bavli_only,,1,0
2206,2285,bavli_only,,2,0
2206,2298,bavli_only,,2,0
2206,2330,bavli_only,,1,0
2206,2390,hyman_only,hasFather,0,0
2206,2465,bavli_only,,2,0
2206,2518,bavli_only,,4,0
2206,2533,bavli_only,,1,1
2206,2578,bavli_only,,4,0
2206,2581,bavli_only,,2,0
2206,2582,bavli_only,,29,16
2206,2646,both,colleagueOf,4,2
2206,2647,bavli_only,,1,0
2206,2716,bavli_only,,1,0
2206,2744,bavli_only,,2,0
2206,2763,bavli_only,,2,0
2206,2830,bavli_only,,3,0
2206,2852,bavli_only,,2,0
2206,2861,bavli_only,,1,0
2206,2879,bavli_only,,1,0
2208,2648,hyman_only,teacherOf,0,0
2209,571,bavli_only,,2,0
2209,2879,bavli_only,,2,0
2211,296,hyman_only,hasGrandfather,0,0
2212,267,bavli_only,,1,0
2212,571,bavli_only,,2,0
2214,965,hyman_only,transmitsFrom,0,0
2214,2646,both,colleagueOf,1,0
2215,2582,hyman_only,hasFather;hasSon,0,0
2216,535,bavli_only,,2,2
2221,417,bavli_only,,2,0
2221,445,bavli_only,,2,0
2221,465,both,contemporaryOf,2,2
2221,2330,bavli_only,,1,0
2221,2409,bavli_only,,1,0
2221,2465,bavli_only,,1,0
2221,2830,bavli_only,,4,4
2224,313,hyman_only,hasFather;transmitsFrom,0,0
2224,763,bavli_only,,2,0
2224,820,bavli_only,,2,0
2224,2237,bavli_only,,1,0
2224,2578,both,teacherOf,1,0
2224,2582,bavli_only,,1,0
2224,2594,bavli_only,,2,0
2224,2627,bavli_only,,3,0
2224,2763,bavli_only,,11,0
2224,2879,bavli_only,,3,0
2225,6,bavli_only,,2,2
2225,312,bavli_only,,2,0
2225,417,bavli_only,,1,0
2225,467,bavli_only,,1,0
2225,478,bavli_only,,1,0
2225,548,bavli_only,,1,0
2225,571,bavli_only,,7,3
2225,2266,bavli_only,,1,0
2225,2409,bavli_only,,2,0
2225,2423,bavli_only,,1,0
2225,2578,bavli_only,,9,0
2225,2581,both,colleagueOf;transmitsFrom,5,0
2225,2582,hyman_only,transmitsFrom,0,0
2225,2627,both,transmitsFrom,3,0
2225,2646,bavli_only,,2,0
2225,2763,bavli_only,,18,4
2225,2830,bavli_only,,1,0
2229,2582,both,hasGrandson,3,0
2231,2330,bavli_only,,2,0
2231,2763,bavli_only,,3,0
2237,343,bavli_only,,1,0
2237,514,bavli_only,,7,0
2237,535,bavli_only,,1,0
2237,571,bavli_only,,10,2
2237,829,bavli_only,,1,0
2237,977,bavli_only,,2,0
2237,2285,bavli_only,,7,0
2237,2368,bavli_only,,1,0
2237,2409,bavli_only,,1,0
2237,2518,bavli_only,,4,0
2237,2578,bavli_only,,5,0
2237,2581,bavli_only,,1,0
2237,2582,bavli_only,,19,0
2237,2586,bavli_only,,1,0
2237,2596,bavli_only,,2,0
2237,2646,bavli_only,,1,0
2237,2696,bavli_only,,1,0
2237,2735,bavli_only,,1,0
2237,2763,bavli_only,,3,0
2237,2846,bavli_only,,1,0
2237,2938,bavli_only,,1,0
2241,92,both,teacherOf,14,10
2241,368,hyman_only,hasBrother,0,0
2241,2578,hyman_only,teacherOf,0,0
2244,2465,bavli_only,,6,0
2249,2834,hyman_only,contemporaryOf,0,0
2250,2409,bavli_only,,2,0
2253,2581,hyman_only,disputesWith,0,0
2254,2763,hyman_only,transmitsFrom,0,0
2255,417,bavli_only,,1,0
2257,417,hyman_only,disputesWith,0,0
2263,2908,bavli_only,,2,0
2266,257,hyman_only,teacherOf,0,0
2266,417,bavli_only,,2,0
2266,447,bavli_only,,2,0
2266,451,bavli_only,,2,0
2266,467,bavli_only,,3,0
2266,2465,bavli_only,,8,3
2266,2578,bavli_only,,2,0
2266,2581,bavli_only,,4,1
2266,2582,bavli_only,,3,0
2266,2763,bavli_only,,3,0
2266,2830,bavli_only,,6,0
2266,2888,bavli_only,,1,0
2269,828,both,studentOf;transmitsFrom,4,0
2269,2465,both,transmitsTo,9,5
2269,2582,bavli_only,,1,0
2271,343,bavli_only,,2,0
2277,918,bavli_only,,2,0
2277,2518,bavli_only,,2,0
2277,2533,bavli_only,,2,0
2277,2582,both,teacherOf,11,4
2280,2465,bavli_only,,7,0
2284,257,hyman_only,teacherOf,0,0
2285,6,bavli_only,,9,2
2285,66,both,relatedTo,8,6
2285,92,bavli_only,,4,0
2285,239,bavli_only,,4,0
2285,276,hyman_only,disputesWith,0,0
2285,281,bavli_only,,3,2
2285,284,bavli_only,,1,0
2285,286,both,transmitsFrom,16,5
2285,289,both,studentOf;transmitsFrom,5,4
2285,304,bavli_only,,2,0
2285,313,hyman_only,contemporaryOf,0,0
2285,343,bavli_only,,1,0
2285,368,bavli_only,,1,0
2285,417,bavli_only,,16,0
2285,445,bavli_only,,1,0
2285,460,hyman_only,contemporaryOf,0,0
2285,465,bavli_only,,1,0
2285,467,bavli_only,,12,0
2285,478,bavli_only,,1,0
2285,479,bavli_only,,1,0
2285,495,bavli_only,,8,2
2285,503,hyman_only,contemporaryOf,0,0
2285,514,both,transmitsFrom,6,0
2285,534,bavli_only,,2,0
2285,535,bavli_only,,2,0
2285,571,bavli_only,,35,5
2285,599,hyman_only,studentOf,0,0
2285,600,bavli_only,,25,12
2285,787,bavli_only,,2,0
2285,829,bavli_only,,3,0
2285,867,both,contemporaryOf,7,7
2285,873,both,contemporaryOf,13,6
2285,890,hyman_only,relatedTo,0,0
2285,895,both,colleagueOf;teacherOf,139,60
2285,899,bavli_only,,1,0
2285,911,both,colleagueOf,12,8
2285,913,bavli_only,,6,0
2285,917,both,transmitsFrom,1,0
2285,918,bavli_only,,1,0
2285,926,hyman_only,hasFather,0,0
2285,977,bavli_only,,9,3
2285,978,hyman_only,disputesWith,0,0
2285,993,bavli_only,,9,0
2285,2296,bavli_only,,7,7
2285,2298,bavli_only,,10,0
2285,2364,both,contemporaryOf,5,1
2285,2398,both,colleagueOf,5,1
2285,2409,both,contemporaryOf,41,25
2285,2423,bavli_only,,1,0
2285,2429,bavli_only,,4,0
2285,2442,bavli_only,,6,6
2285,2445,both,contemporaryOf,12,3
2285,2453,bavli_only,,21,15
2285,2465,bavli_only,,2,0
2285,2491,bavli_only,,1,0
2285,2518,bavli_only,,22,0
2285,2527,bavli_only,,1,1
2285,2533,bavli_only,,3,0
2285,2556,bavli_only,,1,0
2285,2578,bavli_only,,76,1
2285,2579,both,contemporaryOf,4,0
2285,2581,both,studentOf,40,12
2285,2582,both,studentOf,524,373
2285,2586,both,teacherOf,245,8
2285,2594,bavli_only,,1,0
2285,2596,both,colleagueOf,15,8
2285,2601,both,studentOf,6,5
2285,2616,hyman_only,hasFather,0,0
2285,2617,hyman_only,contemporaryOf,0,0
2285,2627,hyman_only,transmitsFrom,0,0
2285,2631,bavli_only,,1,0
2285,2647,bavli_only,,5,2
2285,2665,hyman_only,contemporaryOf,0,0
2285,2681,both,studentOf,18,11
2285,2688,both,disputesWith,3,3
2285,2690,bavli_only,,1,0
2285,2716,bavli_only,,3,0
2285,2720,bavli_only,,2,0
2285,2735,bavli_only,,1,0
2285,2763,bavli_only,,168,2
2285,2781,bavli_only,,1,0
2285,2795,both,contemporaryOf,1,0
2285,2830,bavli_only,,6,0
2285,2846,bavli_only,,3,0
2285,2852,bavli_only,,9,0
2285,2879,bavli_only,,1,0
2285,2881,bavli_only,,2,0
2285,2938,both,colleagueOf;disputesWith,114,21
2289,2518,bavli_only,,1,1
2296,6,bavli_only,,1,0
2296,256,bavli_only,,2,0
2296,571,bavli_only,,1,0
2296,2298,bavli_only,,16,5
2296,2368,bavli_only,,2,0
2296,2518,bavli_only,,1,0
2296,2578,bavli_only,,1,0
2296,2581,both,teacherOf,2,2
2296,2582,both,colleagueOf,4,0
2296,2744,bavli_only,,2,0
2296,2852,bavli_only,,1,0
2298,6,bavli_only,,3,0
2298,47,bavli_only,,1,0
2298,92,bavli_only,,7,0
2298,239,bavli_only,,2,0
2298,241,bavli_only,,1,0
2298,270,bavli_only,,1,0
2298,283,both,hasNephew,8,8
2298,286,both,contemporaryOf,6,0
2298,291,bavli_only,,1,0
2298,297,bavli_only,,1,1
2298,312,bavli_only,,1,0
2298,322,bavli_only,,2,0
2298,336,bavli_only,,1,0
2298,368,bavli_only,,2,0
2298,417,bavli_only,,3,0
2298,451,bavli_only,,1,0
2298,467,bavli_only,,9,0
2298,478,bavli_only,,1,0
2298,495,bavli_only,,3,0
2298,534,bavli_only,,1,0
2298,535,bavli_only,,2,0
2298,571,bavli_only,,12,1
2298,602,bavli_only,,2,2
2298,823,bavli_only,,1,0
2298,867,bavli_only,,1,0
2298,895,bavli_only,,15,0
2298,917,hyman_only,contemporaryOf,0,0
2298,918,both,colleagueOf;disputesWith,16,9
2298,927,both,contemporaryOf,2,0
2298,928,both,contemporaryOf,2,0
2298,977,bavli_only,,1,0
2298,993,both,contemporaryOf,5,0
2298,2330,bavli_only,,2,0
2298,2361,bavli_only,,1,0
2298,2409,bavli_only,,6,0
2298,2445,bavli_only,,1,0
2298,2465,bavli_only,,8,0
2298,2518,bavli_only,,40,1
2298,2520,bavli_only,,1,0
2298,2533,bavli_only,,2,0
2298,2578,bavli_only,,26,0
2298,2581,bavli_only,,11,0
2298,2582,both,teacherOf,66,28
2298,2586,bavli_only,,3,0
2298,2594,bavli_only,,2,0
2298,2596,bavli_only,,4,0
2298,2617,bavli_only,,1,0
2298,2627,bavli_only,,2,0
2298,2631,bavli_only,,1,0
2298,2646,both,colleagueOf,17,9
2298,2647,bavli_only,,9,0
2298,2681,bavli_only,,1,1
2298,2696,bavli_only,,2,2
2298,2716,bavli_only,,2,0
2298,2724,bavli_only,,2,0
2298,2742,both,transmitsTo,2,0
2298,2744,bavli_only,,4,0
2298,2763,bavli_only,,23,0
2298,2795,bavli_only,,1,0
2298,2824,bavli_only,,1,0
2298,2830,bavli_only,,14,0
2298,2846,bavli_only,,2,0
2298,2852,bavli_only,,3,0
2298,2879,bavli_only,,9,0
2298,2888,bavli_only,,1,0
2298,2891,bavli_only,,1,0
2298,2903,bavli_only,,2,0
2298,2938,bavli_only,,1,0
2299,535,hyman_only,transmitsFrom,0,0
2300,534,bavli_only,,1,0
2301,2800,hyman_only,hasFather;studentOf;transmitsFrom,0,0
2302,2498,hyman_only,transmitsFrom,0,0
2304,571,bavli_only,,2,2
2306,895,bavli_only,,2,0
2316,2763,bavli_only,,1,1
2324,659,hyman_only,colleagueOf,0,0
2330,251,bavli_only,,2,0
2330,417,bavli_only,,4,0
2330,465,bavli_only,,1,0
2330,467,bavli_only,,6,0
2330,475,bavli_only,,1,0
2330,478,bavli_only,,1,0
2330,485,bavli_only,,1,0
2330,571,bavli_only,,5,0
2330,895,bavli_only,,1,0
2330,2351,both,transmitsFrom,2,0
2330,2361,bavli_only,,4,2
2330,2465,bavli_only,,7,0
2330,2518,bavli_only,,2,0
2330,2533,bavli_only,,4,0
2330,2556,bavli_only,,1,0
2330,2578,bavli_only,,6,0
2330,2581,bavli_only,,5,0
2330,2582,bavli_only,,19,0
2330,2646,bavli_only,,2,0
2330,2763,bavli_only,,4,0
2330,2824,bavli_only,,1,0
2330,2830,bavli_only,,2,0
2330,2846,bavli_only,,3,0
2330,2852,bavli_only,,13,5
2330,2879,bavli_only,,2,0
2330,2888,bavli_only,,2,0
2330,2891,hyman_only,transmitsFrom,0,0
2330,2920,bavli_only,,1,0
2330,2938,bavli_only,,1,0
2334,2578,both,studentOf;teacherOf;transmitsFrom,7,2
2335,2578,bavli_only,,2,0
2335,2938,bavli_only,,1,0
2340,2518,bavli_only,,2,0
2340,2581,bavli_only,,1,0
2340,2763,bavli_only,,2,0
2340,2879,bavli_only,,2,0
2341,2582,both,studentOf;teacherOf;transmitsFrom,15,7
2341,2646,both,colleagueOf,1,1
2344,66,bavli_only,,1,0
2344,927,hyman_only,hasFather,0,0
2344,2582,bavli_only,,1,0
2347,2578,hyman_only,teacherOf,0,0
2347,2969,both,transmitsFrom,8,0
2348,571,both,transmitsTo,2,0
2361,6,bavli_only,,2,2
2361,256,bavli_only,,1,0
2361,270,bavli_only,,2,0
2361,286,bavli_only,,1,0
2361,450,bavli_only,,1,0
2361,451,bavli_only,,1,0
2361,467,bavli_only,,4,0
2361,571,bavli_only,,1,0
2361,977,bavli_only,,1,0
2361,2582,bavli_only,,3,0
2361,2596,bavli_only,,2,0
2361,2830,bavli_only,,1,0
2361,2846,bavli_only,,2,0
2363,2528,hyman_only,hasFather,0,0
2364,895,both,studentOf;teacherOf;transmitsFrom,15,0
2364,928,hyman_only,hasFather;hasSon,0,0
2364,2581,bavli_only,,1,0
2364,2582,both,teacherOf;transmitsFrom,9,0
2368,417,bavli_only,,2,0
2368,467,hyman_only,transmitsFrom,0,0
2368,867,bavli_only,,1,0
2368,2465,bavli_only,,5,0
2368,2518,bavli_only,,1,0
2368,2578,bavli_only,,1,0
2368,2763,bavli_only,,1,0
2368,2879,bavli_only,,2,0
2378,977,bavli_only,,1,0
2378,978,hyman_only,transmitsFrom,0,0
2382,571,hyman_only,studentOf,0,0
2382,2582,hyman_only,hasFather,0,0
2383,571,hyman_only,hasFather,0,0
2383,2582,bavli_only,,1,0
2383,2608,bavli_only,,1,0
2383,2646,hyman_only,teacherOf,0,0
2383,2647,bavli_only,,4,4
2383,2648,hyman_only,disputesWith,0,0
2384,571,bavli_only,,4,4
2385,2647,hyman_only,colleagueOf,0,0
2390,571,both,contemporaryOf;transmitsFrom,2,0
2390,2646,hyman_only,contemporaryOf,0,0
2391,571,both,contemporaryOf,2,0
2391,2582,hyman_only,hasFather,0,0
2392,2646,hyman_only,disputesWith;teacherOf,0,0
2392,2647,bavli_only,,2,0
2392,2879,hyman_only,transmitsFrom,0,0
2398,6,both,studentOf,23,19
2398,92,both,colleagueOf,6,1
2398,276,both,colleagueOf,1,0
2398,283,both,teacherOf,4,2
2398,304,bavli_only,,1,1
2398,467,bavli_only,,3,0
2398,495,both,transmitsFrom,8,0
2398,571,bavli_only,,2,0
2398,867,both,hasBrother,4,0
2398,868,both,hasBrother,4,4
2398,895,bavli_only,,1,0
2398,903,both,colleagueOf,6,2
2398,977,both,transmitsFrom,2,0
2398,993,bavli_only,,1,0
2398,2406,bavli_only,,1,1
2398,2518,bavli_only,,4,0
2398,2578,bavli_only,,5,4
2398,2581,both,colleagueOf;studentOf,4,0
2398,2582,both,colleagueOf,38,24
2398,2586,bavli_only,,2,0
2398,2596,bavli_only,,6,4
2398,2647,bavli_only,,1,0
2398,2681,both,contemporaryOf,7,7
2398,2763,bavli_only,,1,0
2398,2788,bavli_only,,2,0
2398,2938,bavli_only,,4,0
2399,2518,bavli_only,,3,3
2399,2646,both,colleagueOf;contemporaryOf,1,1
2402,2582,both,studentOf;teacherOf,4,2
2405,467,hyman_only,contemporaryOf,0,0
2405,495,bavli_only,,4,0
2405,534,bavli_only,,4,0
2406,495,bavli_only,,7,0
2406,534,bavli_only,,1,0
2406,535,bavli_only,,7,0
2406,2518,bavli_only,,2,0
2406,2582,both,teacherOf,5,0
2406,2646,both,disputesWith,3,1
2406,2647,bavli_only,,1,0
2409,6,bavli_only,,21,15
2409,43,hyman_only,transmitsFrom,0,0
2409,92,bavli_only,,3,0
2409,255,bavli_only,,1,0
2409,265,both,studentOf;transmitsFrom,1,0
2409,281,both,disputesWith,2,0
2409,286,bavli_only,,4,0
2409,312,hyman_only,teacherOf,0,0
2409,355,bavli_only,,1,0
2409,368,both,colleagueOf,3,1
2409,417,bavli_only,,10,0
2409,445,bavli_only,,1,0
2409,451,bavli_only,,1,0
2409,467,both,teacherOf,27,0
2409,478,bavli_only,,1,0
2409,514,bavli_only,,2,0
2409,534,bavli_only,,2,0
2409,535,bavli_only,,1,0
2409,547,hyman_only,disputesWith,0,0
2409,557,bavli_only,,1,0
2409,571,bavli_only,,16,3
2409,670,hyman_only,contemporaryOf,0,0
2409,695,bavli_only,,1,0
2409,763,bavli_only,,2,0
2409,861,hyman_only,studentOf,0,0
2409,867,bavli_only,,1,0
2409,895,bavli_only,,12,0
2409,911,both,transmitsFrom,2,0
2409,977,bavli_only,,24,11
2409,978,hyman_only,studentOf;transmitsFrom,0,0
2409,2411,hyman_only,transmitsFrom,0,0
2409,2423,bavli_only,,2,0
2409,2445,bavli_only,,3,0
2409,2465,bavli_only,,2,0
2409,2518,bavli_only,,6,0
2409,2533,bavli_only,,1,0
2409,2578,both,teacherOf,21,0
2409,2581,both,studentOf,23,13
2409,2582,bavli_only,,48,20
2409,2594,bavli_only,,7,1
2409,2596,bavli_only,,3,2
2409,2618,bavli_only,,6,4
2409,2646,bavli_only,,2,0
2409,2647,bavli_only,,6,0
2409,2668,bavli_only,,2,0
2409,2675,bavli_only,,1,0
2409,2676,bavli_only,,2,0
2409,2763,bavli_only,,26,0
2409,2788,both,contemporaryOf;disputesWith,2,1
2409,2800,bavli_only,,2,0
2409,2830,bavli_only,,4,0
2409,2845,bavli_only,,2,0
2409,2852,bavli_only,,4,0
2409,2865,bavli_only,,1,0
2409,2879,bavli_only,,17,0
2409,2891,bavli_only,,2,0
2409,2938,bavli_only,,5,0
2409,2957,bavli_only,,4,0
2409,2990,hyman_only,contemporaryOf,0,0
2410,467,both,teacherOf;transmitsFrom,3,0
2410,2830,hyman_only,transmitsFrom,0,0
2417,927,bavli_only,,1,0
2417,2582,both,contemporaryOf,5,3
2423,66,hyman_only,hasFather,0,0
2423,283,bavli_only,,4,2
2423,467,both,contemporaryOf,4,4
2423,743,both,studentOf,3,1
2423,842,hyman_only,disputesWith,0,0
2423,895,both,colleagueOf,1,1
2423,2453,bavli_only,,8,6
2423,2518,bavli_only,,2,0
2423,2582,bavli_only,,3,0
2423,2586,hyman_only,contemporaryOf,0,0
2423,2647,bavli_only,,1,0
2423,2763,bavli_only,,22,2
2429,763,bavli_only,,1,0
2429,895,bavli_only,,1,0
2429,918,bavli_only,,2,0
2429,2582,bavli_only,,2,0
2429,2647,bavli_only,,4,0
2429,2681,hyman_only,hasBrother,0,0
2429,2763,bavli_only,,1,0
2429,2830,bavli_only,,1,0
2430,571,bavli_only,,4,2
2432,2581,both,transmitsTo,1,0
2432,2763,both,transmitsFrom,2,0
2437,43,hyman_only,transmitsTo,0,0
2440,2582,both,colleagueOf;contemporaryOf,10,6
2441,2581,bavli_only,,3,0
2443,467,bavli_only,,2,0
2443,2581,bavli_only,,1,0
2445,343,both,transmitsFrom;transmitsTo,12,0
2445,467,bavli_only,,1,0
2445,534,both,teacherOf;transmitsFrom,2,0
2445,571,bavli_only,,1,0
2445,895,bavli_only,,2,0
2445,2518,bavli_only,,1,0
2445,2578,both,studentOf;teacherOf;transmitsFrom,17,0
2445,2581,both,colleagueOf,4,2
2445,2582,bavli_only,,8,2
2445,2594,bavli_only,,2,0
2445,2681,hyman_only,contemporaryOf,0,0
2445,2684,both,contemporaryOf,2,2
2445,2763,bavli_only,,2,0
2445,2830,bavli_only,,1,0
2445,2879,bavli_only,,1,0
2445,2938,both,teacherOf,13,6
2445,2957,bavli_only,,1,0
2447,2839,hyman_only,transmitsFrom,0,0
2448,895,bavli_only,,1,0
2448,923,hyman_only,contemporaryOf,0,0
2448,2578,bavli_only,,2,0
2453,467,bavli_only,,1,0
2453,895,bavli_only,,5,4
2453,2578,both,teacherOf;transmitsFrom,3,0
2453,2763,both,studentOf;transmitsFrom,33,4
2453,2830,bavli_only,,1,0
2453,2938,bavli_only,,1,0
2459,2763,both,studentOf,8,0
2462,92,bavli_only,,2,0
2462,851,bavli_only,,2,0
2462,2861,bavli_only,,2,0
2462,2879,bavli_only,,2,0
2464,2582,bavli_only,,2,0
2465,6,bavli_only,,1,0
2465,92,bavli_only,,17,0
2465,256,hyman_only,transmitsFrom,0,0
2465,286,bavli_only,,2,0
2465,368,bavli_only,,1,0
2465,417,both,disputesWith;teacherOf,209,65
2465,443,hyman_only,disputesWith,0,0
2465,447,bavli_only,,4,0
2465,450,hyman_only,studentOf,0,0
2465,451,bavli_only,,4,0
2465,462,hyman_only,studentOf,0,0
2465,465,both,disputesWith,39,11
2465,467,bavli_only,,24,0
2465,475,bavli_only,,1,0
2465,477,both,studentOf,2,0
2465,478,bavli_only,,2,0
2465,485,bavli_only,,1,0
2465,489,hyman_only,studentOf,0,0
2465,495,bavli_only,,3,0
2465,534,bavli_only,,3,0
2465,548,bavli_only,,2,0
2465,571,bavli_only,,6,0
2465,607,bavli_only,,1,0
2465,633,hyman_only,contemporaryOf,0,0
2465,659,both,relatedTo,4,2
2465,682,both,contemporaryOf,1,0
2465,691,hyman_only,studentOf;transmitsFrom,0,0
2465,829,bavli_only,,38,19
2465,850,hyman_only,hasSon,0,0
2465,851,bavli_only,,4,2
2465,867,bavli_only,,1,0
2465,895,bavli_only,,14,0
2465,918,bavli_only,,3,0
2465,2518,bavli_only,,15,0
2465,2531,both,colleagueOf,4,4
2465,2541,bavli_only,,2,0
2465,2557,both,contemporaryOf,2,0
2465,2578,bavli_only,,18,0
2465,2581,bavli_only,,19,0
2465,2582,bavli_only,,33,0
2465,2586,bavli_only,,1,0
2465,2596,bavli_only,,1,0
2465,2646,bavli_only,,1,0
2465,2647,bavli_only,,2,0
2465,2684,bavli_only,,2,0
2465,2720,bavli_only,,2,0
2465,2763,bavli_only,,11,0
2465,2781,bavli_only,,1,0
2465,2795,bavli_only,,1,0
2465,2830,bavli_only,,51,7
2465,2846,bavli_only,,9,0
2465,2852,bavli_only,,9,0
2465,2878,bavli_only,,1,0
2465,2879,bavli_only,,16,0
2465,2881,bavli_only,,3,0
2465,2885,both,colleagueOf;disputesWith,11,0
2465,2888,both,disputesWith;hasFatherInLaw;studentOf,25,6
2465,2911,hyman_only,studentOf,0,0
2465,2912,bavli_only,,7,2
2465,2938,bavli_only,,11,0
2465,2944,hyman_only,contemporaryOf,0,0
2474,571,bavli_only,,2,0
2478,417,bavli_only,,2,0
2478,467,both,hasFather;hasSon;studentOf;transmitsFrom,3,1
2478,904,bavli_only,,1,0
2478,2586,bavli_only,,3,0
2478,2647,bavli_only,,1,0
2480,972,hyman_only,hasFather,0,0
2489,2760,hyman_only,transmitsTo,0,0
2491,475,bavli_only,,2,0
2491,478,bavli_only,,1,0
2491,571,bavli_only,,2,0
2497,293,hyman_only,hasFather,0,0
2497,471,hyman_only,hasFather,0,0
2497,571,bavli_only,,2,0
2497,2518,bavli_only,,2,0
2497,2578,bavli_only,,1,0
2497,2582,both,studentOf;teacherOf;transmitsFrom,12,0
2497,2763,bavli_only,,6,4
2498,51,hyman_only,teacherOf,0,0
2498,85,hyman_only,teacherOf,0,0
2498,92,hyman_only,teacherOf,0,0
2498,535,hyman_only,transmitsFrom,0,0
2498,895,hyman_only,colleagueOf,0,0
2498,897,hyman_only,colleagueOf,0,0
2498,2582,bavli_only,,2,0
2498,2891,hyman_only,teacherOf,0,0
2498,2980,hyman_only,teacherOf,0,0
2498,2993,hyman_only,colleagueOf,0,0
2502,571,bavli_only,,4,2
2502,918,hyman_only,colleagueOf,0,0
2502,2518,hyman_only,colleagueOf,0,0
2502,2582,bavli_only,,3,0
2502,2879,bavli_only,,1,0
2507,918,hyman_only,colleagueOf,0,0
2508,417,bavli_only,,2,0
2508,450,hyman_only,transmitsFrom,0,0
2508,485,hyman_only,contemporaryOf,0,0
2508,2830,both,contemporaryOf;hasFatherInLaw,10,4
2508,2913,bavli_only,,2,0
2514,92,hyman_only,contemporaryOf,0,0
2518,6,bavli_only,,3,0
2518,47,bavli_only,,1,0
2518,63,hyman_only,hasFather,0,0
2518,67,hyman_only,relatedTo,0,0
2518,92,bavli_only,,12,1
2518,265,hyman_only,teacherOf,0,0
2518,270,both,colleagueOf;disputesWith,20,1
2518,286,both,teacherOf,14,0
2518,297,bavli_only,,3,1
2518,304,bavli_only,,2,0
2518,343,both,teacherOf,11,3
2518,368,bavli_only,,1,0
2518,417,bavli_only,,17,0
2518,447,bavli_only,,3,0
2518,451,bavli_only,,1,0
2518,467,bavli_only,,5,0
2518,485,bavli_only,,1,0
2518,495,bavli_only,,6,0
2518,514,both,transmitsFrom,5,0
2518,534,bavli_only,,4,0
2518,535,bavli_only,,1,0
2518,555,bavli_only,,1,0
2518,571,bavli_only,,71,1
2518,599,hyman_only,teacherOf,0,0
2518,600,bavli_only,,3,1
2518,711,hyman_only,contemporaryOf,0,0
2518,763,bavli_only,,2,0
2518,829,bavli_only,,1,0
2518,867,bavli_only,,3,0
2518,887,hyman_only,contemporaryOf,0,0
2518,895,bavli_only,,19,0
2518,899,bavli_only,,2,0
2518,903,both,colleagueOf,4,2
2518,913,bavli_only,,2,1
2518,918,both,colleagueOf,81,34
2518,922,both,studentOf,1,0
2518,927,both,studentOf,15,13
2518,943,hyman_only,hasFatherInLaw,0,0
2518,977,bavli_only,,4,2
2518,993,both,colleagueOf,65,5
2518,2519,hyman_only,contemporaryOf,0,0
2518,2533,bavli_only,,30,4
2518,2556,bavli_only,,1,0
2518,2578,bavli_only,,52,1
2518,2579,both,contemporaryOf,2,2
2518,2581,bavli_only,,25,4
2518,2582,both,teacherOf,274,115
2518,2586,bavli_only,,3,1
2518,2589,hyman_only,contemporaryOf,0,0
2518,2596,bavli_only,,2,0
2518,2602,bavli_only,,2,0
2518,2617,bavli_only,,3,0
2518,2618,both,contemporaryOf,2,0
2518,2631,both,colleagueOf,7,5
2518,2636,bavli_only,,1,1
2518,2646,both,colleagueOf,13,3
2518,2647,bavli_only,,18,0
2518,2668,bavli_only,,1,0
2518,2675,hyman_only,hasFather,0,0
2518,2676,bavli_only,,3,2
2518,2681,bavli_only,,6,0
2518,2696,bavli_only,,6,0
2518,2732,hyman_only,contemporaryOf,0,0
2518,2735,bavli_only,,13,9
2518,2744,bavli_only,,21,8
2518,2763,bavli_only,,55,2
2518,2769,bavli_only,,2,0
2518,2773,both,studentOf,8,4
2518,2795,bavli_only,,1,0
2518,2800,bavli_only,,1,0
2518,2809,bavli_only,,2,2
2518,2830,bavli_only,,17,0
2518,2839,bavli_only,,2,2
2518,2846,bavli_only,,1,0
2518,2852,bavli_only,,7,0
2518,2879,bavli_only,,37,3
2518,2888,bavli_only,,2,0
2518,2913,bavli_only,,1,0
2518,2923,bavli_only,,2,0
2518,2934,bavli_only,,5,0
2518,2938,bavli_only,,18,0
2520,265,both,transmitsFrom,2,0
2520,292,both,transmitsFrom,2,0
2520,2582,both,contemporaryOf;transmitsFrom,2,0
2522,2582,hyman_only,teacherOf,0,0
2523,2735,bavli_only,,2,2
2527,571,bavli_only,,1,0
2527,895,bavli_only,,1,0
2527,2582,both,colleagueOf;contemporaryOf,8,8
2527,2594,bavli_only,,1,0
2527,2938,both,studentOf;transmitsFrom,2,0
2528,889,hyman_only,hasFather,0,0
2528,2578,both,teacherOf;transmitsFrom,4,0
2532,43,hyman_only,transmitsTo,0,0
2533,297,bavli_only,,1,0
2533,467,bavli_only,,1,0
2533,571,bavli_only,,12,0
2533,600,bavli_only,,1,1
2533,602,both,colleagueOf,8,4
2533,733,hyman_only,contemporaryOf,0,0
2533,881,bavli_only,,1,0
2533,898,hyman_only,transmitsFrom,0,0
2533,913,bavli_only,,1,0
2533,918,both,colleagueOf,5,2
2533,993,bavli_only,,1,0
2533,2582,both,teacherOf,35,0
2533,2646,both,colleagueOf,2,0
2533,2647,bavli_only,,1,0
2533,2735,bavli_only,,2,0
2533,2744,bavli_only,,1,0
2533,2763,bavli_only,,2,0
2533,2879,bavli_only,,2,0
2534,417,bavli_only,,3,0
2534,571,bavli_only,,1,0
2534,2582,bavli_only,,1,0
2540,495,bavli_only,,6,6
2541,2578,hyman_only,teacherOf,0,0
2546,404,bavli_only,,2,0
2546,417,both,colleagueOf,1,0
2546,475,bavli_only,,5,4
2546,829,bavli_only,,7,5
2546,2582,bavli_only,,1,0
2556,286,bavli_only,,1,0
2556,495,bavli_only,,2,0
2556,885,hyman_only,hasFather;studentOf,0,0
2556,895,bavli_only,,3,0
2556,977,bavli_only,,2,0
2556,2578,bavli_only,,1,0
2556,2582,bavli_only,,3,0
2556,2596,both,teacherOf;transmitsFrom,1,0
2556,2763,bavli_only,,1,0
2556,2879,both,teacherOf;transmitsFrom,2,0
2563,2895,hyman_only,hasMother,0,0
2571,918,bavli_only,,1,0
2575,2578,bavli_only,,2,0
2578,6,both,teacherOf,31,3
2578,31,both,studentOf;teacherOf;transmitsFrom,21,0
2578,43,both,studentOf;teacherOf;transmitsFrom,1,0
2578,47,both,teacherOf;transmitsFrom,3,0
2578,50,hyman_only,teacherOf;transmitsFrom,0,0
2578,92,both,teacherOf;transmitsFrom,4,0
2578,261,bavli_only,,4,0
2578,265,both,studentOf;transmitsFrom,7,0
2578,276,bavli_only,,5,0
2578,286,bavli_only,,1,0
2578,296,hyman_only,hasFather,0,0
2578,297,bavli_only,,3,0
2578,301,both,studentOf,1,1
2578,304,bavli_only,,2,0
2578,312,both,teacherOf,5,2
2578,341,hyman_only,teacherOf,0,0
2578,343,both,transmitsFrom,2,0
2578,362,both,transmitsFrom,1,0
2578,368,both,studentOf;teacherOf,14,0
2578,388,bavli_only,,1,0
2578,411,bavli_only,,2,0
2578,417,bavli_only,,33,0
2578,443,bavli_only,,1,0
2578,450,bavli_only,,7,0
2578,451,bavli_only,,6,0
2578,462,bavli_only,,2,0
2578,465,bavli_only,,4,0
2578,467,both,studentOf;teacherOf,75,19
2578,475,bavli_only,,1,0
2578,478,bavli_only,,1,0
2578,485,both,colleagueOf,2,0
2578,495,both,teacherOf,9,0
2578,511,hyman_only,teacherOf;transmitsFrom,0,0
2578,514,bavli_only,,6,0
2578,527,bavli_only,,2,0
2578,534,both,colleagueOf;contemporaryOf;disputesWith;transmitsFrom,92,43
2578,535,bavli_only,,1,0
2578,548,bavli_only,,7,0
2578,557,hyman_only,contemporaryOf,0,0
2578,571,bavli_only,,47,4
2578,599,hyman_only,teacherOf,0,0
2578,600,bavli_only,,1,0
2578,701,hyman_only,contemporaryOf,0,0
2578,763,bavli_only,,1,0
2578,779,bavli_only,,1,0
2578,784,both,teacherOf,1,0
2578,787,both,studentOf;teacherOf;transmitsFrom,17,0
2578,792,hyman_only,teacherOf,0,0
2578,815,both,transmitsFrom,1,0
2578,820,both,studentOf;teacherOf;transmitsFrom,94,0
2578,823,both,studentOf;teacherOf;transmitsFrom,3,0
2578,827,bavli_only,,1,0
2578,829,bavli_only,,5,0
2578,830,both,contemporaryOf,1,0
2578,842,both,contemporaryOf;disputesWith;studentOf;transmitsFrom,9,0
2578,850,bavli_only,,4,0
2578,861,bavli_only,,1,0
2578,867,both,teacherOf,4,0
2578,873,both,studentOf;teacherOf;transmitsFrom,2,0
2578,879,both,teacherOf;transmitsFrom,3,0
2578,881,bavli_only,,2,0
2578,885,both,studentOf;teacherOf;transmitsFrom,4,0
2578,889,both,transmitsFrom,2,0
2578,895,both,studentOf;teacherOf;transmitsFrom,272,27
2578,905,both,teacherOf,2,0
2578,911,hyman_only,teacherOf,0,0
2578,913,both,teacherOf,2,0
2578,918,bavli_only,,9,0
2578,977,both,studentOf;teacherOf;transmitsFrom,18,3
2578,982,bavli_only,,1,0
2578,993,bavli_only,,3,0
2578,2581,both,transmitsFrom,39,0
2578,2582,bavli_only,,133,2
2578,2585,hyman_only,hasFather,0,0
2578,2586,both,studentOf;teacherOf;transmitsFrom,54,0
2578,2588,both,transmitsFrom,2,0
2578,2589,bavli_only,,2,0
2578,2592,bavli_only,,2,0
2578,2594,both,colleagueOf;relatedTo,35,19
2578,2596,both,studentOf;teacherOf;transmitsFrom,27,1
2578,2598,hyman_only,studentOf;transmitsFrom,0,0
2578,2599,both,teacherOf;transmitsFrom,5,0
2578,2602,bavli_only,,2,0
2578,2606,both,teacherOf,4,0
2578,2607,both,teacherOf,6,0
2578,2608,both,hasGrandfather;teacherOf,2,0
2578,2611,both,teacherOf;transmitsFrom,2,0
2578,2612,bavli_only,,2,0
2578,2618,bavli_only,,2,0
2578,2631,both,teacherOf,1,0
2578,2633,both,studentOf;teacherOf;transmitsFrom,2,0
2578,2646,bavli_only,,9,0
2578,2647,bavli_only,,16,3
2578,2675,both,teacherOf;transmitsFrom,3,0
2578,2681,bavli_only,,8,2
2578,2683,both,teacherOf;transmitsFrom,2,0
2578,2684,both,teacherOf;transmitsFrom,2,0
2578,2687,hyman_only,teacherOf,0,0
2578,2690,bavli_only,,1,0
2578,2696,bavli_only,,5,0
2578,2716,bavli_only,,2,0
2578,2720,both,colleagueOf;disputesWith,12,4
2578,2725,bavli_only,,2,0
2578,2738,both,hasGrandson,31,22
2578,2741,bavli_only,,1,0
2578,2744,bavli_only,,1,0
2578,2763,both,colleagueOf;disputesWith,905,39
2578,2776,bavli_only,,2,0
2578,2795,both,teacherOf;transmitsFrom,25,0
2578,2800,both,teacherOf,3,0
2578,2808,both,contemporaryOf;teacherOf,11,9
2578,2830,bavli_only,,43,0
2578,2846,bavli_only,,6,0
2578,2852,bavli_only,,19,0
2578,2861,bavli_only,,4,2
2578,2877,hyman_only,teacherOf,0,0
2578,2879,bavli_only,,23,0
2578,2885,bavli_only,,1,0
2578,2891,both,teacherOf,2,0
2578,2896,hyman_only,colleagueOf,0,0
2578,2938,both,teacherOf,30,1
2578,2952,both,teacherOf,1,0
2578,2993,hyman_only,hasFather,0,0
2579,2646,hyman_only,studentOf;teacherOf,0,0
2579,2647,bavli_only,,3,0
2581,43,hyman_only,teacherOf,0,0
2581,49,both,contemporaryOf,4,4
2581,99,bavli_only,,1,0
2581,270,bavli_only,,3,0
2581,276,hyman_only,studentOf;teacherOf;transmitsFrom,0,0
2581,286,bavli_only,,1,0
2581,342,hyman_only,teacherOf;transmitsFrom,0,0
2581,343,bavli_only,,2,0
2581,417,bavli_only,,21,0
2581,451,bavli_only,,2,0
2581,467,bavli_only,,20,0
2581,478,bavli_only,,4,0
2581,495,both,transmitsFrom,3,0
2581,503,hyman_only,contemporaryOf,0,0
2581,534,bavli_only,,4,0
2581,535,bavli_only,,3,0
2581,548,bavli_only,,1,0
2581,571,bavli_only,,37,1
2581,602,bavli_only,,2,0
2581,850,bavli_only,,1,0
2581,867,both,contemporaryOf,2,0
2581,895,both,studentOf;teacherOf,45,14
2581,911,both,contemporaryOf,3,0
2581,918,bavli_only,,8,0
2581,977,bavli_only,,6,4
2581,978,hyman_only,colleagueOf,0,0
2581,993,bavli_only,,1,0
2581,2582,bavli_only,,134,11
2581,2586,bavli_only,,4,0
2581,2588,hyman_only,transmitsFrom,0,0
2581,2594,both,colleagueOf,7,2
2581,2596,both,colleagueOf;disputesWith,4,1
2581,2598,bavli_only,,2,0
2581,2602,hyman_only,teacherOf,0,0
2581,2615,hyman_only,studentOf,0,0
2581,2618,bavli_only,,2,0
2581,2624,hyman_only,hasFather;hasSon,0,0
2581,2625,both,disputesWith,1,0
2581,2627,bavli_only,,2,0
2581,2637,bavli_only,,2,0
2581,2646,bavli_only,,5,0
2581,2647,bavli_only,,2,0
2581,2681,both,contemporaryOf,5,0
2581,2696,bavli_only,,2,0
2581,2716,bavli_only,,3,3
2581,2738,bavli_only,,2,0
2581,2744,bavli_only,,1,0
2581,2763,bavli_only,,26,0
2581,2788,hyman_only,contemporaryOf,0,0
2581,2795,both,contemporaryOf,2,1
2581,2806,hyman_only,studentOf;teacherOf,0,0
2581,2830,bavli_only,,27,0
2581,2845,bavli_only,,1,0
2581,2846,bavli_only,,6,0
2581,2852,bavli_only,,7,0
2581,2879,bavli_only,,8,0
2581,2920,bavli_only,,2,0
2581,2938,both,colleagueOf;studentOf,21,0
2582,6,both,contemporaryOf,10,0
2582,31,both,contemporaryOf,1,0
2582,43,bavli_only,,2,0
2582,49,both,colleagueOf;contemporaryOf,4,0
2582,57,bavli_only,,2,2
2582,66,both,contemporaryOf,7,2
2582,85,bavli_only,,1,0
2582,92,bavli_only,,14,0
2582,94,hyman_only,studentOf;teacherOf,0,0
2582,99,bavli_only,,4,0
2582,261,hyman_only,teacherOf,0,0
2582,263,bavli_only,,1,0
2582,265,both,contemporaryOf,2,0
2582,270,bavli_only,,6,0
2582,273,hyman_only,teacherOf;transmitsFrom,0,0
2582,276,both,colleagueOf;disputesWith,6,6
2582,281,bavli_only,,2,0
2582,284,bavli_only,,4,0
2582,286,both,colleagueOf;contemporaryOf;disputesWith,20,2
2582,289,both,disputesWith,1,0
2582,291,bavli_only,,4,0
2582,292,bavli_only,,1,0
2582,297,bavli_only,,9,1
2582,299,hyman_only,studentOf;teacherOf;transmitsFrom,0,0
2582,304,bavli_only,,6,1
2582,312,both,contemporaryOf,1,0
2582,341,both,teacherOf;transmitsFrom,4,0
2582,343,both,colleagueOf;contemporaryOf,5,0
2582,368,bavli_only,,4,1
2582,371,bavli_only,,1,0
2582,386,bavli_only,,6,2
2582,389,both,contemporaryOf,3,0
2582,391,both,contemporaryOf;teacherOf,4,4
2582,411,bavli_only,,2,0
2582,417,bavli_only,,57,0
2582,445,bavli_only,,2,0
2582,450,bavli_only,,2,0
2582,451,bavli_only,,2,0
2582,457,bavli_only,,2,0
2582,465,bavli_only,,3,0
2582,466,bavli_only,,3,0
2582,467,bavli_only,,71,0
2582,475,bavli_only,,1,0
2582,477,bavli_only,,1,0
2582,478,bavli_only,,8,0
2582,484,bavli_only,,2,0
2582,485,bavli_only,,3,0
2582,490,both,studentOf;teacherOf;transmitsFrom,4,1
2582,495,bavli_only,,23,0
2582,514,both,studentOf;teacherOf,13,0
2582,534,both,transmitsFrom,16,1
2582,535,bavli_only,,3,0
2582,548,bavli_only,,3,0
2582,571,both,studentOf;teacherOf,191,25
2582,600,bavli_only,,4,0
2582,602,bavli_only,,2,0
2582,693,both,colleagueOf;contemporaryOf,2,0
2582,708,hyman_only,contemporaryOf,0,0
2582,710,hyman_only,teacherOf,0,0
2582,712,both,teacherOf,4,0
2582,717,both,contemporaryOf,2,0
2582,723,both,contemporaryOf,10,8
2582,730,hyman_only,contemporaryOf,0,0
2582,777,hyman_only,contemporaryOf,0,0
2582,787,bavli_only,,1,0
2582,803,hyman_only,studentOf,0,0
2582,812,hyman_only,colleagueOf;contemporaryOf,0,0
2582,820,bavli_only,,2,0
2582,827,both,teacherOf;transmitsFrom,8,0
2582,829,bavli_only,,9,0
2582,867,both,contemporaryOf,4,0
2582,881,both,colleagueOf;disputesWith,2,0
2582,895,both,teacherOf,65,12
2582,897,hyman_only,contemporaryOf,0,0
2582,899,both,contemporaryOf,3,0
2582,911,bavli_only,,2,0
2582,913,both,colleagueOf,18,3
2582,917,both,colleagueOf;disputesWith;studentOf;teacherOf;transmitsFrom,32,18
2582,918,both,studentOf;teacherOf,60,35
2582,922,both,studentOf;teacherOf,2,0
2582,926,both,colleagueOf;disputesWith,9,4
2582,927,both,studentOf;teacherOf,3,2
2582,928,both,colleagueOf;contemporaryOf,2,2
2582,936,hyman_only,transmitsFrom,0,0
2582,938,bavli_only,,1,1
2582,943,hyman_only,transmitsFrom,0,0
2582,965,bavli_only,,2,0
2582,977,bavli_only,,43,14
2582,993,both,studentOf;teacherOf;transmitsFrom,22,0
2582,2586,bavli_only,,23,9
2582,2589,both,disputesWith,1,0
2582,2594,bavli_only,,6,0
2582,2596,bavli_only,,15,0
2582,2602,both,colleagueOf,7,7
2582,2610,both,contemporaryOf;disputesWith;teacherOf,2,2
2582,2613,both,contemporaryOf,55,53
2582,2614,both,teacherOf,1,1
2582,2615,hyman_only,colleagueOf;contemporaryOf,0,0
2582,2618,both,colleagueOf;disputesWith,15,0
2582,2624,both,colleagueOf;disputesWith,1,0
2582,2627,both,colleagueOf;contemporaryOf;disputesWith,6,0
2582,2628,hyman_only,contemporaryOf,0,0
2582,2631,both,contemporaryOf,1,0
2582,2634,bavli_only,,1,0
2582,2637,bavli_only,,1,0
2582,2646,both,studentOf;teacherOf;transmitsFrom,93,53
2582,2647,bavli_only,,41,7
2582,2653,bavli_only,,1,0
2582,2665,both,contemporaryOf,7,7
2582,2668,bavli_only,,18,12
2582,2670,hyman_only,studentOf,0,0
2582,2681,both,colleagueOf,104,27
2582,2685,bavli_only,,1,0
2582,2692,both,colleagueOf;contemporaryOf,7,7
2582,2696,bavli_only,,4,0
2582,2709,bavli_only,,1,0
2582,2716,both,teacherOf,7,4
2582,2735,both,teacherOf,6,2
2582,2738,bavli_only,,2,0
2582,2742,both,teacherOf,4,2
2582,2744,both,colleagueOf,5,0
2582,2758,bavli_only,,1,0
2582,2761,hyman_only,contemporaryOf,0,0
2582,2763,bavli_only,,99,0
2582,2768,hyman_only,transmitsFrom,0,0
2582,2781,bavli_only,,5,2
2582,2784,both,studentOf,1,0
2582,2788,bavli_only,,3,3
2582,2795,both,contemporaryOf,6,1
2582,2807,both,transmitsTo,2,0
2582,2830,bavli_only,,84,0
2582,2839,bavli_only,,2,0
2582,2846,bavli_only,,10,0
2582,2852,bavli_only,,16,0
2582,2864,bavli_only,,4,0
2582,2879,bavli_only,,56,0
2582,2881,bavli_only,,3,0
2582,2888,bavli_only,,2,0
2582,2891,bavli_only,,2,0
2582,2920,bavli_only,,2,0
2582,2923,bavli_only,,5,0
2582,2928,hyman_only,studentOf;teacherOf,0,0
2582,2930,hyman_only,hasBrother,0,0
2582,2934,both,teacherOf,4,2
2582,2938,both,studentOf;teacherOf,75,4
2582,2948,hyman_only,teacherOf,0,0
2586,297,bavli_only,,1,0
2586,417,bavli_only,,1,0
2586,475,bavli_only,,1,0
2586,485,bavli_only,,4,0
2586,881,bavli_only,,5,4
2586,895,both,colleagueOf;contemporaryOf,6,0
2586,918,bavli_only,,2,1
2586,977,bavli_only,,1,0
2586,993,bavli_only,,1,0
2586,2646,bavli_only,,1,0
2586,2653,bavli_only,,2,0
2586,2676,bavli_only,,2,0
2586,2681,bavli_only,,1,0
2586,2701,bavli_only,,1,0
2586,2735,bavli_only,,1,0
2586,2744,bavli_only,,2,0
2586,2763,both,studentOf,6,0
2586,2830,bavli_only,,5,0
2586,2852,bavli_only,,1,0
2586,2885,bavli_only,,2,0
2586,2938,bavli_only,,4,0
2586,2957,bavli_only,,2,0
2588,286,bavli_only,,1,0
2589,571,both,disputesWith,1,0
2591,276,hyman_only,hasSon,0,0
2591,2938,both,teacherOf,1,0
2593,343,both,contemporaryOf,1,1
2593,2763,bavli_only,,1,0
2594,6,bavli_only,,3,0
2594,40,bavli_only,,2,0
2594,417,bavli_only,,3,0
2594,467,both,teacherOf,11,5
2594,495,bavli_only,,3,1
2594,514,bavli_only,,1,0
2594,535,bavli_only,,4,2
2594,571,bavli_only,,6,0
2594,867,both,contemporaryOf,7,0
2594,885,hyman_only,relatedTo,0,0
2594,895,bavli_only,,7,0
2594,918,bavli_only,,2,0
2594,993,bavli_only,,2,0
2594,2596,bavli_only,,2,0
2594,2631,bavli_only,,1,0
2594,2647,bavli_only,,3,0
2594,2763,bavli_only,,15,4
2594,2852,bavli_only,,1,0
2594,2879,both,teacherOf,21,3
2595,787,hyman_only,hasFather,0,0
2596,6,hyman_only,colleagueOf,0,0
2596,31,both,contemporaryOf,2,0
2596,64,hyman_only,teacherOf,0,0
2596,66,bavli_only,,10,4
2596,92,bavli_only,,1,0
2596,417,bavli_only,,3,0
2596,467,bavli_only,,1,0
2596,571,bavli_only,,10,0
2596,820,bavli_only,,4,0
2596,829,bavli_only,,1,0
2596,895,both,hasFather;hasSon;studentOf;transmitsFrom,56,31
2596,911,bavli_only,,2,0
2596,978,hyman_only,contemporaryOf,0,0
2596,993,bavli_only,,1,0
2596,2616,both,contemporaryOf,12,5
2596,2625,both,disputesWith;hasFather;hasSon,4,2
2596,2646,bavli_only,,3,0
2596,2681,bavli_only,,1,0
2596,2688,both,colleagueOf;contemporaryOf,2,0
2596,2716,bavli_only,,3,0
2596,2744,bavli_only,,1,0
2596,2763,both,transmitsFrom,6,0
2596,2852,bavli_only,,1,0
2596,2938,bavli_only,,3,0
2598,2763,both,contemporaryOf,1,0
2602,270,bavli_only,,1,0
2602,304,bavli_only,,1,0
2602,2735,bavli_only,,1,0
2602,2763,bavli_only,,1,0
2602,2879,bavli_only,,2,0
2608,6,hyman_only,teacherOf,0,0
2608,534,bavli_only,,2,0
2608,2647,bavli_only,,2,0
2608,2763,both,studentOf,6,0
2608,2938,both,contemporaryOf,1,0
2610,875,hyman_only,hasFather,0,0
2612,820,hyman_only,transmitsFrom,0,0
2613,6,bavli_only,,2,2
2613,895,bavli_only,,2,0
2613,2800,bavli_only,,1,1
2614,571,hyman_only,disputesWith,0,0
2615,2938,hyman_only,studentOf,0,0
2617,535,hyman_only,colleagueOf,0,0
2617,895,both,studentOf;teacherOf,2,2
2618,417,bavli_only,,1,0
2618,467,bavli_only,,1,0
2618,571,bavli_only,,5,0
2618,602,bavli_only,,1,1
2618,829,bavli_only,,1,0
2618,2646,bavli_only,,4,0
2618,2738,bavli_only,,2,0
2618,2773,both,teacherOf;transmitsFrom,3,0
2619,467,both,transmitsFrom,2,0
2624,571,bavli_only,,1,0
2624,2647,bavli_only,,1,0
2625,534,both,transmitsFrom,2,0
2625,895,hyman_only,descendantOf,0,0
2627,982,both,teacherOf;transmitsFrom,2,0
2629,2646,hyman_only,studentOf;teacherOf;transmitsFrom,0,0
2631,66,bavli_only,,2,0
2631,571,bavli_only,,1,0
2631,895,bavli_only,,1,0
2631,918,both,colleagueOf;contemporaryOf,1,1
2631,2763,both,hasFather,1,0
2631,2938,both,transmitsFrom,9,8
2633,2948,hyman_only,hasFather,0,0
2634,368,hyman_only,transmitsFrom,0,0
2634,495,bavli_only,,1,0
2634,571,both,colleagueOf,5,5
2634,2646,hyman_only,colleagueOf;contemporaryOf,0,0
2635,467,hyman_only,disputesWith,0,0
2636,467,bavli_only,,1,0
2636,571,both,colleagueOf;disputesWith,1,1
2637,571,both,colleagueOf;disputesWith,8,8
2637,2646,both,colleagueOf,4,0
2639,304,hyman_only,contemporaryOf,0,0
2639,344,hyman_only,contemporaryOf,0,0
2639,571,hyman_only,contemporaryOf,0,0
2639,2646,both,studentOf,8,8
2643,2646,hyman_only,colleagueOf,0,0
2643,2647,both,contemporaryOf;transmitsTo,1,0
2643,2684,bavli_only,,1,0
2643,2763,bavli_only,,2,0
2646,9,hyman_only,colleagueOf,0,0
2646,47,bavli_only,,1,0
2646,270,bavli_only,,2,0
2646,273,hyman_only,colleagueOf;contemporaryOf,0,0
2646,286,bavli_only,,1,0
2646,296,hyman_only,colleagueOf,0,0
2646,297,both,colleagueOf;disputesWith,35,0
2646,299,hyman_only,colleagueOf,0,0
2646,304,both,studentOf,6,6
2646,305,hyman_only,colleagueOf;transmitsTo,0,0
2646,312,bavli_only,,1,0
2646,467,bavli_only,,1,0
2646,514,both,colleagueOf,1,0
2646,571,both,colleagueOf,54,35
2646,708,hyman_only,contemporaryOf,0,0
2646,829,bavli_only,,1,0
2646,842,bavli_only,,2,0
2646,895,bavli_only,,2,0
2646,898,hyman_only,relatedTo,0,0
2646,918,both,colleagueOf;contemporaryOf,3,0
2646,924,hyman_only,contemporaryOf;teacherOf,0,0
2646,941,both,contemporaryOf;teacherOf,1,0
2646,968,bavli_only,,2,0
2646,977,bavli_only,,1,0
2646,2648,hyman_only,hasUncle;studentOf,0,0
2646,2665,both,relatedTo,5,5
2646,2668,bavli_only,,1,0
2646,2671,both,studentOf;teacherOf,1,0
2646,2676,bavli_only,,1,0
2646,2690,bavli_only,,8,8
2646,2763,bavli_only,,10,0
2646,2830,bavli_only,,2,0
2646,2864,bavli_only,,1,0
2646,2879,bavli_only,,2,0
2646,2923,hyman_only,colleagueOf,0,0
2646,2934,both,colleagueOf,6,4
2646,2938,bavli_only,,4,3
2647,6,bavli_only,,2,0
2647,31,bavli_only,,1,0
2647,47,bavli_only,,1,0
2647,92,bavli_only,,3,0
2647,270,bavli_only,,1,0
2647,286,bavli_only,,1,0
2647,296,bavli_only,,4,4
2647,297,bavli_only,,16,11
2647,304,bavli_only,,32,32
2647,305,bavli_only,,2,0
2647,371,bavli_only,,2,0
2647,417,bavli_only,,5,2
2647,447,bavli_only,,1,0
2647,450,bavli_only,,1,0
2647,467,bavli_only,,4,0
2647,495,bavli_only,,1,0
2647,514,bavli_only,,6,3
2647,571,bavli_only,,207,166
2647,763,bavli_only,,1,0
2647,820,bavli_only,,1,0
2647,867,bavli_only,,1,1
2647,870,hyman_only,contemporaryOf,0,0
2647,881,bavli_only,,3,0
2647,895,bavli_only,,8,0
2647,911,bavli_only,,1,0
2647,918,bavli_only,,2,0
2647,924,bavli_only,,2,2
2647,942,bavli_only,,2,0
2647,2681,bavli_only,,2,1
2647,2690,bavli_only,,1,1
2647,2709,bavli_only,,1,0
2647,2720,bavli_only,,2,0
2647,2744,bavli_only,,2,0
2647,2763,bavli_only,,19,2
2647,2795,bavli_only,,1,0
2647,2828,bavli_only,,1,1
2647,2830,bavli_only,,10,0
2647,2846,bavli_only,,1,0
2647,2852,bavli_only,,3,0
2647,2879,bavli_only,,10,1
2647,2888,bavli_only,,2,0
2647,2934,bavli_only,,3,0
2647,2938,bavli_only,,6,0
2647,2955,hyman_only,contemporaryOf,0,0
2648,296,both,disputesWith,5,4
2648,515,hyman_only,transmitsFrom;transmitsTo,0,0
2648,571,hyman_only,studentOf,0,0
2648,898,hyman_only,hasFather;hasSon,0,0
2648,942,hyman_only,teacherOf,0,0
2648,2690,hyman_only,colleagueOf,0,0
2653,417,bavli_only,,1,0
2653,2696,bavli_only,,2,0
2657,2763,bavli_only,,12,0
2668,43,hyman_only,teacherOf,0,0
2668,417,bavli_only,,2,0
2668,695,hyman_only,contemporaryOf,0,0
2668,913,bavli_only,,2,0
2668,2763,bavli_only,,1,0
2668,2879,bavli_only,,1,0
2668,2938,bavli_only,,1,0
2676,534,both,teacherOf;transmitsFrom,1,0
2676,571,bavli_only,,2,0
2676,895,both,studentOf;teacherOf;transmitsFrom,7,2
2681,6,bavli_only,,1,0
2681,31,hyman_only,contemporaryOf,0,0
2681,82,hyman_only,hasFather,0,0
2681,289,bavli_only,,1,0
2681,417,bavli_only,,2,0
2681,467,bavli_only,,1,0
2681,495,bavli_only,,1,0
2681,514,hyman_only,hasGrandson,0,0
2681,515,hyman_only,hasGrandfather,0,0
2681,534,both,teacherOf,1,0
2681,571,both,relatedTo,4,0
2681,733,hyman_only,hasFather,0,0
2681,812,hyman_only,hasFather,0,0
2681,895,both,transmitsFrom,7,0
2681,918,bavli_only,,1,0
2681,993,both,transmitsFrom,1,0
2681,2744,bavli_only,,1,0
2681,2763,bavli_only,,11,2
2681,2879,both,teacherOf;transmitsFrom,2,0
2681,2923,bavli_only,,4,0
2681,2938,both,colleagueOf;contemporaryOf,9,0
2684,6,hyman_only,teacherOf,0,0
2684,297,bavli_only,,2,0
2684,369,bavli_only,,1,0
2684,571,bavli_only,,1,0
2684,895,both,contemporaryOf,2,2
2684,2690,bavli_only,,2,0
2684,2692,hyman_only,contemporaryOf,0,0
2684,2763,both,transmitsFrom,4,0
2686,2788,hyman_only,contemporaryOf,0,0
2688,895,both,studentOf;teacherOf,2,0
2689,2763,both,transmitsFrom,1,0
2690,92,bavli_only,,2,0
2690,296,hyman_only,disputesWith,0,0
2690,297,both,colleagueOf,4,0
2690,571,both,studentOf,8,3
2692,534,both,disputesWith,3,0
2692,895,both,contemporaryOf,2,0
2694,284,hyman_only,contemporaryOf,0,0
2694,571,hyman_only,contemporaryOf,0,0
2696,368,bavli_only,,1,0
2696,417,bavli_only,,2,0
2696,485,bavli_only,,1,0
2696,571,bavli_only,,2,0
2696,829,bavli_only,,1,0
2696,918,bavli_only,,1,0
2696,2699,bavli_only,,1,0
2696,2763,bavli_only,,4,0
2696,2830,bavli_only,,3,0
2696,2852,bavli_only,,3,0
2698,2763,bavli_only,,3,0
2698,2830,bavli_only,,1,0
2703,286,bavli_only,,1,0
2705,386,bavli_only,,2,2
2705,2763,bavli_only,,6,2
2705,2830,bavli_only,,2,0
2707,867,bavli_only,,1,0
2707,965,hyman_only,hasBrother,0,0
2709,571,bavli_only,,1,0
2709,2879,bavli_only,,1,0
2716,465,bavli_only,,4,0
2716,467,bavli_only,,1,0
2716,495,bavli_only,,1,0
2716,571,bavli_only,,2,0
2716,895,both,teacherOf,2,0
2716,2763,bavli_only,,1,0
2717,571,both,contemporaryOf,2,0
2724,535,bavli_only,,1,0
2728,2788,bavli_only,,2,0
2729,571,bavli_only,,2,2
2735,6,bavli_only,,1,0
2735,368,bavli_only,,1,0
2735,417,bavli_only,,2,0
2735,895,bavli_only,,1,0
2735,927,hyman_only,disputesWith,0,0
2735,2830,bavli_only,,3,0
2735,2879,bavli_only,,1,1
2735,2938,bavli_only,,2,0
2738,829,bavli_only,,1,0
2739,2891,both,teacherOf,6,4
2741,2742,bavli_only,,2,0
2742,2938,bavli_only,,1,0
2744,47,bavli_only,,1,0
2744,343,bavli_only,,1,0
2744,571,bavli_only,,15,0
2744,881,bavli_only,,2,0
2744,895,bavli_only,,4,0
2744,913,bavli_only,,1,0
2744,2763,bavli_only,,3,0
2744,2795,bavli_only,,2,0
2744,2830,bavli_only,,1,0
2744,2852,bavli_only,,1,0
2744,2938,bavli_only,,1,0
2758,585,hyman_only,studentOf;transmitsFrom,0,0
2758,965,bavli_only,,2,0
2760,92,hyman_only,teacherOf,0,0
2760,792,hyman_only,transmitsFrom,0,0
2760,2993,hyman_only,transmitsFrom,0,0
2763,6,bavli_only,,20,2
2763,32,hyman_only,transmitsFrom,0,0
2763,43,bavli_only,,1,0
2763,47,bavli_only,,1,0
2763,92,both,transmitsFrom,12,0
2763,98,both,contemporaryOf,7,5
2763,284,bavli_only,,2,0
2763,286,bavli_only,,1,0
2763,296,bavli_only,,2,0
2763,297,bavli_only,,4,0
2763,304,bavli_only,,2,1
2763,312,bavli_only,,1,0
2763,343,bavli_only,,1,0
2763,368,hyman_only,transmitsFrom,0,0
2763,369,both,studentOf,1,0
2763,417,bavli_only,,25,0
2763,426,bavli_only,,1,0
2763,451,bavli_only,,4,0
2763,465,bavli_only,,1,0
2763,467,both,studentOf,52,1
2763,475,bavli_only,,4,0
2763,478,bavli_only,,4,0
2763,486,bavli_only,,1,0
2763,487,bavli_only,,2,0
2763,495,bavli_only,,4,0
2763,514,bavli_only,,9,0
2763,534,both,colleagueOf;disputesWith,25,0
2763,535,bavli_only,,5,0
2763,571,bavli_only,,35,3
2763,602,bavli_only,,1,0
2763,763,bavli_only,,3,0
2763,766,both,contemporaryOf,6,4
2763,787,both,studentOf;transmitsFrom,1,0
2763,820,bavli_only,,1,0
2763,823,both,studentOf;transmitsFrom,1,0
2763,829,bavli_only,,12,0
2763,830,hyman_only,teacherOf,0,0
2763,842,bavli_only,,1,0
2763,867,bavli_only,,1,0
2763,873,both,studentOf,4,4
2763,881,bavli_only,,2,0
2763,895,both,studentOf;transmitsFrom,54,18
2763,897,hyman_only,transmitsFrom,0,0
2763,911,both,transmitsFrom,13,0
2763,913,bavli_only,,1,0
2763,918,bavli_only,,8,0
2763,922,bavli_only,,1,0
2763,927,bavli_only,,2,0
2763,968,bavli_only,,2,0
2763,977,bavli_only,,3,0
2763,993,bavli_only,,3,0
2763,2824,hyman_only,transmitsFrom,0,0
2763,2830,bavli_only,,29,0
2763,2839,bavli_only,,4,0
2763,2846,bavli_only,,11,0
2763,2852,bavli_only,,28,0
2763,2879,bavli_only,,34,0
2763,2881,bavli_only,,2,0
2763,2885,bavli_only,,6,0
2763,2888,bavli_only,,1,0
2763,2896,bavli_only,,4,0
2763,2920,bavli_only,,1,0
2763,2938,bavli_only,,11,0
2763,2952,both,studentOf;transmitsFrom,21,2
2769,6,bavli_only,,3,3
2769,2938,hyman_only,teacherOf,0,0
2769,2969,hyman_only,contemporaryOf,0,0
2773,2800,bavli_only,,2,0
2773,2938,bavli_only,,1,0
2774,467,bavli_only,,1,0
2774,982,both,transmitsFrom,1,0
2775,922,hyman_only,colleagueOf,0,0
2781,571,bavli_only,,1,0
2785,467,bavli_only,,2,0
2788,6,both,transmitsFrom,5,0
2788,467,both,teacherOf,2,0
2788,514,bavli_only,,1,1
2788,867,both,colleagueOf,4,0
2788,2795,bavli_only,,2,0
2795,6,both,colleagueOf,4,4
2795,31,hyman_only,colleagueOf,0,0
2795,47,both,colleagueOf,1,0
2795,92,both,colleagueOf,1,0
2795,417,bavli_only,,4,0
2795,495,hyman_only,colleagueOf,0,0
2795,534,bavli_only,,1,0
2795,535,both,transmitsTo,2,0
2795,571,bavli_only,,1,0
2795,867,bavli_only,,1,0
2795,895,both,studentOf;teacherOf,7,2
2795,896,hyman_only,contemporaryOf,0,0
2795,2800,both,disputesWith,2,0
2795,2830,bavli_only,,2,0
2795,2879,both,contemporaryOf,5,0
2800,85,hyman_only,teacherOf,0,0
2800,92,hyman_only,transmitsFrom,0,0
2800,286,bavli_only,,1,0
2800,341,hyman_only,transmitsFrom,0,0
2800,417,bavli_only,,2,0
2800,467,both,disputesWith;teacherOf,29,0
2800,485,bavli_only,,2,0
2800,495,bavli_only,,1,0
2800,571,bavli_only,,1,0
2800,792,hyman_only,transmitsFrom,0,0
2800,896,hyman_only,transmitsFrom,0,0
2800,2830,bavli_only,,2,0
2800,2879,bavli_only,,4,0
2800,2891,hyman_only,transmitsFrom,0,0
2800,2919,hyman_only,transmitsFrom,0,0
2800,2969,bavli_only,,2,0
2801,467,hyman_only,disputesWith,0,0
2807,895,both,teacherOf;transmitsFrom,2,0
2814,828,hyman_only,contemporaryOf,0,0
2814,829,bavli_only,,4,3
2814,965,both,contemporaryOf;studentOf,4,0
2816,2993,hyman_only,transmitsTo,0,0
2823,92,hyman_only,contemporaryOf,0,0
2824,417,bavli_only,,2,0
2824,467,both,transmitsFrom;transmitsTo,1,0
2824,478,bavli_only,,2,0
2824,977,bavli_only,,1,0
2824,2888,bavli_only,,1,0
2829,965,hyman_only,hasFather,0,0
2830,6,bavli_only,,2,0
2830,43,hyman_only,transmitsFrom,0,0
2830,92,both,hasSon,3,0
2830,297,bavli_only,,1,0
2830,417,bavli_only,,37,0
2830,445,bavli_only,,4,0
2830,447,bavli_only,,1,0
2830,450,bavli_only,,5,0
2830,451,bavli_only,,7,0
2830,465,bavli_only,,2,0
2830,467,bavli_only,,27,0
2830,477,hyman_only,colleagueOf;disputesWith,0,0
2830,478,bavli_only,,24,6
2830,484,bavli_only,,1,0
2830,485,bavli_only,,2,0
2830,534,bavli_only,,5,0
2830,535,bavli_only,,2,0
2830,548,bavli_only,,2,0
2830,571,bavli_only,,17,0
2830,667,hyman_only,hasFather,0,0
2830,686,both,contemporaryOf,4,4
2830,829,bavli_only,,4,0
2830,858,bavli_only,,2,0
2830,860,bavli_only,,1,0
2830,867,bavli_only,,1,0
2830,895,bavli_only,,5,0
2830,918,bavli_only,,5,0
2830,927,bavli_only,,1,0
2830,977,bavli_only,,11,0
2830,993,bavli_only,,2,0
2830,2846,bavli_only,,6,0
2830,2852,bavli_only,,6,0
2830,2864,bavli_only,,66,0
2830,2869,bavli_only,,5,0
2830,2879,bavli_only,,28,0
2830,2881,both,studentOf;transmitsFrom,2,0
2830,2885,bavli_only,,1,0
2830,2896,bavli_only,,1,0
2830,2908,bavli_only,,2,0
2830,2920,bavli_only,,2,0
2830,2938,bavli_only,,14,0
2833,417,hyman_only,disputesWith,0,0
2833,465,hyman_only,hasUncle,0,0
2834,828,hyman_only,contemporaryOf,0,0
2834,895,bavli_only,,1,0
2839,92,hyman_only,colleagueOf,0,0
2839,417,bavli_only,,3,0
2839,467,both,colleagueOf;transmitsFrom,1,0
2839,792,hyman_only,transmitsTo,0,0
2839,2879,both,teacherOf,4,2
2839,2891,hyman_only,transmitsFrom;transmitsTo,0,0
2843,2852,bavli_only,,1,0
2845,6,bavli_only,,2,0
2845,399,hyman_only,hasSon,0,0
2845,467,both,colleagueOf,10,6
2845,2879,both,teacherOf,2,0
2846,92,bavli_only,,2,0
2846,417,both,teacherOf,6,0
2846,443,hyman_only,hasSon,0,0
2846,445,bavli_only,,2,0
2846,465,bavli_only,,2,0
2846,467,bavli_only,,1,0
2846,473,both,teacherOf,2,0
2846,475,bavli_only,,2,0
2846,478,bavli_only,,1,0
2846,485,bavli_only,,1,0
2846,495,bavli_only,,2,0
2846,534,bavli_only,,3,0
2846,535,bavli_only,,1,0
2846,600,bavli_only,,2,0
2846,829,bavli_only,,2,0
2846,895,bavli_only,,3,0
2846,2852,bavli_only,,9,0
2846,2881,bavli_only,,2,0
2846,2938,bavli_only,,4,0
2850,829,bavli_only,,1,0
2852,6,bavli_only,,3,0
2852,34,bavli_only,,1,1
2852,43,hyman_only,transmitsFrom,0,0
2852,375,hyman_only,hasFather,0,0
2852,417,both,hasFatherInLaw,8,0
2852,447,bavli_only,,1,0
2852,467,bavli_only,,7,0
2852,478,bavli_only,,2,0
2852,479,hyman_only,contemporaryOf,0,0
2852,514,bavli_only,,1,0
2852,534,bavli_only,,1,0
2852,571,bavli_only,,4,0
2852,828,hyman_only,hasSon,0,0
2852,830,hyman_only,hasGrandfather,0,0
2852,867,bavli_only,,2,0
2852,895,bavli_only,,4,0
2852,911,bavli_only,,1,0
2852,918,bavli_only,,1,0
2852,2854,both,teacherOf,8,0
2852,2885,bavli_only,,2,0
2852,2938,bavli_only,,4,0
2856,462,hyman_only,colleagueOf,0,0
2856,465,bavli_only,,1,0
2856,2888,hyman_only,colleagueOf,0,0
2858,2879,bavli_only,,2,0
2861,31,hyman_only,transmitsFrom,0,0
2861,297,bavli_only,,1,0
2861,2891,hyman_only,transmitsFrom,0,0
2864,467,bavli_only,,1,0
2864,571,bavli_only,,1,0
2864,2881,bavli_only,,2,0
2864,2888,bavli_only,,2,0
2865,655,hyman_only,hasFather,0,0
2865,2879,bavli_only,,8,4
2879,6,both,teacherOf,8,0
2879,31,hyman_only,teacherOf;transmitsFrom,0,0
2879,43,hyman_only,teacherOf,0,0
2879,81,hyman_only,disputesWith,0,0
2879,85,hyman_only,studentOf;teacherOf;transmitsFrom,0,0
2879,92,both,studentOf;teacherOf,22,0
2879,297,bavli_only,,2,0
2879,343,bavli_only,,4,0
2879,368,both,studentOf;teacherOf,7,0
2879,417,bavli_only,,9,0
2879,458,bavli_only,,1,0
2879,465,both,transmitsFrom,1,0
2879,467,both,colleagueOf;disputesWith;teacherOf;transmitsFrom,39,18
2879,485,both,studentOf,10,0
2879,495,both,teacherOf,15,0
2879,535,both,teacherOf,9,0
2879,557,both,contemporaryOf;studentOf,2,0
2879,558,hyman_only,studentOf;teacherOf;transmitsFrom,0,0
2879,571,bavli_only,,20,0
2879,600,both,teacherOf,1,0
2879,602,bavli_only,,1,0
2879,763,bavli_only,,1,0
2879,780,bavli_only,,2,0
2879,792,hyman_only,transmitsFrom,0,0
2879,814,hyman_only,teacherOf;transmitsFrom,0,0
2879,828,bavli_only,,1,0
2879,829,bavli_only,,2,0
2879,840,hyman_only,studentOf;teacherOf;transmitsFrom,0,0
2879,850,bavli_only,,1,0
2879,867,both,transmitsFrom,11,0
2879,895,bavli_only,,7,0
2879,917,bavli_only,,4,0
2879,977,bavli_only,,2,0
2879,993,bavli_only,,1,0
2879,2881,both,transmitsFrom,3,0
2879,2885,bavli_only,,1,0
2879,2891,hyman_only,teacherOf;transmitsFrom,0,0
2879,2938,bavli_only,,11,0
2880,467,hyman_only,contemporaryOf,0,0
2881,971,bavli_only,,1,0
2881,2912,bavli_only,,2,0
2885,495,bavli_only,,2,0
2888,43,bavli_only,,2,0
2888,92,bavli_only,,1,0
2888,417,both,disputesWith,5,0
2888,462,hyman_only,colleagueOf,0,0
2888,465,hyman_only,contemporaryOf,0,0
2888,467,bavli_only,,4,0
2888,475,bavli_only,,1,0
2888,547,bavli_only,,2,0
2888,895,bavli_only,,3,0
2888,2938,bavli_only,,2,0
2891,6,hyman_only,colleagueOf;transmitsFrom,0,0
2891,85,hyman_only,teacherOf;transmitsFrom,0,0
2891,92,hyman_only,colleagueOf;teacherOf,0,0
2891,467,both,colleagueOf,6,4
2891,485,both,transmitsFrom,2,0
2891,495,hyman_only,colleagueOf,0,0
2891,792,hyman_only,teacherOf;transmitsFrom,0,0
2891,867,both,teacherOf;transmitsFrom,2,0
2891,977,bavli_only,,2,0
2891,2941,hyman_only,teacherOf,0,0
2896,485,bavli_only,,7,2
2896,628,hyman_only,contemporaryOf,0,0
2896,830,hyman_only,colleagueOf;hasBrother,0,0
2898,34,bavli_only,,1,0
2898,417,bavli_only,,1,1
2898,2943,both,contemporaryOf,2,2
2903,935,hyman_only,contemporaryOf,0,0
2907,829,bavli_only,,4,0
2908,486,bavli_only,,2,0
2908,522,hyman_only,studentOf,0,0
2908,667,hyman_only,contemporaryOf,0,0
2908,2922,hyman_only,hasFather,0,0
2912,462,hyman_only,colleagueOf,0,0
2913,829,bavli_only,,1,0
2920,417,bavli_only,,4,0
2923,6,both,colleagueOf,2,2
2924,965,hyman_only,studentOf;transmitsFrom,0,0
2934,495,bavli_only,,1,0
2934,571,bavli_only,,3,0
2935,92,hyman_only,contemporaryOf,0,0
2938,6,bavli_only,,1,0
2938,31,both,colleagueOf,2,0
2938,66,bavli_only,,6,6
2938,92,both,teacherOf,3,0
2938,297,bavli_only,,1,0
2938,312,both,studentOf;teacherOf;transmitsFrom,14,9
2938,352,hyman_only,studentOf;teacherOf;transmitsFrom,0,0
2938,371,bavli_only,,1,0
2938,417,bavli_only,,2,0
2938,465,both,transmitsFrom,10,0
2938,467,both,teacherOf;transmitsFrom,15,0
2938,495,bavli_only,,3,0
2938,514,bavli_only,,4,4
2938,534,both,teacherOf;transmitsFrom,9,0
2938,547,both,studentOf;teacherOf,6,6
2938,548,bavli_only,,2,0
2938,571,bavli_only,,23,0
2938,766,bavli_only,,1,0
2938,780,bavli_only,,1,0
2938,808,both,relatedTo,4,2
2938,820,bavli_only,,2,0
2938,867,bavli_only,,1,0
2938,895,both,studentOf;teacherOf;transmitsFrom,27,4
2938,913,both,teacherOf,7,7
2938,917,both,studentOf;teacherOf;transmitsFrom,13,1
2938,918,bavli_only,,2,0
2938,977,bavli_only,,8,1
2938,978,hyman_only,colleagueOf;disputesWith,0,0
2940,571,bavli_only,,2,0
2941,6,both,teacherOf,2,0
2941,495,bavli_only,,2,0
2948,299,hyman_only,hasFather,0,0
2948,895,hyman_only,teacherOf,0,0
2948,936,hyman_only,hasFather,0,0
2952,343,both,transmitsFrom,1,0
2952,534,bavli_only,,2,0
2954,467,hyman_only,studentOf;teacherOf,0,0
2954,913,hyman_only,colleagueOf,0,0
2957,92,both,studentOf;teacherOf,19,15
2969,92,hyman_only,teacherOf,0,0
2969,423,hyman_only,relatedTo,0,0
2969,445,hyman_only,teacherOf,0,0
2969,485,both,transmitsFrom,3,0
2969,534,bavli_only,,5,0
2969,535,hyman_only,transmitsFrom,0,0
2969,571,bavli_only,,1,0
2969,895,hyman_only,teacherOf;transmitsFrom,0,0
2977,495,bavli_only,,2,0
2978,310,hyman_only,colleagueOf,0,0
2978,792,hyman_only,transmitsFrom,0,0
2980,31,hyman_only,colleagueOf,0,0
2980,417,bavli_only,,1,0
2980,447,bavli_only,,1,0
2987,792,hyman_only,colleagueOf,0,0
2991,485,both,studentOf;transmitsFrom,2,0
2993,6,hyman_only,transmitsFrom,0,0
2993,43,hyman_only,colleagueOf;teacherOf,0,0
2993,467,hyman_only,transmitsFrom,0,0
2993,571,bavli_only,,1,0
2993,895,hyman_only,studentOf;transmitsFrom,0,0
