Source,Target,Type,Weight,Sugyot,Relation,Corpus,Tractates,ExampleRecord
1394,2578,Directed,671,382,transmission,bavli,arakhin;avodah_zarah;bava_batra;bava_kamma;bava_metzia;beitzah;bekhorot;berakhot;chagigah;chullin;eruvin;gittin;horayot;keritot;ketubot;kiddushin;makkot;megillah;meilah;menachot;moed_katan;nazir;nedarim;niddah;pesachim;rosh_hashanah;sanhedrin;shabbat;shevuot;sotah;sukkah;taanit;temurah;yevamot;yoma;zevachim,arakhin.sugya077:15
1394,2763,Directed,650,394,transmission,bavli,arakhin;avodah_zarah;bava_batra;bava_kamma;bava_metzia;beitzah;bekhorot;berakhot;chagigah;chullin;eruvin;gittin;horayot;ketubot;kiddushin;makkot;megillah;meilah;menachot;moed_katan;nazir;nedarim;niddah;pesachim;rosh_hashanah;sanhedrin;shabbat;shevuot;sotah;sukkah;taanit;temurah;yevamot;yoma;zevachim,arakhin.sugya055:0
2594,1570,Directed,310,199,transmission,bavli,avodah_zarah;bava_batra;bava_kamma;bava_metzia;beitzah;bekhorot;berakhot;chagigah;chullin;eruvin;gittin;horayot;ketubot;kiddushin;makkot;megillah;menachot;moed_katan;nazir;nedarim;niddah;pesachim;rosh_hashanah;sanhedrin;shabbat;shevuot;sotah;sukkah;taanit;yevamot;yoma;zevachim,avodah_zarah.sugya039:0
1091,1570,Directed,268,157,transmission,bavli,avodah_zarah;bava_batra;bava_kamma;bava_metzia;bekhorot;berakhot;chagigah;chullin;eruvin;gittin;horayot;ketubot;kiddushin;megillah;menachot;moed_katan;nazir;nedarim;niddah;pesachim;rosh_hashanah;sanhedrin;shabbat;shevuot;sotah;sukkah;taanit;tamid;temurah;yevamot;yoma;zevachim,avodah_zarah.sugya084:25
2285,2586,Directed,225,142,transmission,bavli,arakhin;avodah_zarah;bava_batra;bava_kamma;bava_metzia;bekhorot;berakhot;chagigah;chullin;eruvin;gittin;keritot;ketubot;kiddushin;menachot;nedarim;niddah;pesachim;rosh_hashanah;sanhedrin;shabbat;shevuot;sotah;sukkah;taanit;temurah;yevamot;yoma;zevachim,arakhin.sugya012:125
895,2578,Directed,190,103,transmission,bavli,arakhin;avodah_zarah;bava_batra;bava_kamma;bava_metzia;beitzah;berakhot;chullin;eruvin;gittin;ketubot;kiddushin;megillah;meilah;menachot;nazir;nedarim;niddah;pesachim;sanhedrin;shabbat;sotah;sukkah;temurah;yevamot;yoma;zevachim,arakhin.sugya137:128
535,1570,Directed,146,80,transmission,bavli,arakhin;avodah_zarah;bava_batra;bava_kamma;bava_metzia;beitzah;bekhorot;chagigah;chullin;eruvin;gittin;ketubot;kiddushin;makkot;menachot;moed_katan;niddah;pesachim;sanhedrin;shabbat;sotah;sukkah;taanit;yevamot;yoma;zevachim,arakhin.sugya017:14
2285,2763,Directed,118,69,transmission,bavli,arakhin;avodah_zarah;bava_batra;bava_kamma;bava_metzia;beitzah;berakhot;chullin;eruvin;gittin;horayot;keritot;ketubot;kiddushin;pesachim;sanhedrin;shabbat;shevuot;yevamot;yoma,arakhin.sugya028:11
2800,1624,Directed,103,73,transmission,bavli,arakhin;avodah_zarah;bava_batra;bava_kamma;bava_metzia;berakhot;chagigah;chullin;ketubot;makkot;megillah;menachot;moed_katan;nedarim;pesachim;rosh_hashanah;sanhedrin;shabbat;sotah;sukkah;taanit;tamid;yevamot;yoma;zevachim,arakhin.sugya055:19
1570,2830,Directed,98,64,transmission,bavli,arakhin;avodah_zarah;bava_batra;bava_kamma;bava_metzia;beitzah;bekhorot;berakhot;eruvin;horayot;keritot;ketubot;kiddushin;makkot;megillah;menachot;nedarim;niddah;pesachim;sanhedrin;shabbat;shevuot;sotah;sukkah;yevamot;yoma,arakhin.sugya091:215
139,1570,Directed,92,60,transmission,bavli,avodah_zarah;bava_batra;bava_kamma;bava_metzia;beitzah;bekhorot;berakhot;chagigah;chullin;eruvin;gittin;keritot;ketubot;kiddushin;makkot;menachot;moed_katan;niddah;pesachim;rosh_hashanah;sanhedrin;shabbat;shevuot;sukkah;temurah;yevamot;yoma,avodah_zarah.sugya284:11
820,2578,Directed,92,54,transmission,bavli,arakhin;bava_batra;berakhot;chagigah;chullin;eruvin;ketubot;kiddushin;makkot;meilah;menachot;moed_katan;nedarim;niddah;pesachim;sanhedrin;shabbat;shevuot;sotah;sukkah;temurah;yevamot;yoma;zevachim,arakhin.sugya105:14
92,1570,Directed,91,55,transmission,bavli,arakhin;avodah_zarah;bava_batra;bava_kamma;bava_metzia;berakhot;chullin;eruvin;gittin;keritot;ketubot;kiddushin;megillah;meilah;menachot;nazir;nedarim;niddah;pesachim;sanhedrin;shabbat;shevuot;sukkah;temurah;yevamot;yoma;zevachim,arakhin.sugya026:13
1102,2578,Directed,78,51,transmission,bavli,avodah_zarah;beitzah;bekhorot;berakhot;chullin;eruvin;gittin;ketubot;kiddushin;makkot;moed_katan;niddah;shabbat;sotah;sukkah;taanit,avodah_zarah.sugya017:48
867,1570,Directed,78,46,transmission,bavli,avodah_zarah;bava_batra;bava_kamma;bekhorot;chullin;eruvin;gittin;ketubot;nazir;pesachim;sanhedrin;shabbat;shevuot;sotah;sukkah;temurah;yevamot;yoma;zevachim,avodah_zarah.sugya092:43
1885,1570,Directed,72,29,transmission,bavli,bava_batra;berakhot;chullin;ketubot;makkot;megillah;menachot;nedarim;sanhedrin;shabbat;shevuot;sotah;taanit;temurah;zevachim,bava_batra.sugya447:83
2864,2830,Directed,66,35,transmission,bavli,bava_batra;bava_kamma;bekhorot;chullin;gittin;keritot;ketubot;makkot;menachot;nazir;niddah;rosh_hashanah;sanhedrin;shabbat;shevuot;sotah;temurah;zevachim,bava_batra.sugya347:19
1175,2578,Directed,58,28,transmission,bavli,avodah_zarah;bava_kamma;chullin;eruvin;gittin;kiddushin;megillah;menachot;moed_katan;shabbat;taanit;yevamot,avodah_zarah.sugya054:38
2409,1570,Directed,57,34,transmission,bavli,avodah_zarah;beitzah;berakhot;chullin;eruvin;gittin;horayot;keritot;kiddushin;meilah;niddah;rosh_hashanah;sanhedrin;shabbat;shevuot;sukkah;temurah;yevamot;zevachim,avodah_zarah.sugya231:44
1764,1394,Directed,56,38,transmission,bavli,avodah_zarah;bava_batra;bava_kamma;bava_metzia;beitzah;chullin;eruvin;ketubot;niddah;pesachim;shabbat;yoma;zevachim,avodah_zarah.sugya112:1
2582,2285,Directed,56,39,transmission,bavli,avodah_zarah;bava_batra;bava_kamma;bava_metzia;beitzah;chullin;eruvin;gittin;ketubot;kiddushin;nedarim;sanhedrin;shabbat;temurah;yevamot;zevachim,avodah_zarah.sugya083:108
1954,2578,Directed,51,28,transmission,bavli,avodah_zarah;bava_metzia;beitzah;bekhorot;berakhot;chullin;eruvin;gittin;ketubot;megillah;menachot;niddah;pesachim;shabbat;yevamot;zevachim,avodah_zarah.sugya226:1
1775,2285,Directed,49,26,transmission,bavli,bava_batra;bava_kamma;bava_metzia;berakhot;chullin;eruvin;gittin;ketubot;shevuot;yevamot,bava_batra.sugya414:20
2586,2578,Directed,46,21,transmission,bavli,arakhin;avodah_zarah;bava_batra;bava_metzia;bekhorot;eruvin;gittin;keritot;nedarim;sanhedrin;shabbat;zevachim,arakhin.sugya019:12
1986,1657,Directed,45,21,transmission,bavli,avodah_zarah;chullin;eruvin;gittin;ketubot;kiddushin;nedarim;niddah;pesachim;sanhedrin;shabbat;sukkah;taanit;yevamot,avodah_zarah.sugya021:15
495,1570,Directed,41,23,transmission,bavli,arakhin;avodah_zarah;bava_batra;bava_metzia;chullin;eruvin;gittin;ketubot;makkot;nedarim;niddah;sanhedrin;shabbat;taanit;temurah;zevachim,arakhin.sugya018:10
1915,1570,Directed,39,21,transmission,bavli,avodah_zarah;bava_batra;bava_metzia;chullin;eruvin;menachot;nazir;shabbat;sotah;taanit;yevamot;zevachim,avodah_zarah.sugya167:1
1570,2865,Directed,37,22,transmission,bavli,arakhin;avodah_zarah;bava_batra;bava_metzia;chullin;ketubot;nedarim;niddah;pesachim;rosh_hashanah;sanhedrin;sotah;sukkah;taanit;temurah;yevamot;yoma,arakhin.sugya048:1
534,1570,Directed,37,20,transmission,bavli,bava_batra;bava_kamma;beitzah;chullin;gittin;ketubot;menachot;moed_katan;nedarim;pesachim;rosh_hashanah;shabbat;taanit;yoma;zevachim,bava_batra.sugya004:49
1017,2578,Directed,36,21,transmission,bavli,bava_batra;bava_metzia;beitzah;bekhorot;chullin;eruvin;keritot;ketubot;kiddushin;menachot;sanhedrin;shabbat;sotah;yoma;zevachim,bava_batra.sugya462:9
2891,1544,Directed,35,21,transmission,bavli,arakhin;avodah_zarah;bava_kamma;beitzah;berakhot;chullin;keritot;ketubot;kiddushin;moed_katan;nedarim;pesachim;shabbat;sukkah;yoma,arakhin.sugya091:124
1544,485,Directed,35,17,transmission,bavli,berakhot;chullin;keritot;ketubot;kiddushin;moed_katan;nedarim;pesachim;shabbat;sukkah;taanit,berakhot.sugya298:2
467,239,Directed,35,22,transmission,bavli,berakhot;chagigah;chullin;gittin;keritot;kiddushin;moed_katan;pesachim;rosh_hashanah;sanhedrin;shabbat;shevuot;temurah;yevamot;zevachim,berakhot.sugya278:15
1832,1570,Directed,34,22,transmission,bavli,avodah_zarah;bava_batra;bava_kamma;bava_metzia;chullin;eruvin;ketubot;kiddushin;menachot;moed_katan;pesachim;sanhedrin;shabbat;sotah;sukkah,avodah_zarah.sugya295:15
1339,2578,Directed,31,15,transmission,bavli,bekhorot;berakhot;chagigah;chullin;kiddushin;megillah;menachot;moed_katan;nedarim;pesachim;rosh_hashanah;taanit,bekhorot.sugya093:5
6,895,Directed,31,20,transmission,bavli,avodah_zarah;bava_batra;bekhorot;chullin;gittin;ketubot;kiddushin;nedarim;sanhedrin;shabbat;sukkah;yevamot,avodah_zarah.sugya057:74
1490,2578,Directed,30,16,transmission,bavli,avodah_zarah;berakhot;eruvin;megillah;menachot;moed_katan;shabbat;sukkah;taanit;yevamot,avodah_zarah.sugya017:46
2578,1088,Directed,29,16,transmission,bavli,bava_batra;bava_kamma;bava_metzia;chullin;eruvin;ketubot;makkot;nedarim;pesachim;shabbat,bava_batra.sugya147:12
1345,2578,Directed,29,17,transmission,bavli,avodah_zarah;bekhorot;berakhot;eruvin;menachot;nazir;niddah;pesachim;sukkah;yevamot,avodah_zarah.sugya105:112
467,1212,Directed,27,11,transmission,bavli,berakhot;keritot;megillah;nazir;nedarim;sanhedrin;yevamot;zevachim,berakhot.sugya218:13
140,368,Directed,27,13,transmission,bavli,avodah_zarah;bava_kamma;bava_metzia;eruvin;makkot;menachot;moed_katan;sanhedrin;shabbat;shevuot;sotah,avodah_zarah.sugya215:19
92,467,Directed,27,18,transmission,bavli,bava_batra;bava_kamma;bava_metzia;chagigah;chullin;gittin;kiddushin;nazir;nedarim;niddah;sanhedrin;shabbat;sotah;sukkah;yoma,bava_batra.sugya425:12
1395,417,Directed,26,14,transmission,bavli,bava_batra;beitzah;eruvin;menachot;moed_katan;nazir;shabbat;yoma;zevachim,bava_batra.sugya478:4
2285,2578,Directed,26,21,transmission,bavli,bava_batra;bava_kamma;bava_metzia;bekhorot;chullin;eruvin;gittin;ketubot;megillah;menachot;niddah;pesachim;sanhedrin;shabbat;sotah,bava_batra.sugya402:2
2533,2582,Directed,26,18,transmission,bavli,avodah_zarah;bava_batra;bava_metzia;bekhorot;chullin;gittin;ketubot;megillah;pesachim;shabbat;shevuot;yevamot;yoma,avodah_zarah.sugya002:165
1394,534,Directed,25,16,transmission,bavli,arakhin;bava_kamma;bekhorot;gittin;ketubot;kiddushin;nazir;nedarim;shabbat;shevuot;yevamot,arakhin.sugya137:25
2800,1570,Directed,25,16,transmission,bavli,arakhin;bava_batra;berakhot;chullin;eruvin;gittin;keritot;ketubot;menachot;pesachim;shabbat;sotah;taanit;yoma,arakhin.sugya091:97
1327,2578,Directed,24,10,transmission,bavli,avodah_zarah;bava_batra;chullin;gittin;ketubot;rosh_hashanah;shabbat;yevamot,avodah_zarah.sugya029:15
2453,2763,Directed,24,15,transmission,bavli,arakhin;bava_batra;bava_metzia;chullin;eruvin;gittin;ketubot;makkot;shevuot;yevamot,arakhin.sugya210:20
1345,129,Directed,23,14,transmission,bavli,arakhin;bava_kamma;gittin;ketubot;menachot;sanhedrin;sotah;sukkah;zevachim,arakhin.sugya137:11
2596,2578,Directed,23,14,transmission,bavli,bava_batra;bava_metzia;beitzah;berakhot;chullin;eruvin;kiddushin;pesachim;shabbat;yevamot,bava_batra.sugya306:45
1192,2913,Directed,22,14,transmission,bavli,bava_metzia;berakhot;ketubot;menachot;rosh_hashanah;sanhedrin;sotah;sukkah;yevamot;yoma,bava_metzia.sugya240:101
1345,2423,Directed,22,15,transmission,bavli,arakhin;avodah_zarah;berakhot;eruvin;gittin;ketubot;niddah;pesachim;sanhedrin;shabbat,arakhin.sugya091:233
2846,2068,Directed,22,13,transmission,bavli,bava_metzia;bekhorot;chullin;horayot;ketubot;kiddushin;menachot;sanhedrin;shabbat,bava_metzia.sugya333:20
2361,2068,Directed,22,13,transmission,bavli,bava_metzia;chullin;gittin;keritot;ketubot;kiddushin;nazir;niddah;yevamot;yoma,bava_metzia.sugya340:0
993,2582,Directed,22,14,transmission,bavli,bava_batra;bava_kamma;bava_metzia;berakhot;horayot;rosh_hashanah;shabbat;sukkah;temurah,bava_batra.sugya338:2
368,1570,Directed,21,8,transmission,bavli,arakhin;bava_kamma;bava_metzia;ketubot;moed_katan;shabbat;zevachim,arakhin.sugya017:13
1952,1570,Directed,21,11,transmission,bavli,bava_metzia;gittin;nedarim;pesachim;sanhedrin;shabbat;temurah;yoma,bava_metzia.sugya016:34
2518,2582,Directed,21,18,transmission,bavli,avodah_zarah;bava_batra;bava_kamma;berakhot;chullin;ketubot;megillah;moed_katan;pesachim;shabbat;shevuot;yevamot,avodah_zarah.sugya019:26
2795,2578,Directed,21,13,transmission,bavli,avodah_zarah;bava_batra;bava_metzia;berakhot;ketubot;moed_katan;niddah;pesachim;shabbat;yevamot,avodah_zarah.sugya143:8
31,2578,Directed,21,9,transmission,bavli,bava_metzia;berakhot;ketubot;shabbat;sukkah,bava_metzia.sugya072:10
1006,2578,Directed,20,15,transmission,bavli,avodah_zarah;bava_batra;berakhot;chagigah;makkot;menachot;pesachim;shabbat;sotah;zevachim,avodah_zarah.sugya084:4
1395,1383,Directed,20,10,transmission,bavli,chagigah;eruvin;nazir;nedarim;niddah;sanhedrin;sukkah,chagigah.sugya034:17
2582,1570,Directed,20,5,transmission,bavli,avodah_zarah;bava_batra;makkot;niddah;sanhedrin,avodah_zarah.sugya094:8
1570,1979,Directed,20,13,transmission,bavli,chagigah;kiddushin;menachot;pesachim;sotah;yevamot;yoma;zevachim,chagigah.sugya028:1
2158,2582,Directed,19,8,transmission,bavli,bava_batra;bava_metzia;beitzah;bekhorot;gittin;niddah;shabbat,bava_batra.sugya447:169
2409,467,Directed,19,8,transmission,bavli,bava_kamma;chullin;gittin;ketubot;pesachim;sanhedrin;yevamot;zevachim,bava_kamma.sugya024:124
1146,895,Directed,18,15,transmission,bavli,bava_metzia;berakhot;chullin;ketubot;megillah;moed_katan;niddah,bava_metzia.sugya101:23
1932,2578,Directed,18,12,transmission,bavli,bava_batra;berakhot;chullin;gittin;kiddushin;menachot;niddah;yevamot,bava_batra.sugya033:123
6,2578,Directed,18,9,transmission,bavli,beitzah;gittin;megillah;temurah;yevamot;yoma,beitzah.sugya062:20
1094,2763,Directed,17,9,transmission,bavli,bava_metzia;beitzah;bekhorot;eruvin;kiddushin;shabbat;shevuot,bava_metzia.sugya399:1
1113,2578,Directed,17,9,transmission,bavli,avodah_zarah;chullin;gittin;pesachim;shabbat;yevamot,avodah_zarah.sugya214:102
121,2581,Directed,17,6,transmission,bavli,bava_metzia;chullin;eruvin;shabbat,bava_metzia.sugya146:0
2581,1570,Directed,17,9,transmission,bavli,bava_batra;menachot;nedarim;sanhedrin;shabbat;shevuot;sotah;taanit,bava_batra.sugya251:28
2952,2763,Directed,17,10,transmission,bavli,avodah_zarah;chullin;ketubot;moed_katan;pesachim;sukkah,avodah_zarah.sugya006:34
2692,1345,Directed,16,12,transmission,bavli,bava_batra;bava_metzia;berakhot;eruvin;ketubot;kiddushin;niddah;sanhedrin;shabbat;taanit,bava_batra.sugya090:38
1854,1544,Directed,16,10,transmission,bavli,beitzah;chullin;eruvin;gittin;kiddushin;nedarim;yevamot,beitzah.sugya131:24
194,2578,Directed,16,10,transmission,bavli,bava_batra;beitzah;eruvin;gittin;ketubot;makkot;meilah;temurah,bava_batra.sugya514:49
2445,2578,Directed,16,11,transmission,bavli,avodah_zarah;bava_batra;bekhorot;moed_katan;nedarim;pesachim;sanhedrin;sotah;yevamot,avodah_zarah.sugya057:111
1043,1212,Directed,15,10,transmission,bavli,chullin;eruvin;ketubot;menachot;niddah;sanhedrin;shabbat,chullin.sugya214:6
2364,895,Directed,15,8,transmission,bavli,avodah_zarah;bava_kamma;berakhot;eruvin;menachot;shabbat;yevamot,avodah_zarah.sugya057:119
139,2879,Directed,14,10,transmission,bavli,avodah_zarah;bava_batra;bava_metzia;ketubot;meilah;pesachim,avodah_zarah.sugya035:46
143,1885,Directed,14,8,transmission,bavli,bava_metzia;berakhot;eruvin;niddah;pesachim,bava_metzia.sugya485:13
1954,2763,Directed,14,9,transmission,bavli,bava_batra;chullin;gittin;shabbat;shevuot,bava_batra.sugya150:5
2423,2763,Directed,14,6,transmission,bavli,bava_batra;eruvin;rosh_hashanah;shabbat;yevamot,bava_batra.sugya459:17
787,2578,Directed,14,10,transmission,bavli,avodah_zarah;eruvin;ketubot;pesachim;shabbat,avodah_zarah.sugya143:14
2646,2582,Directed,14,10,transmission,bavli,bava_batra;bava_kamma;berakhot;pesachim;shabbat;shevuot;yevamot;zevachim,bava_batra.sugya414:7
2594,2879,Directed,14,9,transmission,bavli,avodah_zarah;bava_batra;chullin;menachot;pesachim;zevachim,avodah_zarah.sugya265:47
867,467,Directed,14,11,transmission,bavli,bava_batra;bava_metzia;bekhorot;menachot;sanhedrin;shabbat;sukkah;zevachim,bava_batra.sugya411:1
1017,2763,Directed,13,7,transmission,bavli,bava_metzia;chullin;eruvin;gittin;ketubot,bava_metzia.sugya023:3
820,1113,Directed,13,8,transmission,bavli,avodah_zarah;eruvin;pesachim;shabbat;yevamot,avodah_zarah.sugya214:101
121,1764,Directed,13,10,transmission,bavli,beitzah;eruvin;makkot;shabbat,beitzah.sugya039:1
2582,1345,Directed,13,9,transmission,bavli,bava_metzia;beitzah;eruvin;ketubot;niddah;yevamot;zevachim,bava_metzia.sugya290:21
2839,1570,Directed,13,9,transmission,bavli,avodah_zarah;chagigah;chullin;gittin;ketubot;megillah;yevamot,avodah_zarah.sugya094:41
368,2578,Directed,13,8,transmission,bavli,arakhin;bava_batra;bava_kamma;bekhorot;eruvin;nedarim,arakhin.sugya024:23
467,2578,Directed,13,8,transmission,bavli,bava_batra;bava_kamma;gittin;keritot;ketubot;shabbat,bava_batra.sugya468:183
922,270,Directed,13,7,transmission,bavli,bava_kamma;bava_metzia;bekhorot;gittin;megillah;sanhedrin,bava_kamma.sugya252:21
1570,1070,Directed,12,4,transmission,bavli,moed_katan;sukkah;taanit;zevachim,moed_katan.sugya002:150
2612,1175,Directed,12,10,transmission,bavli,megillah;shabbat,megillah.sugya054:12
1206,2763,Directed,12,6,transmission,bavli,bava_batra;gittin;ketubot;kiddushin;taanit;yoma,bava_batra.sugya414:3
1345,895,Directed,12,5,transmission,bavli,bava_batra;bava_metzia;beitzah;moed_katan;pesachim,bava_batra.sugya468:118
139,467,Directed,12,7,transmission,bavli,avodah_zarah;bava_batra;eruvin;gittin;pesachim;sanhedrin;sukkah,avodah_zarah.sugya038:10
139,92,Directed,12,6,transmission,bavli,bava_batra;bava_metzia;gittin;shabbat;zevachim,bava_batra.sugya425:11
2668,1394,Directed,12,8,transmission,bavli,beitzah;berakhot;menachot;pesachim;sukkah;yoma,beitzah.sugya031:3
2969,1544,Directed,12,5,transmission,bavli,bava_kamma;berakhot;megillah;sotah,bava_kamma.sugya342:18
1570,2068,Directed,12,9,transmission,bavli,avodah_zarah;kiddushin;megillah;sotah;temurah,avodah_zarah.sugya084:2
1570,1814,Directed,12,7,transmission,bavli,bava_batra;bava_kamma;bava_metzia;chullin;kiddushin;shabbat,bava_batra.sugya378:40
1570,451,Directed,12,1,transmission,bavli,sotah,sotah.sugya255:34
2445,1885,Directed,12,7,transmission,bavli,kiddushin;makkot;menachot;shevuot;temurah;zevachim,kiddushin.sugya067:13
1952,2879,Directed,12,9,transmission,bavli,bava_kamma;ketubot;makkot;sanhedrin;shabbat;yoma;zevachim,bava_kamma.sugya234:4
2763,2032,Directed,12,6,transmission,bavli,eruvin;gittin;menachot;nedarim;shabbat;sukkah,eruvin.sugya014:10
2225,2763,Directed,12,6,transmission,bavli,arakhin;chagigah;eruvin;kiddushin;niddah;sukkah,arakhin.sugya051:1
2285,895,Directed,12,9,transmission,bavli,bava_batra;bava_metzia;ketubot;kiddushin;niddah;temurah,bava_batra.sugya431:75
343,2445,Directed,12,7,transmission,bavli,berakhot;makkot;menachot;shevuot;temurah;zevachim,berakhot.sugya392:33
2497,2582,Directed,12,6,transmission,bavli,gittin;nedarim;niddah;shabbat;yevamot,gittin.sugya366:16
911,2763,Directed,12,7,transmission,bavli,chullin;ketubot;niddah;shabbat;taanit,chullin.sugya231:40
92,2879,Directed,12,7,transmission,bavli,beitzah;berakhot;chullin;eruvin;pesachim;shabbat,beitzah.sugya036:37
1017,1570,Directed,11,6,transmission,bavli,bava_batra;berakhot;pesachim;taanit;temurah,bava_batra.sugya431:37
1017,1345,Directed,11,5,transmission,bavli,beitzah;ketubot;sotah;zevachim,beitzah.sugya179:8
1345,1570,Directed,11,6,transmission,bavli,avodah_zarah;bava_batra;bekhorot;makkot;pesachim;yevamot,avodah_zarah.sugya094:10
2173,136,Directed,11,6,transmission,bavli,bava_batra;bava_metzia;ketubot;makkot;yevamot,bava_batra.sugya527:26
1395,465,Directed,11,5,transmission,bavli,berakhot;megillah,berakhot.sugya123:102
1731,1508,Directed,11,6,transmission,bavli,beitzah;eruvin;moed_katan;rosh_hashanah,beitzah.sugya050:19
1854,1570,Directed,11,6,transmission,bavli,avodah_zarah;bava_metzia;chullin;eruvin;ketubot;shabbat,avodah_zarah.sugya231:18
2788,1570,Directed,11,9,transmission,bavli,avodah_zarah;gittin;sanhedrin;shabbat;yevamot,avodah_zarah.sugya231:57
2161,2518,Directed,11,8,transmission,bavli,bava_metzia;chullin;ketubot;kiddushin;yevamot,bava_metzia.sugya279:72
867,2879,Directed,11,7,transmission,bavli,avodah_zarah;chullin;ketubot;meilah;shabbat;temurah,avodah_zarah.sugya188:32
1017,2285,Directed,10,5,transmission,bavli,bava_batra;chullin;gittin;ketubot;rosh_hashanah,bava_batra.sugya040:12
1345,1043,Directed,10,5,transmission,bavli,avodah_zarah;berakhot;sanhedrin,avodah_zarah.sugya105:113
2763,1088,Directed,10,6,transmission,bavli,bava_kamma;chullin;pesachim;shabbat;sukkah,bava_kamma.sugya507:32
1094,2578,Directed,10,6,transmission,bavli,bava_kamma;bekhorot;eruvin;gittin;sanhedrin,bava_kamma.sugya074:59
1279,2578,Directed,10,5,transmission,bavli,bava_batra;beitzah;niddah;shabbat,bava_batra.sugya376:17
136,2582,Directed,10,5,transmission,bavli,bava_batra;bava_metzia;ketubot;makkot,bava_batra.sugya527:27
1570,1395,Directed,10,4,transmission,bavli,berakhot;makkot;shevuot;yoma,berakhot.sugya310:1
1570,478,Directed,10,6,transmission,bavli,beitzah;chullin;makkot;sanhedrin;zevachim,beitzah.sugya059:33
1570,1657,Directed,10,7,transmission,bavli,berakhot;gittin;shabbat;zevachim,berakhot.sugya036:0
2879,1814,Directed,10,9,transmission,bavli,bava_kamma;bava_metzia;chullin;eruvin;gittin;meilah;niddah;sukkah;yoma,bava_kamma.sugya217:2
1832,2068,Directed,10,6,transmission,bavli,bava_metzia;eruvin;gittin;sotah;yevamot,bava_metzia.sugya449:13
2763,1979,Directed,10,5,transmission,bavli,ketubot;niddah;yevamot,ketubot.sugya162:17
2206,2582,Directed,10,6,transmission,bavli,bava_batra;bava_kamma;sanhedrin;yevamot,bava_batra.sugya462:13
2224,2763,Directed,10,5,transmission,bavli,berakhot;chullin;menachot,berakhot.sugya314:13
2582,2938,Directed,10,7,transmission,bavli,bava_kamma;bava_metzia;berakhot;ketubot;menachot;sanhedrin;yevamot,bava_kamma.sugya392:2
2657,2763,Directed,10,5,transmission,bavli,bava_batra;chullin;keritot;ketubot;yoma,bava_batra.sugya332:18
917,2938,Directed,10,9,transmission,bavli,arakhin;bava_metzia;eruvin;ketubot;menachot;sotah;yoma,arakhin.sugya143:8
695,467,Directed,10,5,transmission,bavli,chullin;megillah;sanhedrin;shevuot;yoma,chullin.sugya131:1
1017,2608,Directed,9,5,transmission,bavli,avodah_zarah;gittin;ketubot;moed_katan;pesachim,avodah_zarah.sugya054:34
1094,1570,Directed,9,6,transmission,bavli,bava_batra;eruvin;gittin;kiddushin;megillah;nazir,bava_batra.sugya419:18
1102,2763,Directed,9,5,transmission,bavli,avodah_zarah;chullin;pesachim;yevamot,avodah_zarah.sugya054:32
1314,2763,Directed,9,6,transmission,bavli,bava_metzia;bekhorot;chullin;gittin;ketubot;shabbat,bava_metzia.sugya352:1
1345,1954,Directed,9,5,transmission,bavli,berakhot;sanhedrin;taanit;zevachim,berakhot.sugya443:17
6,1394,Directed,9,3,transmission,bavli,chullin,chullin.sugya031:119
1814,1508,Directed,9,5,transmission,bavli,bava_batra;berakhot;shabbat,bava_batra.sugya378:41
695,1570,Directed,9,5,transmission,bavli,berakhot;ketubot;pesachim;shabbat,berakhot.sugya288:17
2582,1885,Directed,9,6,transmission,bavli,bava_metzia;berakhot;megillah;temurah;yevamot,bava_metzia.sugya173:1
2582,1890,Directed,9,5,transmission,bavli,sanhedrin;yevamot;zevachim,sanhedrin.sugya291:44
2225,2578,Directed,9,5,transmission,bavli,bava_kamma;bava_metzia;ketubot;shabbat,bava_kamma.sugya243:11
2581,2285,Directed,9,6,transmission,bavli,arakhin;bava_batra;nedarim;pesachim;yevamot,arakhin.sugya137:107
977,2409,Directed,9,5,transmission,bavli,bava_metzia;gittin;kiddushin;shabbat,bava_metzia.sugya221:10
977,2578,Directed,9,5,transmission,bavli,avodah_zarah;eruvin;kiddushin;sukkah,avodah_zarah.sugya057:127
2594,2763,Directed,9,4,transmission,bavli,chullin;gittin;shabbat,chullin.sugya110:138
2596,895,Directed,9,5,transmission,bavli,bava_kamma;gittin;makkot,bava_kamma.sugya074:52
6,2763,Directed,9,6,transmission,bavli,berakhot;eruvin;gittin;megillah;sukkah,berakhot.sugya402:16
2879,485,Directed,9,7,transmission,bavli,bava_batra;bava_metzia;chagigah;pesachim;taanit;zevachim,bava_batra.sugya482:3
1017,535,Directed,8,6,transmission,bavli,beitzah;berakhot;chullin;gittin;kiddushin;shabbat,beitzah.sugya192:2
1046,467,Directed,8,5,transmission,bavli,menachot;sotah;yoma;zevachim,menachot.sugya010:115
1146,1175,Directed,8,4,transmission,bavli,chullin;megillah;shabbat,chullin.sugya112:46
1212,1508,Directed,8,4,transmission,bavli,bava_batra;chullin;meilah;menachot,bava_batra.sugya413:23
343,1345,Directed,8,4,transmission,bavli,bava_metzia;eruvin;shevuot,bava_metzia.sugya003:33
1345,2653,Directed,8,6,transmission,bavli,moed_katan;sukkah;yevamot;zevachim,moed_katan.sugya079:78
1354,1385,Directed,8,6,transmission,bavli,berakhot;megillah;sanhedrin;yoma,berakhot.sugya125:0
1367,2763,Directed,8,7,transmission,bavli,bava_batra;ketubot;menachot;nedarim;yevamot,bava_batra.sugya060:8
139,1689,Directed,8,5,transmission,bavli,chullin;niddah;sanhedrin,chullin.sugya298:56
1395,2068,Directed,8,4,transmission,bavli,avodah_zarah;chagigah;eruvin;sotah,avodah_zarah.sugya265:27
1395,2465,Directed,8,5,transmission,bavli,berakhot;chullin;rosh_hashanah;yoma,berakhot.sugya319:14
2879,1508,Directed,8,4,transmission,bavli,bava_kamma;bava_metzia;shabbat;yevamot,bava_kamma.sugya232:1
2478,1570,Directed,8,4,transmission,bavli,avodah_zarah;berakhot;ketubot;pesachim,avodah_zarah.sugya143:21
1570,687,Directed,8,6,transmission,bavli,avodah_zarah;bava_batra;gittin;yevamot;zevachim,avodah_zarah.sugya004:70
2613,1570,Directed,8,3,transmission,bavli,bava_kamma;moed_katan;sanhedrin,bava_kamma.sugya415:15
1570,371,Directed,8,2,transmission,bavli,zevachim,zevachim.sugya055:23
1657,1979,Directed,8,4,transmission,bavli,bava_kamma;makkot;temurah;zevachim,bava_kamma.sugya230:10
343,1902,Directed,8,4,transmission,bavli,bekhorot;berakhot;chullin,bekhorot.sugya197:12
1952,92,Directed,8,4,transmission,bavli,nedarim;sanhedrin;shevuot;zevachim,nedarim.sugya110:22
2068,829,Directed,8,4,transmission,bavli,bava_kamma;eruvin;taanit,bava_kamma.sugya323:19
2578,2068,Directed,8,4,transmission,bavli,berakhot;chullin;pesachim,berakhot.sugya480:12
2347,2969,Directed,8,3,transmission,bavli,bava_kamma;chagigah;shabbat,bava_kamma.sugya278:4
2879,239,Directed,8,6,transmission,bavli,bekhorot;kiddushin;meilah;niddah;pesachim,bekhorot.sugya035:5
467,241,Directed,8,5,transmission,bavli,chullin;keritot;makkot;yoma,chullin.sugya090:122
2830,2465,Directed,8,3,transmission,bavli,bava_kamma;berakhot;gittin,bava_kamma.sugya488:10
281,535,Directed,8,4,transmission,bavli,menachot;sanhedrin;shabbat,menachot.sugya397:2
2852,2854,Directed,8,5,transmission,bavli,bava_batra;keritot;ketubot;menachot;pesachim,bava_batra.sugya114:19
495,2879,Directed,8,5,transmission,bavli,bekhorot;berakhot;chagigah;yevamot,bekhorot.sugya358:10
368,417,Directed,8,5,transmission,bavli,eruvin;pesachim,eruvin.sugya083:3
1046,495,Directed,7,5,transmission,bavli,bava_batra;beitzah;berakhot,bava_batra.sugya413:21
1088,1508,Directed,7,2,transmission,bavli,gittin;yevamot,gittin.sugya315:12
1657,113,Directed,7,4,transmission,bavli,eruvin;rosh_hashanah;sukkah,eruvin.sugya139:6
993,121,Directed,7,4,transmission,bavli,avodah_zarah;bava_metzia;berakhot,avodah_zarah.sugya143:55
1301,417,Directed,7,4,transmission,bavli,sanhedrin;sotah;zevachim,sanhedrin.sugya073:16
1345,2556,Directed,7,4,transmission,bavli,arakhin;bava_metzia;bekhorot,arakhin.sugya236:12
1395,1742,Directed,7,4,transmission,bavli,bava_kamma;makkot;shevuot,bava_kamma.sugya134:23
140,1570,Directed,7,4,transmission,bavli,bava_kamma;ketubot;shabbat,bava_kamma.sugya299:60
2594,1544,Directed,7,6,transmission,bavli,avodah_zarah;berakhot;chullin;megillah,avodah_zarah.sugya176:4
467,1570,Directed,7,5,transmission,bavli,avodah_zarah;berakhot;chullin;gittin;makkot,avodah_zarah.sugya058:1
2541,1570,Directed,7,5,transmission,bavli,bava_metzia;megillah;niddah;shabbat;sukkah,bava_metzia.sugya357:131
2852,1657,Directed,7,4,transmission,bavli,avodah_zarah;megillah;moed_katan;niddah,avodah_zarah.sugya293:37
1764,2578,Directed,7,5,transmission,bavli,gittin;shabbat;sukkah;yoma,gittin.sugya135:11
1772,2938,Directed,7,5,transmission,bavli,avodah_zarah;bava_metzia;shabbat;sotah,avodah_zarah.sugya092:23
535,2075,Directed,7,3,transmission,bavli,bava_batra;chullin;kiddushin,bava_batra.sugya179:0
2165,2285,Directed,7,4,transmission,bavli,avodah_zarah;bava_batra;gittin,avodah_zarah.sugya141:25
2582,2364,Directed,7,6,transmission,bavli,avodah_zarah;berakhot;menachot;shabbat;yevamot,avodah_zarah.sugya057:55
2398,495,Directed,7,3,transmission,bavli,eruvin;shabbat,eruvin.sugya075:11
2445,2938,Directed,7,5,transmission,bavli,bava_batra;sotah;yevamot,bava_batra.sugya164:31
265,2578,Directed,7,4,transmission,bavli,avodah_zarah;berakhot;chullin;kiddushin,avodah_zarah.sugya057:82
842,2578,Directed,7,4,transmission,bavli,avodah_zarah;berakhot;chullin,avodah_zarah.sugya137:36
534,2578,Directed,7,5,transmission,bavli,avodah_zarah;beitzah;nedarim;shabbat;sotah,avodah_zarah.sugya143:11
827,2582,Directed,7,3,transmission,bavli,bava_kamma;gittin,bava_kamma.sugya460:42
2938,465,Directed,7,3,transmission,bavli,eruvin;makkot;pesachim,eruvin.sugya256:193
1017,1394,Directed,6,4,transmission,bavli,avodah_zarah;berakhot;shabbat;yevamot,avodah_zarah.sugya054:29
1017,1102,Directed,6,4,transmission,bavli,avodah_zarah;chullin;niddah;shabbat,avodah_zarah.sugya054:31
1017,895,Directed,6,5,transmission,bavli,bava_kamma;berakhot;chullin;menachot;taanit,bava_kamma.sugya018:29
1017,2225,Directed,6,4,transmission,bavli,ketubot;megillah;shabbat,ketubot.sugya124:80
2879,1075,Directed,6,3,transmission,bavli,bava_kamma,bava_kamma.sugya080:29
34,1091,Directed,6,5,transmission,bavli,berakhot;chullin;moed_katan;taanit,berakhot.sugya021:35
1094,895,Directed,6,5,transmission,bavli,bava_batra;ketubot;kiddushin;taanit,bava_batra.sugya468:27
1094,1556,Directed,6,6,transmission,bavli,bava_batra;gittin;horayot;megillah;nazir;yoma,bava_batra.sugya306:63
6,1102,Directed,6,6,transmission,bavli,niddah;shabbat,niddah.sugya064:16
1432,1242,Directed,6,3,transmission,bavli,avodah_zarah;berakhot,avodah_zarah.sugya124:2
2627,1345,Directed,6,5,transmission,bavli,bava_metzia;chullin;menachot;shabbat,bava_metzia.sugya286:23
1394,1954,Directed,6,4,transmission,bavli,bekhorot;chullin;gittin;shabbat,bekhorot.sugya178:7
1913,1394,Directed,6,3,transmission,bavli,eruvin;taanit,eruvin.sugya324:2
1580,1395,Directed,6,3,transmission,bavli,arakhin;chagigah,arakhin.sugya003:25
1395,634,Directed,6,3,transmission,bavli,arakhin;menachot,arakhin.sugya012:10
355,1395,Directed,6,4,transmission,bavli,beitzah;chullin;eruvin;yoma,beitzah.sugya211:30
1395,829,Directed,6,3,transmission,bavli,ketubot;shabbat;zevachim,ketubot.sugya346:2
895,1508,Directed,6,4,transmission,bavli,gittin;ketubot;kiddushin;shabbat,gittin.sugya300:28
485,1508,Directed,6,1,transmission,bavli,yevamot,yevamot.sugya106:26
1544,1731,Directed,6,3,transmission,bavli,beitzah;tamid,beitzah.sugya050:18
34,1570,Directed,6,5,transmission,bavli,berakhot;gittin;temurah,berakhot.sugya357:13
1764,2594,Directed,6,3,transmission,bavli,bava_kamma;yevamot,bava_kamma.sugya214:1
982,194,Directed,6,3,transmission,bavli,gittin;ketubot,gittin.sugya082:26
2068,417,Directed,6,4,transmission,bavli,bava_batra;beitzah;yoma;zevachim,bava_batra.sugya478:3
2763,2068,Directed,6,3,transmission,bavli,bava_metzia;eruvin;sotah,bava_metzia.sugya025:105
2409,2068,Directed,6,3,transmission,bavli,bava_metzia;gittin,bava_metzia.sugya221:11
2285,2068,Directed,6,3,transmission,bavli,gittin;ketubot,gittin.sugya082:17
2173,2879,Directed,6,1,transmission,bavli,chullin,chullin.sugya323:56
913,2285,Directed,6,4,transmission,bavli,avodah_zarah;bava_batra;kiddushin;temurah,avodah_zarah.sugya083:110
2296,2298,Directed,6,3,transmission,bavli,chullin;ketubot;shevuot,chullin.sugya269:12
2406,535,Directed,6,3,transmission,bavli,berakhot;chullin;sotah,berakhot.sugya169:1
2409,2879,Directed,6,6,transmission,bavli,bava_metzia;chagigah;gittin;pesachim;zevachim,bava_metzia.sugya406:1
2763,2578,Directed,6,3,transmission,bavli,avodah_zarah;berakhot;chagigah,avodah_zarah.sugya105:101
2607,2578,Directed,6,4,transmission,bavli,bava_batra;chullin;eruvin;yevamot,bava_batra.sugya253:50
2578,548,Directed,6,3,transmission,bavli,bava_metzia;shabbat,bava_metzia.sugya375:79
2581,895,Directed,6,4,transmission,bavli,bava_metzia;eruvin;menachot;nazir,bava_metzia.sugya187:117
571,2582,Directed,6,2,transmission,bavli,beitzah;chullin,beitzah.sugya107:34
2608,2763,Directed,6,3,transmission,bavli,gittin;moed_katan;pesachim,gittin.sugya298:13
265,977,Directed,6,3,transmission,bavli,eruvin;kiddushin;sukkah,eruvin.sugya300:3
2763,2852,Directed,6,3,transmission,bavli,bava_kamma;gittin;sotah,bava_kamma.sugya356:15
895,2763,Directed,6,4,transmission,bavli,kiddushin;rosh_hashanah;sukkah,kiddushin.sugya013:18
2763,417,Directed,6,3,transmission,bavli,menachot;sanhedrin;zevachim,menachot.sugya274:21
535,2879,Directed,6,4,transmission,bavli,bekhorot;niddah;shabbat,bekhorot.sugya098:3
2938,534,Directed,6,2,transmission,bavli,chullin;sanhedrin,chullin.sugya277:113
426,449,Directed,6,3,transmission,bavli,chullin;gittin,chullin.sugya160:10
467,477,Directed,6,3,transmission,bavli,bekhorot;chullin;zevachim,bekhorot.sugya348:12
895,534,Directed,6,3,transmission,bavli,bava_batra;chullin,bava_batra.sugya402:59
1615,1017,Directed,5,5,transmission,bavli,avodah_zarah;berakhot;chullin;gittin,avodah_zarah.sugya042:0
1017,1954,Directed,5,3,transmission,bavli,bava_batra;ketubot;taanit,bava_batra.sugya150:4
2581,1088,Directed,5,4,transmission,bavli,eruvin;ketubot;shabbat,eruvin.sugya300:29
1105,1731,Directed,5,4,transmission,bavli,ketubot;moed_katan;rosh_hashanah,ketubot.sugya478:50
1187,2763,Directed,5,3,transmission,bavli,shabbat,shabbat.sugya903:1
121,2578,Directed,5,3,transmission,bavli,bava_batra;shabbat;zevachim,bava_batra.sugya500:30
2255,121,Directed,5,2,transmission,bavli,beitzah,beitzah.sugya062:23
495,1212,Directed,5,3,transmission,bavli,bava_batra;bava_kamma;keritot,bava_batra.sugya413:22
895,1212,Directed,5,3,transmission,bavli,eruvin;niddah;shabbat,eruvin.sugya308:2
1261,2763,Directed,5,3,transmission,bavli,ketubot;taanit,ketubot.sugya254:41
1305,2578,Directed,5,4,transmission,bavli,nedarim;sotah;yoma,nedarim.sugya006:10
388,1339,Directed,5,3,transmission,bavli,kiddushin;megillah;nedarim,kiddushin.sugya296:87
1832,1345,Directed,5,2,transmission,bavli,berakhot,berakhot.sugya239:13
297,1394,Directed,5,3,transmission,bavli,ketubot;taanit;yoma,ketubot.sugya006:8
2075,1395,Directed,5,3,transmission,bavli,berakhot;megillah;shabbat,berakhot.sugya342:16
1395,1527,Directed,5,3,transmission,bavli,taanit;zevachim,taanit.sugya004:13
2578,1508,Directed,5,3,transmission,bavli,beitzah;kiddushin;shabbat,beitzah.sugya127:2
867,1508,Directed,5,3,transmission,bavli,chullin;yoma;zevachim,chullin.sugya252:113
1570,1508,Directed,5,2,transmission,bavli,menachot;zevachim,menachot.sugya326:2
411,1544,Directed,5,3,transmission,bavli,berakhot;sanhedrin;yoma,berakhot.sugya459:7
2596,1570,Directed,5,3,transmission,bavli,bava_batra;pesachim;sanhedrin,bava_batra.sugya425:27
1764,1570,Directed,5,3,transmission,bavli,bava_batra;moed_katan;zevachim,bava_batra.sugya431:41
6,1570,Directed,5,3,transmission,bavli,bava_metzia;eruvin;temurah,bava_metzia.sugya451:108
2932,1570,Directed,5,1,transmission,bavli,megillah,megillah.sugya196:34
867,1624,Directed,5,3,transmission,bavli,bava_batra;bekhorot,bava_batra.sugya251:21
1764,2763,Directed,5,3,transmission,bavli,bava_batra;eruvin;pesachim,bava_batra.sugya149:20
1915,1814,Directed,5,3,transmission,bavli,chullin;nazir,chullin.sugya307:10
1878,2647,Directed,5,3,transmission,bavli,bava_batra;ketubot,bava_batra.sugya480:23
867,1952,Directed,5,4,transmission,bavli,bekhorot;shabbat;yoma;zevachim,bekhorot.sugya087:7
911,1954,Directed,5,3,transmission,bavli,bava_kamma;chullin;shabbat,bava_kamma.sugya254:0
207,2578,Directed,5,3,transmission,bavli,avodah_zarah;shabbat;yoma,avodah_zarah.sugya094:129
2406,495,Directed,5,3,transmission,bavli,berakhot;pesachim;sotah,berakhot.sugya169:0
495,2578,Directed,5,2,transmission,bavli,bekhorot;nedarim,bekhorot.sugya364:51
2599,2578,Directed,5,5,transmission,bavli,berakhot,berakhot.sugya094:0
2582,2578,Directed,5,4,transmission,bavli,gittin;ketubot;menachot,gittin.sugya031:24
92,2763,Directed,5,3,transmission,bavli,bava_kamma;bava_metzia;sanhedrin,bava_kamma.sugya074:44
2788,6,Directed,5,3,transmission,bavli,gittin;shabbat,gittin.sugya120:14
2879,2830,Directed,5,3,transmission,bavli,bava_kamma;menachot;shevuot,bava_kamma.sugya316:24
2869,2830,Directed,5,3,transmission,bavli,chullin;horayot,chullin.sugya003:116
2969,534,Directed,5,3,transmission,bavli,berakhot,berakhot.sugya233:6
1017,2224,Directed,4,3,transmission,bavli,berakhot;menachot,berakhot.sugya314:12
1017,2879,Directed,4,2,transmission,bavli,eruvin;pesachim,eruvin.sugya318:42
1385,1038,Directed,4,2,transmission,bavli,sanhedrin;sotah,sanhedrin.sugya477:17
1899,1075,Directed,4,2,transmission,bavli,avodah_zarah;ketubot,avodah_zarah.sugya203:1
1075,121,Directed,4,2,transmission,bavli,chullin;shabbat,chullin.sugya317:103
1091,1075,Directed,4,2,transmission,bavli,moed_katan,moed_katan.sugya045:12
535,1075,Directed,4,2,transmission,bavli,moed_katan,moed_katan.sugya045:14
1088,1570,Directed,4,2,transmission,bavli,shabbat;yevamot,shabbat.sugya181:28
1106,1570,Directed,4,2,transmission,bavli,menachot,menachot.sugya095:185
1197,1885,Directed,4,2,transmission,bavli,gittin;yevamot,gittin.sugya134:51
2190,121,Directed,4,2,transmission,bavli,bava_batra;bava_metzia,bava_batra.sugya203:15
121,1570,Directed,4,2,transmission,bavli,chullin;sanhedrin,chullin.sugya006:30
121,2398,Directed,4,2,transmission,bavli,eruvin,eruvin.sugya453:29
1807,121,Directed,4,3,transmission,bavli,moed_katan;shabbat,moed_katan.sugya020:6
2409,1212,Directed,4,2,transmission,bavli,chullin;menachot,chullin.sugya214:19
1212,1986,Directed,4,2,transmission,bavli,kiddushin;shabbat,kiddushin.sugya296:0
2763,1237,Directed,4,2,transmission,bavli,chullin;niddah,chullin.sugya143:148
1344,495,Directed,4,1,transmission,bavli,bava_metzia,bava_metzia.sugya223:28
2716,1345,Directed,4,3,transmission,bavli,eruvin;shabbat,eruvin.sugya321:1
139,1814,Directed,4,2,transmission,bavli,bava_batra;eruvin,bava_batra.sugya405:40
139,368,Directed,4,3,transmission,bavli,bava_batra;yevamot,bava_batra.sugya457:1
139,1952,Directed,4,3,transmission,bavli,shevuot;yoma;zevachim,shevuot.sugya069:12
1885,1394,Directed,4,2,transmission,bavli,berakhot;eruvin,berakhot.sugya354:11
2518,1394,Directed,4,1,transmission,bavli,sanhedrin,sanhedrin.sugya311:148
343,1394,Directed,4,2,transmission,bavli,shabbat;yevamot,shabbat.sugya360:3
2668,1395,Directed,4,4,transmission,bavli,chullin;menachot;pesachim;shabbat,chullin.sugya186:45
1395,1979,Directed,4,2,transmission,bavli,moed_katan;shabbat,moed_katan.sugya095:24
1395,2135,Directed,4,2,transmission,bavli,yevamot,yevamot.sugya282:17
1409,1657,Directed,4,1,transmission,bavli,niddah,niddah.sugya231:13
1508,1832,Directed,4,2,transmission,bavli,gittin;yoma,gittin.sugya033:11
2763,1508,Directed,4,1,transmission,bavli,gittin,gittin.sugya272:36
1508,2068,Directed,4,1,transmission,bavli,horayot,horayot.sugya091:29
1508,1657,Directed,4,2,transmission,bavli,menachot;niddah,menachot.sugya036:22
1657,1527,Directed,4,2,transmission,bavli,pesachim,pesachim.sugya379:12
2852,1527,Directed,4,2,transmission,bavli,sotah,sotah.sugya306:2
2888,1527,Directed,4,2,transmission,bavli,taanit;yoma,taanit.sugya104:1
2409,1544,Directed,4,3,transmission,bavli,bava_metzia;chullin,bava_metzia.sugya012:2
534,1544,Directed,4,2,transmission,bavli,berakhot;chullin,berakhot.sugya235:1
495,1544,Directed,4,2,transmission,bavli,berakhot,berakhot.sugya010:13
2170,1570,Directed,4,2,transmission,bavli,bava_kamma;gittin,bava_kamma.sugya433:4
1615,1570,Directed,4,2,transmission,bavli,bava_metzia;temurah,bava_metzia.sugya223:31
40,1570,Directed,4,2,transmission,bavli,gittin;ketubot,gittin.sugya226:3
2594,1574,Directed,4,2,transmission,bavli,bekhorot;pesachim,bekhorot.sugya193:12
1742,1593,Directed,4,2,transmission,bavli,kiddushin;menachot,kiddushin.sugya158:100
160,2763,Directed,4,2,transmission,bavli,bava_batra,bava_batra.sugya142:29
1657,450,Directed,4,2,transmission,bavli,shabbat,shabbat.sugya728:2
92,1689,Directed,4,2,transmission,bavli,bava_metzia;shabbat,bava_metzia.sugya439:35
1689,2879,Directed,4,2,transmission,bavli,gittin;nazir,gittin.sugya388:10
1695,417,Directed,4,2,transmission,bavli,pesachim;sotah,pesachim.sugya347:4
2225,17,Directed,4,2,transmission,bavli,moed_katan;shabbat,moed_katan.sugya099:24
2423,17,Directed,4,2,transmission,bavli,moed_katan;shabbat,moed_katan.sugya099:26
1710,2920,Directed,4,2,transmission,bavli,menachot;rosh_hashanah,menachot.sugya091:294
59,1745,Directed,4,1,transmission,bavli,taanit,taanit.sugya027:108
2582,1764,Directed,4,2,transmission,bavli,bava_kamma;ketubot,bava_kamma.sugya286:41
1885,2879,Directed,4,3,transmission,bavli,avodah_zarah;bekhorot;menachot,avodah_zarah.sugya040:0
2681,1885,Directed,4,3,transmission,bavli,avodah_zarah;bava_batra;yevamot,avodah_zarah.sugya105:84
265,1885,Directed,4,2,transmission,bavli,avodah_zarah;shabbat,avodah_zarah.sugya137:130
2581,1885,Directed,4,2,transmission,bavli,pesachim;yevamot,pesachim.sugya358:61
2582,1889,Directed,4,2,transmission,bavli,chagigah;keritot,chagigah.sugya051:1
1890,2578,Directed,4,3,transmission,bavli,berakhot;zevachim,berakhot.sugya246:3
1890,2068,Directed,4,2,transmission,bavli,eruvin;shabbat,eruvin.sugya366:29
194,2582,Directed,4,2,transmission,bavli,ketubot;pesachim,ketubot.sugya288:120
1952,2763,Directed,4,2,transmission,bavli,chullin;pesachim,chullin.sugya034:0
1952,2578,Directed,4,2,transmission,bavli,menachot;sanhedrin,menachot.sugya091:154
2938,1954,Directed,4,3,transmission,bavli,eruvin;menachot;niddah,eruvin.sugya021:21
2330,1979,Directed,4,2,transmission,bavli,niddah;pesachim,niddah.sugya166:4
2004,2578,Directed,4,1,transmission,bavli,berakhot,berakhot.sugya117:16
2225,2032,Directed,4,2,transmission,bavli,moed_katan;shabbat,moed_katan.sugya099:25
2423,2032,Directed,4,2,transmission,bavli,moed_katan;shabbat,moed_katan.sugya099:27
2041,2879,Directed,4,1,transmission,bavli,berakhot,berakhot.sugya020:0
2594,2075,Directed,4,2,transmission,bavli,bava_kamma,bava_kamma.sugya214:2
2111,495,Directed,4,2,transmission,bavli,berakhot;ketubot,berakhot.sugya056:1
2155,514,Directed,4,2,transmission,bavli,bava_batra;sukkah,bava_batra.sugya527:10
2155,2582,Directed,4,2,transmission,bavli,beitzah;shabbat,beitzah.sugya136:16
2156,571,Directed,4,2,transmission,bavli,chullin;kiddushin,chullin.sugya288:24
2170,2237,Directed,4,2,transmission,bavli,bava_metzia,bava_metzia.sugya451:131
2173,2582,Directed,4,2,transmission,bavli,bava_kamma;bava_metzia,bava_kamma.sugya394:119
2173,571,Directed,4,2,transmission,bavli,beitzah;gittin,beitzah.sugya002:218
2578,221,Directed,4,1,transmission,bavli,moed_katan,moed_katan.sugya055:10
2237,2285,Directed,4,2,transmission,bavli,bava_metzia,bava_metzia.sugya451:132
2269,828,Directed,4,2,transmission,bavli,yevamot,yevamot.sugya484:29
2465,2269,Directed,4,2,transmission,bavli,yevamot,yevamot.sugya484:30
993,2285,Directed,4,3,transmission,bavli,arakhin;bava_metzia;chullin,arakhin.sugya019:10
600,2285,Directed,4,2,transmission,bavli,bava_batra,bava_batra.sugya150:13
895,2285,Directed,4,2,transmission,bavli,eruvin;sanhedrin,eruvin.sugya298:12
2405,495,Directed,4,1,transmission,bavli,gittin,gittin.sugya004:109
2405,534,Directed,4,1,transmission,bavli,gittin,gittin.sugya004:110
2406,2582,Directed,4,3,transmission,bavli,bava_batra;chullin,bava_batra.sugya414:8
2465,417,Directed,4,2,transmission,bavli,avodah_zarah;pesachim,avodah_zarah.sugya188:18
2846,2465,Directed,4,2,transmission,bavli,gittin;yevamot,gittin.sugya067:15
571,2518,Directed,4,2,transmission,bavli,avodah_zarah;bava_batra,avodah_zarah.sugya159:22
2528,2578,Directed,4,3,transmission,bavli,kiddushin;menachot;sanhedrin,kiddushin.sugya296:53
2533,602,Directed,4,2,transmission,bavli,chullin,chullin.sugya110:102
2606,2578,Directed,4,1,transmission,bavli,arakhin,arakhin.sugya014:14
885,2578,Directed,4,2,transmission,bavli,bava_kamma;bava_metzia,bava_kamma.sugya435:34
2581,2578,Directed,4,3,transmission,bavli,eruvin;gittin;menachot,eruvin.sugya243:38
2738,2578,Directed,4,2,transmission,bavli,ketubot;shabbat,ketubot.sugya003:161
2581,2594,Directed,4,2,transmission,bavli,bava_kamma,bava_kamma.sugya214:0
2582,341,Directed,4,2,transmission,bavli,bava_metzia;nedarim,bava_metzia.sugya307:2
514,2582,Directed,4,3,transmission,bavli,chullin;kiddushin;niddah,chullin.sugya122:23
2582,712,Directed,4,3,transmission,bavli,kiddushin;sotah,kiddushin.sugya203:1
2596,2763,Directed,4,2,transmission,bavli,beitzah;eruvin,beitzah.sugya123:14
2676,895,Directed,4,2,transmission,bavli,eruvin,eruvin.sugya252:14
2681,895,Directed,4,2,transmission,bavli,eruvin,eruvin.sugya007:15
2684,2763,Directed,4,2,transmission,bavli,ketubot,ketubot.sugya213:10
2716,465,Directed,4,3,transmission,bavli,avodah_zarah;eruvin;pesachim,avodah_zarah.sugya057:120
2845,467,Directed,4,2,transmission,bavli,chullin;zevachim,chullin.sugya003:201
368,2879,Directed,4,3,transmission,bavli,ketubot;shabbat;zevachim,ketubot.sugya154:14
6,2879,Directed,4,1,transmission,bavli,shabbat,shabbat.sugya328:16
873,467,Directed,4,3,transmission,bavli,bava_batra,bava_batra.sugya467:123
895,467,Directed,4,2,transmission,bavli,bava_metzia;makkot,bava_metzia.sugya209:13
571,827,Directed,4,1,transmission,bavli,bava_kamma,bava_kamma.sugya303:18
92,895,Directed,4,2,transmission,bavli,bava_metzia;sotah,bava_metzia.sugya451:105
1017,92,Directed,3,2,transmission,bavli,berakhot;gittin,berakhot.sugya410:0
1017,1212,Directed,3,2,transmission,bavli,gittin;shabbat,gittin.sugya135:117
2788,1022,Directed,3,2,transmission,bavli,sanhedrin;yevamot,sanhedrin.sugya335:39
1394,1043,Directed,3,2,transmission,bavli,avodah_zarah;menachot,avodah_zarah.sugya253:2
867,1043,Directed,3,2,transmission,bavli,ketubot;shabbat,ketubot.sugya029:11
1075,1952,Directed,3,2,transmission,bavli,sanhedrin;sukkah,sanhedrin.sugya496:292
2631,1088,Directed,3,3,transmission,bavli,berakhot,berakhot.sugya325:0
1394,1088,Directed,3,2,transmission,bavli,shabbat;taanit,shabbat.sugya017:20
411,1091,Directed,3,1,transmission,bavli,nedarim,nedarim.sugya120:12
1091,2368,Directed,3,2,transmission,bavli,sanhedrin;sotah,sanhedrin.sugya513:196
1094,2445,Directed,3,2,transmission,bavli,bekhorot;yevamot,bekhorot.sugya064:23
1094,2938,Directed,3,2,transmission,bavli,ketubot,ketubot.sugya015:24
1127,2578,Directed,3,2,transmission,bavli,chullin;niddah,chullin.sugya020:1
1146,2410,Directed,3,2,transmission,bavli,megillah;moed_katan,megillah.sugya005:68
1345,1175,Directed,3,2,transmission,bavli,gittin;menachot,gittin.sugya388:22
1179,1689,Directed,3,2,transmission,bavli,kiddushin;sukkah,kiddushin.sugya296:187
120,2518,Directed,3,1,transmission,bavli,moed_katan,moed_katan.sugya079:66
2879,1212,Directed,3,2,transmission,bavli,avodah_zarah;eruvin,avodah_zarah.sugya031:1
2801,1212,Directed,3,2,transmission,bavli,bekhorot;sukkah,bekhorot.sugya024:7
1222,2578,Directed,3,3,transmission,bavli,bava_kamma;kiddushin;nedarim,bava_kamma.sugya434:1
92,1242,Directed,3,3,transmission,bavli,avodah_zarah;kiddushin;nedarim,avodah_zarah.sugya151:4
1306,1508,Directed,3,1,transmission,bavli,sukkah,sukkah.sugya035:18
1345,1885,Directed,3,2,transmission,bavli,chullin;sukkah,chullin.sugya022:78
1352,2763,Directed,3,2,transmission,bavli,shabbat,shabbat.sugya886:0
1358,2582,Directed,3,2,transmission,bavli,bava_kamma,bava_kamma.sugya463:13
139,1508,Directed,3,2,transmission,bavli,chullin;yoma,chullin.sugya252:70
139,2578,Directed,3,1,transmission,bavli,nedarim,nedarim.sugya119:70
1832,1394,Directed,3,2,transmission,bavli,avodah_zarah;menachot,avodah_zarah.sugya094:136
2581,1394,Directed,3,2,transmission,bavli,shabbat,shabbat.sugya871:0
256,1395,Directed,3,2,transmission,bavli,berakhot,berakhot.sugya106:9
467,1441,Directed,3,2,transmission,bavli,kiddushin,kiddushin.sugya072:4
1486,535,Directed,3,2,transmission,bavli,shabbat;yevamot,shabbat.sugya860:2
149,2409,Directed,3,2,transmission,bavli,chullin;menachot,chullin.sugya352:15
1852,1508,Directed,3,2,transmission,bavli,berakhot;nedarim,berakhot.sugya390:2
1544,1508,Directed,3,2,transmission,bavli,yoma,yoma.sugya231:24
2465,1527,Directed,3,2,transmission,bavli,bekhorot;sanhedrin,bekhorot.sugya370:25
2231,1527,Directed,3,2,transmission,bavli,nazir;temurah,nazir.sugya021:78
1922,1544,Directed,3,2,transmission,bavli,berakhot;chullin,berakhot.sugya298:4
2613,1544,Directed,3,2,transmission,bavli,berakhot,berakhot.sugya345:26
2191,1544,Directed,3,2,transmission,bavli,eruvin;sukkah,eruvin.sugya067:45
1570,1544,Directed,3,1,transmission,bavli,sukkah,sukkah.sugya094:3
1570,1697,Directed,3,2,transmission,bavli,chullin;niddah,chullin.sugya163:1
1954,1570,Directed,3,2,transmission,bavli,ketubot;niddah,ketubot.sugya523:144
1570,783,Directed,3,2,transmission,bavli,makkot;zevachim,makkot.sugya095:1
1657,445,Directed,3,2,transmission,bavli,pesachim;yoma,pesachim.sugya406:17
1731,2578,Directed,3,1,transmission,bavli,beitzah,beitzah.sugya002:296
1764,239,Directed,3,2,transmission,bavli,eruvin,eruvin.sugya300:30
1764,2879,Directed,3,2,transmission,bavli,niddah;shabbat,niddah.sugya140:15
1802,2578,Directed,3,2,transmission,bavli,chullin;pesachim,chullin.sugya256:23
867,1814,Directed,3,2,transmission,bavli,eruvin;menachot,eruvin.sugya286:0
2237,1832,Directed,3,2,transmission,bavli,bava_batra;yevamot,bava_batra.sugya467:40
1885,467,Directed,3,2,transmission,bavli,avodah_zarah;yevamot,avodah_zarah.sugya274:42
2676,1885,Directed,3,2,transmission,bavli,berakhot,berakhot.sugya463:2
2176,1885,Directed,3,2,transmission,bavli,chullin;pesachim,chullin.sugya368:19
1885,495,Directed,3,1,transmission,bavli,niddah,niddah.sugya125:47
1885,417,Directed,3,2,transmission,bavli,sanhedrin;shabbat,sanhedrin.sugya445:29
1922,2763,Directed,3,3,transmission,bavli,chullin;rosh_hashanah;sukkah,chullin.sugya271:69
2092,194,Directed,3,2,transmission,bavli,avodah_zarah;makkot,avodah_zarah.sugya131:25
2285,194,Directed,3,3,transmission,bavli,bava_kamma;kiddushin;yevamot,bava_kamma.sugya084:18
1952,2830,Directed,3,2,transmission,bavli,sanhedrin;sukkah,sanhedrin.sugya496:293
2582,1954,Directed,3,2,transmission,bavli,berakhot;ketubot,berakhot.sugya444:139
2633,1954,Directed,3,2,transmission,bavli,chullin,chullin.sugya115:11
368,1979,Directed,3,2,transmission,bavli,bekhorot,bekhorot.sugya244:21
571,2006,Directed,3,3,transmission,bavli,berakhot;chullin,berakhot.sugya323:69
2006,2735,Directed,3,1,transmission,bavli,chullin,chullin.sugya143:144
2148,2578,Directed,3,2,transmission,bavli,berakhot;pesachim,berakhot.sugya392:31
571,2161,Directed,3,2,transmission,bavli,menachot;niddah,menachot.sugya091:304
2198,2582,Directed,3,2,transmission,bavli,bava_metzia;shabbat,bava_metzia.sugya290:41
2647,2198,Directed,3,3,transmission,bavli,chullin;nedarim,chullin.sugya386:164
2627,2224,Directed,3,2,transmission,bavli,chullin,chullin.sugya110:151
2627,2225,Directed,3,2,transmission,bavli,chagigah;niddah,chagigah.sugya086:1
2716,2285,Directed,3,2,transmission,bavli,eruvin,eruvin.sugya298:13
2330,417,Directed,3,2,transmission,bavli,pesachim;sukkah,pesachim.sugya129:106
2334,2578,Directed,3,1,transmission,bavli,beitzah,beitzah.sugya171:10
2410,467,Directed,3,2,transmission,bavli,moed_katan;taanit,moed_katan.sugya097:127
2453,2578,Directed,3,2,transmission,bavli,berakhot;shabbat,berakhot.sugya247:4
2938,2465,Directed,3,2,transmission,bavli,beitzah;sukkah,beitzah.sugya158:18
47,2578,Directed,3,3,transmission,bavli,bava_batra,bava_batra.sugya360:0
867,2578,Directed,3,2,transmission,bavli,chullin;shabbat,chullin.sugya412:51
2675,2578,Directed,3,2,transmission,bavli,chullin,chullin.sugya110:148
879,2578,Directed,3,2,transmission,bavli,gittin;menachot,gittin.sugya241:2
917,2582,Directed,3,1,transmission,bavli,berakhot,berakhot.sugya387:23
2594,467,Directed,3,2,transmission,bavli,moed_katan;sukkah,moed_katan.sugya075:2
2773,2618,Directed,3,2,transmission,bavli,chullin;menachot,chullin.sugya273:51
2938,895,Directed,3,2,transmission,bavli,bava_metzia;ketubot,bava_metzia.sugya292:11
2969,485,Directed,3,1,transmission,bavli,sanhedrin,sanhedrin.sugya496:21
368,478,Directed,3,1,transmission,bavli,yevamot,yevamot.sugya240:1
535,467,Directed,3,2,transmission,bavli,berakhot;menachot,berakhot.sugya218:12
600,467,Directed,3,2,transmission,bavli,pesachim;zevachim,pesachim.sugya253:6
600,534,Directed,3,3,transmission,bavli,makkot;shabbat;shevuot,makkot.sugya105:15
1006,2285,Directed,2,1,transmission,bavli,yoma,yoma.sugya303:112
1017,993,Directed,2,1,transmission,bavli,avodah_zarah,avodah_zarah.sugya042:1
1017,534,Directed,2,1,transmission,bavli,avodah_zarah,avodah_zarah.sugya054:42
2285,1017,Directed,2,1,transmission,bavli,bava_batra,bava_batra.sugya480:13
1017,47,Directed,2,1,transmission,bavli,chullin,chullin.sugya380:43
1017,1901,Directed,2,1,transmission,bavli,chullin,chullin.sugya126:17
1017,6,Directed,2,1,transmission,bavli,ketubot,ketubot.sugya048:24
1017,140,Directed,2,1,transmission,bavli,kiddushin,kiddushin.sugya177:48
1017,467,Directed,2,1,transmission,bavli,nedarim,nedarim.sugya006:45
1017,1423,Directed,2,1,transmission,bavli,sanhedrin,sanhedrin.sugya496:208
1952,1017,Directed,2,1,transmission,bavli,shabbat,shabbat.sugya871:76
1017,1493,Directed,2,1,transmission,bavli,sukkah,sukkah.sugya216:60
1017,763,Directed,2,1,transmission,bavli,temurah,temurah.sugya033:7
6,1018,Directed,2,1,transmission,bavli,beitzah,beitzah.sugya134:111
1695,1031,Directed,2,1,transmission,bavli,bava_batra,bava_batra.sugya376:2
445,1031,Directed,2,1,transmission,bavli,bava_batra,bava_batra.sugya376:3
895,1039,Directed,2,1,transmission,bavli,berakhot,berakhot.sugya250:31
1043,1570,Directed,2,1,transmission,bavli,avodah_zarah,avodah_zarah.sugya226:0
2285,1043,Directed,2,2,transmission,bavli,avodah_zarah;menachot,avodah_zarah.sugya253:3
1043,2879,Directed,2,1,transmission,bavli,chullin,chullin.sugya162:12
1046,895,Directed,2,1,transmission,bavli,sotah,sotah.sugya129:17
1051,1053,Directed,2,1,transmission,bavli,bava_metzia,bava_metzia.sugya357:155
1052,2582,Directed,2,1,transmission,bavli,bava_batra,bava_batra.sugya449:0
1053,2618,Directed,2,1,transmission,bavli,yoma,yoma.sugya008:101
1900,1075,Directed,2,1,transmission,bavli,ketubot,ketubot.sugya065:3
1078,828,Directed,2,1,transmission,bavli,bekhorot,bekhorot.sugya188:31
2879,1088,Directed,2,1,transmission,bavli,avodah_zarah,avodah_zarah.sugya104:13
1640,1088,Directed,2,1,transmission,bavli,avodah_zarah,avodah_zarah.sugya137:138
1088,2581,Directed,2,1,transmission,bavli,keritot,keritot.sugya133:13
895,1088,Directed,2,1,transmission,bavli,menachot,menachot.sugya450:13
1088,2409,Directed,2,1,transmission,bavli,menachot,menachot.sugya450:14
495,1088,Directed,2,1,transmission,bavli,shabbat,shabbat.sugya181:27
1091,1176,Directed,2,1,transmission,bavli,bava_batra,bava_batra.sugya401:26
1091,2409,Directed,2,1,transmission,bavli,chagigah,chagigah.sugya103:14
1091,2763,Directed,2,1,transmission,bavli,kiddushin,kiddushin.sugya296:183
139,1091,Directed,2,1,transmission,bavli,kiddushin,kiddushin.sugya304:43
1091,6,Directed,2,1,transmission,bavli,megillah,megillah.sugya184:13
1952,1091,Directed,2,1,transmission,bavli,megillah,megillah.sugya005:66
867,1091,Directed,2,1,transmission,bavli,moed_katan,moed_katan.sugya045:10
1176,1091,Directed,2,1,transmission,bavli,sanhedrin,sanhedrin.sugya161:10
1091,571,Directed,2,1,transmission,bavli,shabbat,shabbat.sugya411:1
584,1091,Directed,2,1,transmission,bavli,taanit,taanit.sugya065:33
1094,1345,Directed,2,1,transmission,bavli,arakhin,arakhin.sugya137:119
2582,1094,Directed,2,1,transmission,bavli,ketubot,ketubot.sugya392:40
1094,1394,Directed,2,1,transmission,bavli,moed_katan,moed_katan.sugya077:126
1101,2409,Directed,2,2,transmission,bavli,avodah_zarah;bava_batra,avodah_zarah.sugya137:113
1102,1570,Directed,2,1,transmission,bavli,pesachim,pesachim.sugya056:2
1102,495,Directed,2,1,transmission,bavli,shabbat,shabbat.sugya388:11
1113,239,Directed,2,2,transmission,bavli,avodah_zarah;sanhedrin,avodah_zarah.sugya217:1
1113,1570,Directed,2,1,transmission,bavli,pesachim,pesachim.sugya051:4
1123,1345,Directed,2,1,transmission,bavli,pesachim,pesachim.sugya102:27
1570,1152,Directed,2,1,transmission,bavli,gittin,gittin.sugya386:21
534,1175,Directed,2,1,transmission,bavli,avodah_zarah,avodah_zarah.sugya054:37
2608,1175,Directed,2,1,transmission,bavli,avodah_zarah,avodah_zarah.sugya054:44
2129,1175,Directed,2,1,transmission,bavli,menachot,menachot.sugya091:151
1176,1885,Directed,2,1,transmission,bavli,berakhot,berakhot.sugya023:17
2041,1176,Directed,2,2,transmission,bavli,rosh_hashanah;zevachim,rosh_hashanah.sugya112:1
1178,239,Directed,2,1,transmission,bavli,sanhedrin,sanhedrin.sugya533:3
1657,118,Directed,2,1,transmission,bavli,yevamot,yevamot.sugya246:20
2594,1187,Directed,2,1,transmission,bavli,shabbat,shabbat.sugya904:3
867,1201,Directed,2,1,transmission,bavli,bava_kamma,bava_kamma.sugya499:13
2423,1206,Directed,2,1,transmission,bavli,ketubot,ketubot.sugya351:21
121,1392,Directed,2,1,transmission,bavli,avodah_zarah,avodah_zarah.sugya054:25
1358,121,Directed,2,2,transmission,bavli,bava_metzia;kiddushin,bava_metzia.sugya215:107
121,867,Directed,2,1,transmission,bavli,keritot,keritot.sugya136:16
1913,121,Directed,2,1,transmission,bavli,pesachim,pesachim.sugya380:233
1394,121,Directed,2,1,transmission,bavli,shabbat,shabbat.sugya287:1
121,535,Directed,2,1,transmission,bavli,yevamot,yevamot.sugya396:1
121,1890,Directed,2,1,transmission,bavli,zevachim,zevachim.sugya079:60
2763,1212,Directed,2,1,transmission,bavli,avodah_zarah,avodah_zarah.sugya083:181
571,1212,Directed,2,2,transmission,bavli,avodah_zarah;chullin,avodah_zarah.sugya143:63
2800,1212,Directed,2,1,transmission,bavli,avodah_zarah,avodah_zarah.sugya291:12
1212,2578,Directed,2,1,transmission,bavli,berakhot,berakhot.sugya218:14
1212,2830,Directed,2,1,transmission,bavli,berakhot,berakhot.sugya293:3
368,1212,Directed,2,1,transmission,bavli,chullin,chullin.sugya041:2
1212,1570,Directed,2,1,transmission,bavli,keritot,keritot.sugya142:35
31,1212,Directed,2,1,transmission,bavli,kiddushin,kiddushin.sugya304:46
977,1212,Directed,2,1,transmission,bavli,menachot,menachot.sugya049:18
6,1212,Directed,2,1,transmission,bavli,menachot,menachot.sugya326:11
2839,1212,Directed,2,1,transmission,bavli,shabbat,shabbat.sugya694:142
43,1212,Directed,2,1,transmission,bavli,shabbat,shabbat.sugya710:32
867,1212,Directed,2,2,transmission,bavli,shabbat,shabbat.sugya731:17
1570,1212,Directed,2,1,transmission,bavli,shabbat,shabbat.sugya207:148
1212,2664,Directed,2,1,transmission,bavli,shabbat,shabbat.sugya207:149
2788,1212,Directed,2,1,transmission,bavli,shabbat,shabbat.sugya237:12
1213,1570,Directed,2,2,transmission,bavli,menachot;yevamot,menachot.sugya268:3
124,2581,Directed,2,1,transmission,bavli,pesachim,pesachim.sugya074:176
1261,2578,Directed,2,1,transmission,bavli,beitzah,beitzah.sugya002:205
1261,417,Directed,2,1,transmission,bavli,shabbat,shabbat.sugya549:21
368,1275,Directed,2,1,transmission,bavli,chagigah,chagigah.sugya078:7
1275,2724,Directed,2,2,transmission,bavli,megillah;sotah,megillah.sugya054:45
2414,129,Directed,2,1,transmission,bavli,gittin,gittin.sugya333:3
1292,535,Directed,2,1,transmission,bavli,pesachim,pesachim.sugya263:4
1314,2478,Directed,2,1,transmission,bavli,avodah_zarah,avodah_zarah.sugya143:20
1321,895,Directed,2,1,transmission,bavli,sanhedrin,sanhedrin.sugya370:2
1324,2465,Directed,2,1,transmission,bavli,taanit,taanit.sugya095:2
1345,1327,Directed,2,1,transmission,bavli,avodah_zarah,avodah_zarah.sugya029:11
842,1327,Directed,2,1,transmission,bavli,gittin,gittin.sugya112:20
1345,1624,Directed,2,1,transmission,bavli,bava_kamma,bava_kamma.sugya286:28
2631,1345,Directed,2,1,transmission,bavli,chullin,chullin.sugya300:154
1345,2187,Directed,2,1,transmission,bavli,eruvin,eruvin.sugya076:0
1345,2720,Directed,2,1,transmission,bavli,ketubot,ketubot.sugya328:19
2225,1345,Directed,2,1,transmission,bavli,kiddushin,kiddushin.sugya126:13
2140,1345,Directed,2,1,transmission,bavli,menachot,menachot.sugya049:29
913,1345,Directed,2,1,transmission,bavli,moed_katan,moed_katan.sugya077:130
2596,1345,Directed,2,1,transmission,bavli,shabbat,shabbat.sugya474:13
1345,495,Directed,2,1,transmission,bavli,yevamot,yevamot.sugya030:14
1345,2427,Directed,2,1,transmission,bavli,yevamot,yevamot.sugya232:39
1345,535,Directed,2,1,transmission,bavli,zevachim,zevachim.sugya433:4
2646,1351,Directed,2,1,transmission,bavli,bava_metzia,bava_metzia.sugya193:66
2582,1351,Directed,2,1,transmission,bavli,sanhedrin,sanhedrin.sugya496:252
1358,2578,Directed,2,1,transmission,bavli,bava_batra,bava_batra.sugya488:134
1358,820,Directed,2,1,transmission,bavli,nedarim,nedarim.sugya039:10
136,895,Directed,2,1,transmission,bavli,yevamot,yevamot.sugya236:30
1764,1362,Directed,2,1,transmission,bavli,eruvin,eruvin.sugya284:10
2296,1362,Directed,2,1,transmission,bavli,menachot,menachot.sugya255:11
1764,1364,Directed,2,1,transmission,bavli,bava_batra,bava_batra.sugya073:12
584,138,Directed,2,1,transmission,bavli,avodah_zarah,avodah_zarah.sugya137:124
138,2578,Directed,2,1,transmission,bavli,avodah_zarah,avodah_zarah.sugya137:125
1657,1383,Directed,2,1,transmission,bavli,bekhorot,bekhorot.sugya286:6
1385,1570,Directed,2,1,transmission,bavli,chullin,chullin.sugya378:17
2594,1385,Directed,2,1,transmission,bavli,menachot,menachot.sugya101:123
1385,2578,Directed,2,1,transmission,bavli,sukkah,sukkah.sugya002:115
2594,1388,Directed,2,1,transmission,bavli,bekhorot,bekhorot.sugya111:14
139,2594,Directed,2,1,transmission,bavli,avodah_zarah,avodah_zarah.sugya267:2
139,1657,Directed,2,1,transmission,bavli,keritot,keritot.sugya136:11
139,2891,Directed,2,2,transmission,bavli,ketubot;zevachim,ketubot.sugya193:27
139,763,Directed,2,1,transmission,bavli,kiddushin,kiddushin.sugya212:149
139,2957,Directed,2,2,transmission,bavli,moed_katan;nedarim,moed_katan.sugya101:24
139,2938,Directed,2,1,transmission,bavli,pesachim,pesachim.sugya074:128
139,1854,Directed,2,1,transmission,bavli,rosh_hashanah,rosh_hashanah.sugya165:44
139,1832,Directed,2,1,transmission,bavli,shabbat,shabbat.sugya227:5
139,478,Directed,2,1,transmission,bavli,yoma,yoma.sugya011:20
139,1624,Directed,2,1,transmission,bavli,yoma,yoma.sugya129:111
139,485,Directed,2,1,transmission,bavli,zevachim,zevachim.sugya084:100
1390,2068,Directed,2,1,transmission,bavli,bava_metzia,bava_metzia.sugya380:1
2004,1394,Directed,2,1,transmission,bavli,eruvin,eruvin.sugya261:65
842,1394,Directed,2,1,transmission,bavli,gittin,gittin.sugya244:11
2285,1394,Directed,2,1,transmission,bavli,ketubot,ketubot.sugya029:3
143,1394,Directed,2,1,transmission,bavli,ketubot,ketubot.sugya006:12
1394,6,Directed,2,1,transmission,bavli,kiddushin,kiddushin.sugya298:19
1932,1394,Directed,2,1,transmission,bavli,niddah,niddah.sugya111:34
1416,1394,Directed,2,1,transmission,bavli,pesachim,pesachim.sugya340:11
2582,1394,Directed,2,2,transmission,bavli,shabbat;yoma,shabbat.sugya765:18
571,1394,Directed,2,1,transmission,bavli,shabbat,shabbat.sugya765:46
15,1394,Directed,2,1,transmission,bavli,yevamot,yevamot.sugya303:32
2646,1394,Directed,2,1,transmission,bavli,yoma,yoma.sugya208:29
2846,1395,Directed,2,1,transmission,bavli,chullin,chullin.sugya162:21
548,1395,Directed,2,1,transmission,bavli,menachot,menachot.sugya051:38
850,1395,Directed,2,1,transmission,bavli,zevachim,zevachim.sugya284:2
140,467,Directed,2,1,transmission,bavli,zevachim,zevachim.sugya377:131
1409,2068,Directed,2,1,transmission,bavli,chullin,chullin.sugya398:10
1570,1423,Directed,2,1,transmission,bavli,avodah_zarah,avodah_zarah.sugya105:106
143,2578,Directed,2,1,transmission,bavli,yoma,yoma.sugya164:3
143,2445,Directed,2,1,transmission,bavli,zevachim,zevachim.sugya323:16
256,1444,Directed,2,1,transmission,bavli,shabbat,shabbat.sugya451:12
2852,1450,Directed,2,1,transmission,bavli,yevamot,yevamot.sugya293:27
368,1462,Directed,2,1,transmission,bavli,sanhedrin,sanhedrin.sugya255:21
1467,2361,Directed,2,1,transmission,bavli,bava_kamma,bava_kamma.sugya146:13
1467,1832,Directed,2,1,transmission,bavli,chullin,chullin.sugya337:130
1489,6,Directed,2,1,transmission,bavli,shabbat,shabbat.sugya179:102
2582,1490,Directed,2,1,transmission,bavli,eruvin,eruvin.sugya039:10
1491,2068,Directed,2,1,transmission,bavli,rosh_hashanah,rosh_hashanah.sugya034:50
1580,1494,Directed,2,1,transmission,bavli,sanhedrin,sanhedrin.sugya008:193
1915,1508,Directed,2,1,transmission,bavli,bava_batra,bava_batra.sugya447:130
1508,1677,Directed,2,1,transmission,bavli,chagigah,chagigah.sugya060:275
467,1508,Directed,2,1,transmission,bavli,chullin,chullin.sugya254:41
2032,1508,Directed,2,1,transmission,bavli,gittin,gittin.sugya051:6
1952,1508,Directed,2,1,transmission,bavli,megillah,megillah.sugya068:30
43,1508,Directed,2,1,transmission,bavli,shabbat,shabbat.sugya710:13
1889,1508,Directed,2,1,transmission,bavli,yevamot,yevamot.sugya265:12
1508,417,Directed,2,1,transmission,bavli,yevamot,yevamot.sugya305:4
443,1527,Directed,2,1,transmission,bavli,pesachim,pesachim.sugya032:103
368,1527,Directed,2,1,transmission,bavli,pesachim,pesachim.sugya091:28
1979,1527,Directed,2,1,transmission,bavli,pesachim,pesachim.sugya271:17
2533,1527,Directed,2,1,transmission,bavli,shabbat,shabbat.sugya933:15
194,1527,Directed,2,1,transmission,bavli,zevachim,zevachim.sugya217:30
2068,1527,Directed,2,1,transmission,bavli,zevachim,zevachim.sugya225:104
1570,1529,Directed,2,1,transmission,bavli,yoma,yoma.sugya153:34
467,1536,Directed,2,1,transmission,bavli,pesachim,pesachim.sugya382:18
2220,1544,Directed,2,1,transmission,bavli,bava_kamma,bava_kamma.sugya429:14
2824,1544,Directed,2,1,transmission,bavli,bekhorot,bekhorot.sugya178:0
600,1544,Directed,2,1,transmission,bavli,berakhot,berakhot.sugya498:1
2839,1544,Directed,2,1,transmission,bavli,chullin,chullin.sugya352:14
281,1544,Directed,2,1,transmission,bavli,chullin,chullin.sugya390:103
1901,1544,Directed,2,1,transmission,bavli,chullin,chullin.sugya126:18
2091,1544,Directed,2,1,transmission,bavli,chullin,chullin.sugya126:2
2800,1544,Directed,2,1,transmission,bavli,chullin,chullin.sugya290:123
341,1544,Directed,2,1,transmission,bavli,eruvin,eruvin.sugya252:2
2085,1544,Directed,2,1,transmission,bavli,ketubot,ketubot.sugya329:11
571,1544,Directed,2,1,transmission,bavli,shabbat,shabbat.sugya411:2
2830,1544,Directed,2,1,transmission,bavli,tamid,tamid.sugya005:19
535,1544,Directed,2,1,transmission,bavli,yevamot,yevamot.sugya278:27
867,1544,Directed,2,1,transmission,bavli,yoma,yoma.sugya002:174
2852,1555,Directed,2,1,transmission,bavli,avodah_zarah,avodah_zarah.sugya107:18
275,1570,Directed,2,1,transmission,bavli,avodah_zarah,avodah_zarah.sugya143:44
1943,1570,Directed,2,2,transmission,bavli,avodah_zarah;bekhorot,avodah_zarah.sugya012:37
1570,256,Directed,2,1,transmission,bavli,bekhorot,bekhorot.sugya091:31
1570,1689,Directed,2,1,transmission,bavli,berakhot,berakhot.sugya081:41
2345,1570,Directed,2,1,transmission,bavli,berakhot,berakhot.sugya222:14
2174,1570,Directed,2,1,transmission,bavli,berakhot,berakhot.sugya328:3
2879,1570,Directed,2,1,transmission,bavli,chullin,chullin.sugya096:35
2571,1570,Directed,2,2,transmission,bavli,keritot;rosh_hashanah,keritot.sugya122:21
2004,1570,Directed,2,1,transmission,bavli,ketubot,ketubot.sugya130:139
1570,2852,Directed,2,1,transmission,bavli,megillah,megillah.sugya157:14
1570,2888,Directed,2,1,transmission,bavli,nazir,nazir.sugya214:6
820,1570,Directed,2,1,transmission,bavli,niddah,niddah.sugya103:23
291,1570,Directed,2,1,transmission,bavli,pesachim,pesachim.sugya074:163
2795,1570,Directed,2,1,transmission,bavli,pesachim,pesachim.sugya253:25
2398,1570,Directed,2,1,transmission,bavli,sanhedrin,sanhedrin.sugya172:34
1570,1729,Directed,2,1,transmission,bavli,shabbat,shabbat.sugya935:34
1570,467,Directed,2,1,transmission,bavli,shabbat,shabbat.sugya152:17
2340,1570,Directed,2,1,transmission,bavli,shabbat,shabbat.sugya342:15
2445,1570,Directed,2,1,transmission,bavli,shevuot,shevuot.sugya029:120
1570,241,Directed,2,1,transmission,bavli,taanit,taanit.sugya016:11
1570,1742,Directed,2,1,transmission,bavli,temurah,temurah.sugya009:17
2080,1570,Directed,2,1,transmission,bavli,yoma,yoma.sugya002:13
1570,548,Directed,2,1,transmission,bavli,yoma,yoma.sugya157:25
571,1570,Directed,2,1,transmission,bavli,zevachim,zevachim.sugya023:0
1570,1659,Directed,2,1,transmission,bavli,zevachim,zevachim.sugya073:100
1570,2266,Directed,2,1,transmission,bavli,zevachim,zevachim.sugya160:52
1577,465,Directed,2,1,transmission,bavli,chagigah,chagigah.sugya006:43
417,1583,Directed,2,1,transmission,bavli,chagigah,chagigah.sugya006:105
2613,1583,Directed,2,1,transmission,bavli,sukkah,sukkah.sugya098:11
1593,417,Directed,2,1,transmission,bavli,kiddushin,kiddushin.sugya158:101
1615,495,Directed,2,1,transmission,bavli,chagigah,chagigah.sugya092:11
1624,1979,Directed,2,1,transmission,bavli,chullin,chullin.sugya201:34
1657,2068,Directed,2,1,transmission,bavli,chullin,chullin.sugya094:49
445,1657,Directed,2,1,transmission,bavli,chullin,chullin.sugya094:50
1657,2879,Directed,2,1,transmission,bavli,keritot,keritot.sugya136:12
6,1657,Directed,2,1,transmission,bavli,ketubot,ketubot.sugya124:107
2864,1657,Directed,2,1,transmission,bavli,makkot,makkot.sugya105:40
1657,417,Directed,2,1,transmission,bavli,pesachim,pesachim.sugya267:134
2285,1657,Directed,2,1,transmission,bavli,shevuot,shevuot.sugya219:1
239,1657,Directed,2,1,transmission,bavli,shevuot,shevuot.sugya219:14
1657,2465,Directed,2,1,transmission,bavli,temurah,temurah.sugya091:2
1657,2888,Directed,2,1,transmission,bavli,temurah,temurah.sugya091:22
2409,1663,Directed,2,1,transmission,bavli,shabbat,shabbat.sugya100:11
445,1679,Directed,2,1,transmission,bavli,kiddushin,kiddushin.sugya158:156
1679,1742,Directed,2,1,transmission,bavli,kiddushin,kiddushin.sugya158:157
2409,1684,Directed,2,1,transmission,bavli,shabbat,shabbat.sugya100:12
467,1686,Directed,2,2,transmission,bavli,berakhot,berakhot.sugya260:1
534,1689,Directed,2,1,transmission,bavli,bava_kamma,bava_kamma.sugya156:43
1689,450,Directed,2,1,transmission,bavli,berakhot,berakhot.sugya081:24
1689,451,Directed,2,1,transmission,bavli,berakhot,berakhot.sugya081:35
2298,1689,Directed,2,1,transmission,bavli,ketubot,ketubot.sugya247:14
1689,2068,Directed,2,1,transmission,bavli,kiddushin,kiddushin.sugya212:166
1692,2068,Directed,2,1,transmission,bavli,yevamot,yevamot.sugya194:3
2763,17,Directed,2,1,transmission,bavli,shabbat,shabbat.sugya641:35
1710,417,Directed,2,1,transmission,bavli,niddah,niddah.sugya200:16
1710,467,Directed,2,1,transmission,bavli,yevamot,yevamot.sugya003:117
1723,417,Directed,2,1,transmission,bavli,nedarim,nedarim.sugya120:38
2846,1742,Directed,2,1,transmission,bavli,chullin,chullin.sugya212:124
2330,1742,Directed,2,1,transmission,bavli,menachot,menachot.sugya101:118
467,1742,Directed,2,1,transmission,bavli,zevachim,zevachim.sugya127:15
2298,1764,Directed,2,1,transmission,bavli,moed_katan,moed_katan.sugya059:5
293,1764,Directed,2,1,transmission,bavli,moed_katan,moed_katan.sugya077:106
1764,1885,Directed,2,1,transmission,bavli,niddah,niddah.sugya109:3
1764,2409,Directed,2,1,transmission,bavli,sanhedrin,sanhedrin.sugya166:37
602,1764,Directed,2,1,transmission,bavli,sanhedrin,sanhedrin.sugya351:36
1764,2896,Directed,2,1,transmission,bavli,yevamot,yevamot.sugya159:19
1772,239,Directed,2,1,transmission,bavli,bava_kamma,bava_kamma.sugya481:53
2130,1775,Directed,2,1,transmission,bavli,ketubot,ketubot.sugya364:27
1781,2582,Directed,2,2,transmission,bavli,ketubot;menachot,ketubot.sugya003:77
2582,1814,Directed,2,1,transmission,bavli,bava_batra,bava_batra.sugya405:42
495,1814,Directed,2,2,transmission,bavli,bekhorot;niddah,bekhorot.sugya358:9
895,1814,Directed,2,1,transmission,bavli,chullin,chullin.sugya359:10
239,1814,Directed,2,1,transmission,bavli,ketubot,ketubot.sugya353:25
2075,1814,Directed,2,1,transmission,bavli,niddah,niddah.sugya306:37
467,1814,Directed,2,1,transmission,bavli,shabbat,shabbat.sugya844:20
297,1814,Directed,2,1,transmission,bavli,zevachim,zevachim.sugya023:1
1832,2075,Directed,2,1,transmission,bavli,bava_batra,bava_batra.sugya179:2
1832,239,Directed,2,1,transmission,bavli,berakhot,berakhot.sugya088:1
2977,1852,Directed,2,1,transmission,bavli,moed_katan,moed_katan.sugya077:187
1852,2824,Directed,2,1,transmission,bavli,moed_katan,moed_katan.sugya077:188
1852,535,Directed,2,1,transmission,bavli,moed_katan,moed_katan.sugya101:30
1852,534,Directed,2,2,transmission,bavli,taanit;zevachim,taanit.sugya109:2
1854,239,Directed,2,1,transmission,bavli,berakhot,berakhot.sugya236:10
1854,2913,Directed,2,1,transmission,bavli,rosh_hashanah,rosh_hashanah.sugya165:45
1868,2763,Directed,2,2,transmission,bavli,chullin,chullin.sugya130:4
1869,2582,Directed,2,1,transmission,bavli,ketubot,ketubot.sugya440:17
917,1885,Directed,2,1,transmission,bavli,berakhot,berakhot.sugya210:12
1885,368,Directed,2,1,transmission,bavli,chullin,chullin.sugya404:162
1885,2330,Directed,2,1,transmission,bavli,menachot,menachot.sugya101:117
467,1885,Directed,2,1,transmission,bavli,sanhedrin,sanhedrin.sugya193:16
1889,2578,Directed,2,1,transmission,bavli,berakhot,berakhot.sugya290:16
867,1889,Directed,2,1,transmission,bavli,yevamot,yevamot.sugya265:11
982,1902,Directed,2,1,transmission,bavli,sukkah,sukkah.sugya158:17
1902,895,Directed,2,1,transmission,bavli,sukkah,sukkah.sugya158:18
1922,467,Directed,2,1,transmission,bavli,chullin,chullin.sugya112:54
1922,239,Directed,2,2,transmission,bavli,chullin;shabbat,chullin.sugya127:1
1932,2824,Directed,2,1,transmission,bavli,avodah_zarah,avodah_zarah.sugya137:118
2594,1932,Directed,2,2,transmission,bavli,bava_kamma;gittin,bava_kamma.sugya212:0
6,1932,Directed,2,1,transmission,bavli,ketubot,ketubot.sugya048:1
1932,895,Directed,2,1,transmission,bavli,ketubot,ketubot.sugya048:2
6,194,Directed,2,1,transmission,bavli,bava_batra,bava_batra.sugya514:48
194,2409,Directed,2,1,transmission,bavli,bava_kamma,bava_kamma.sugya234:14
600,194,Directed,2,1,transmission,bavli,eruvin,eruvin.sugya290:1
2093,194,Directed,2,2,transmission,bavli,ketubot;niddah,ketubot.sugya229:1
2709,1940,Directed,2,1,transmission,bavli,niddah,niddah.sugya113:49
1952,371,Directed,2,1,transmission,bavli,bava_metzia,bava_metzia.sugya473:159
1952,495,Directed,2,1,transmission,bavli,zevachim,zevachim.sugya055:26
1954,828,Directed,2,1,transmission,bavli,ketubot,ketubot.sugya009:69
1965,2582,Directed,2,1,transmission,bavli,zevachim,zevachim.sugya092:3
467,1979,Directed,2,1,transmission,bavli,bava_kamma,bava_kamma.sugya096:45
2864,1979,Directed,2,1,transmission,bavli,ketubot,ketubot.sugya326:132
465,1979,Directed,2,1,transmission,bavli,yoma,yoma.sugya303:16
895,1986,Directed,2,1,transmission,bavli,chullin,chullin.sugya362:122
2578,1986,Directed,2,1,transmission,bavli,ketubot,ketubot.sugya482:2
1986,2879,Directed,2,1,transmission,bavli,pesachim,pesachim.sugya415:29
1986,2221,Directed,2,1,transmission,bavli,yoma,yoma.sugya288:26
2896,1986,Directed,2,1,transmission,bavli,zevachim,zevachim.sugya189:271
2005,92,Directed,2,1,transmission,bavli,pesachim,pesachim.sugya162:33
968,2006,Directed,2,1,transmission,bavli,chullin,chullin.sugya143:141
286,2031,Directed,2,1,transmission,bavli,bava_batra,bava_batra.sugya048:189
2031,2533,Directed,2,2,transmission,bavli,bava_batra;shabbat,bava_batra.sugya252:53
2044,2241,Directed,2,1,transmission,bavli,chullin,chullin.sugya290:116
2852,2068,Directed,2,1,transmission,bavli,bava_metzia,bava_metzia.sugya443:48
2068,2852,Directed,2,1,transmission,bavli,ketubot,ketubot.sugya479:0
763,2068,Directed,2,1,transmission,bavli,kiddushin,kiddushin.sugya212:148
2879,2068,Directed,2,1,transmission,bavli,shabbat,shabbat.sugya136:37
485,2068,Directed,2,1,transmission,bavli,yoma,yoma.sugya147:43
2249,2082,Directed,2,1,transmission,bavli,nazir,nazir.sugya181:15
261,2091,Directed,2,1,transmission,bavli,chullin,chullin.sugya126:1
895,2091,Directed,2,1,transmission,bavli,chullin,chullin.sugya126:23
21,2578,Directed,2,1,transmission,bavli,berakhot,berakhot.sugya201:3
51,210,Directed,2,1,transmission,bavli,bava_kamma,bava_kamma.sugya328:32
917,2111,Directed,2,1,transmission,bavli,berakhot,berakhot.sugya056:0
2143,2578,Directed,2,2,transmission,bavli,nazir;pesachim,nazir.sugya217:1
2148,2445,Directed,2,1,transmission,bavli,yoma,yoma.sugya260:102
2155,2237,Directed,2,1,transmission,bavli,ketubot,ketubot.sugya124:113
2160,2285,Directed,2,2,transmission,bavli,berakhot;shabbat,berakhot.sugya451:17
2161,2582,Directed,2,1,transmission,bavli,bava_metzia,bava_metzia.sugya055:63
2161,2938,Directed,2,1,transmission,bavli,bekhorot,bekhorot.sugya105:23
2828,2161,Directed,2,1,transmission,bavli,chullin,chullin.sugya031:148
284,2161,Directed,2,1,transmission,bavli,chullin,chullin.sugya110:159
2161,895,Directed,2,2,transmission,bavli,eruvin;taanit,eruvin.sugya161:35
2161,514,Directed,2,1,transmission,bavli,kiddushin,kiddushin.sugya333:57
2647,2161,Directed,2,1,transmission,bavli,yevamot,yevamot.sugya280:38
2168,2237,Directed,2,1,transmission,bavli,bava_metzia,bava_metzia.sugya279:16
2173,2744,Directed,2,1,transmission,bavli,menachot,menachot.sugya058:14
2190,2938,Directed,2,1,transmission,bavli,berakhot,berakhot.sugya132:13
2190,514,Directed,2,1,transmission,bavli,yevamot,yevamot.sugya353:14
514,2198,Directed,2,1,transmission,bavli,gittin,gittin.sugya050:58
2198,867,Directed,2,1,transmission,bavli,gittin,gittin.sugya050:59
2423,2198,Directed,2,1,transmission,bavli,gittin,gittin.sugya404:15
445,2221,Directed,2,1,transmission,bavli,yoma,yoma.sugya288:32
2581,2225,Directed,2,1,transmission,bavli,bava_kamma,bava_kamma.sugya243:10
312,2225,Directed,2,1,transmission,bavli,shabbat,shabbat.sugya119:21
571,2225,Directed,2,1,transmission,bavli,zevachim,zevachim.sugya079:34
2231,2763,Directed,2,1,transmission,bavli,chullin,chullin.sugya160:27
2237,2582,Directed,2,1,transmission,bavli,shevuot,shevuot.sugya013:27
2271,343,Directed,2,1,transmission,bavli,shabbat,shabbat.sugya360:2
2277,918,Directed,2,1,transmission,bavli,moed_katan,moed_katan.sugya089:217
2277,2533,Directed,2,1,transmission,bavli,moed_katan,moed_katan.sugya089:218
2277,2518,Directed,2,1,transmission,bavli,moed_katan,moed_katan.sugya089:219
873,2285,Directed,2,1,transmission,bavli,bava_batra,bava_batra.sugya398:105
286,2285,Directed,2,1,transmission,bavli,bava_batra,bava_batra.sugya160:4
2518,2285,Directed,2,1,transmission,bavli,bava_metzia,bava_metzia.sugya284:33
2445,2285,Directed,2,1,transmission,bavli,berakhot,berakhot.sugya392:34
239,2285,Directed,2,1,transmission,bavli,chullin,chullin.sugya364:10
2596,2285,Directed,2,1,transmission,bavli,eruvin,eruvin.sugya342:1
2285,2409,Directed,2,1,transmission,bavli,shabbat,shabbat.sugya641:12
2298,535,Directed,2,1,transmission,bavli,chullin,chullin.sugya003:138
2298,2582,Directed,2,1,transmission,bavli,keritot,keritot.sugya028:10
2298,92,Directed,2,1,transmission,bavli,ketubot,ketubot.sugya003:238
2298,2742,Directed,2,1,transmission,bavli,shevuot,shevuot.sugya029:134
2306,895,Directed,2,1,transmission,bavli,chullin,chullin.sugya118:50
2351,2330,Directed,2,1,transmission,bavli,chullin,chullin.sugya129:2
2341,2582,Directed,2,1,transmission,bavli,sanhedrin,sanhedrin.sugya161:60
571,2348,Directed,2,1,transmission,bavli,sanhedrin,sanhedrin.sugya159:14
239,535,Directed,2,1,transmission,bavli,bava_metzia,bava_metzia.sugya180:1
239,256,Directed,2,1,transmission,bavli,berakhot,berakhot.sugya012:5
239,2409,Directed,2,1,transmission,bavli,chullin,chullin.sugya364:26
2498,239,Directed,2,1,transmission,bavli,ketubot,ketubot.sugya485:13
6,239,Directed,2,1,transmission,bavli,ketubot,ketubot.sugya353:26
239,467,Directed,2,1,transmission,bavli,pesachim,pesachim.sugya382:17
239,534,Directed,2,1,transmission,bavli,shabbat,shabbat.sugya064:14
2390,571,Directed,2,1,transmission,bavli,chullin,chullin.sugya027:26
2938,2398,Directed,2,1,transmission,bavli,bekhorot,bekhorot.sugya022:100
2398,977,Directed,2,1,transmission,bavli,chullin,chullin.sugya231:119
283,2398,Directed,2,1,transmission,bavli,shabbat,shabbat.sugya837:34
2409,417,Directed,2,2,transmission,bavli,eruvin;shabbat,eruvin.sugya076:42
2445,2409,Directed,2,1,transmission,bavli,gittin,gittin.sugya082:1
911,2409,Directed,2,1,transmission,bavli,nedarim,nedarim.sugya185:16
2409,368,Directed,2,1,transmission,bavli,shabbat,shabbat.sugya891:18
2432,2763,Directed,2,1,transmission,bavli,bava_batra,bava_batra.sugya165:22
2445,534,Directed,2,1,transmission,bavli,eruvin,eruvin.sugya445:14
2445,2594,Directed,2,1,transmission,bavli,yoma,yoma.sugya260:103
2459,2763,Directed,2,1,transmission,bavli,moed_katan,moed_katan.sugya079:49
2465,2541,Directed,2,1,transmission,bavli,berakhot,berakhot.sugya443:58
2497,2518,Directed,2,1,transmission,bavli,yevamot,yevamot.sugya039:2
2498,2582,Directed,2,1,transmission,bavli,bava_metzia,bava_metzia.sugya259:30
2520,265,Directed,2,1,transmission,bavli,berakhot,berakhot.sugya235:10
2520,292,Directed,2,1,transmission,bavli,eruvin,eruvin.sugya076:21
2520,2582,Directed,2,1,transmission,bavli,sanhedrin,sanhedrin.sugya161:25
2527,2938,Directed,2,1,transmission,bavli,ketubot,ketubot.sugya096:27
2556,2879,Directed,2,1,transmission,bavli,bekhorot,bekhorot.sugya272:17
256,467,Directed,2,1,transmission,bavli,megillah,megillah.sugya061:2
2578,2575,Directed,2,1,transmission,bavli,moed_katan,moed_katan.sugya083:19
2608,2578,Directed,2,1,transmission,bavli,avodah_zarah,avodah_zarah.sugya054:35
2725,2578,Directed,2,1,transmission,bavli,avodah_zarah,avodah_zarah.sugya083:177
889,2578,Directed,2,2,transmission,bavli,avodah_zarah;menachot,avodah_zarah.sugya092:61
312,2578,Directed,2,2,transmission,bavli,avodah_zarah;temurah,avodah_zarah.sugya128:1
276,2578,Directed,2,1,transmission,bavli,bava_batra,bava_batra.sugya500:12
913,2578,Directed,2,1,transmission,bavli,bava_batra,bava_batra.sugya500:15
873,2578,Directed,2,1,transmission,bavli,berakhot,berakhot.sugya369:18
2720,2578,Directed,2,1,transmission,bavli,berakhot,berakhot.sugya392:25
2776,2578,Directed,2,2,transmission,bavli,chagigah;rosh_hashanah,chagigah.sugya013:88
2684,2578,Directed,2,1,transmission,bavli,chullin,chullin.sugya110:122
2879,2578,Directed,2,1,transmission,bavli,chullin,chullin.sugya143:133
2808,2578,Directed,2,1,transmission,bavli,eruvin,eruvin.sugya102:1
2611,2578,Directed,2,2,transmission,bavli,megillah;rosh_hashanah,megillah.sugya052:105
2696,2578,Directed,2,1,transmission,bavli,niddah,niddah.sugya148:11
92,2578,Directed,2,1,transmission,bavli,sanhedrin,sanhedrin.sugya496:437
2612,2578,Directed,2,1,transmission,bavli,shabbat,shabbat.sugya026:19
2633,2578,Directed,2,1,transmission,bavli,shabbat,shabbat.sugya702:14
2681,2578,Directed,2,2,transmission,bavli,shabbat;taanit,shabbat.sugya161:6
905,2578,Directed,2,1,transmission,bavli,sotah,sotah.sugya098:31
2592,2578,Directed,2,1,transmission,bavli,sotah,sotah.sugya179:27
2588,2578,Directed,2,1,transmission,bavli,yoma,yoma.sugya164:2
2683,2578,Directed,2,1,transmission,bavli,zevachim,zevachim.sugya178:40
2581,2879,Directed,2,1,transmission,bavli,arakhin,arakhin.sugya091:221
2598,2581,Directed,2,1,transmission,bavli,bava_batra,bava_batra.sugya314:4
918,2581,Directed,2,1,transmission,bavli,bava_metzia,bava_metzia.sugya279:40
2581,571,Directed,2,1,transmission,bavli,chullin,chullin.sugya216:20
2581,2938,Directed,2,2,transmission,bavli,kiddushin;menachot,kiddushin.sugya085:0
2582,693,Directed,2,1,transmission,bavli,avodah_zarah,avodah_zarah.sugya094:135
2586,2582,Directed,2,1,transmission,bavli,bava_batra,bava_batra.sugya069:123
284,2582,Directed,2,1,transmission,bavli,bava_metzia,bava_metzia.sugya328:13
2582,417,Directed,2,1,transmission,bavli,eruvin,eruvin.sugya457:16
490,2582,Directed,2,1,transmission,bavli,eruvin,eruvin.sugya256:220
895,2582,Directed,2,1,transmission,bavli,gittin,gittin.sugya388:17
2647,2582,Directed,2,1,transmission,bavli,niddah,niddah.sugya346:155
2582,2807,Directed,2,1,transmission,bavli,shevuot,shevuot.sugya061:4
2582,2594,Directed,2,1,transmission,bavli,sukkah,sukkah.sugya166:125
2582,478,Directed,2,1,transmission,bavli,zevachim,zevachim.sugya365:2
2586,2938,Directed,2,1,transmission,bavli,keritot,keritot.sugya122:27
993,2594,Directed,2,1,transmission,bavli,shabbat,shabbat.sugya360:20
2596,820,Directed,2,1,transmission,bavli,kiddushin,kiddushin.sugya172:66
2596,911,Directed,2,1,transmission,bavli,shabbat,shabbat.sugya235:22
534,2608,Directed,2,1,transmission,bavli,avodah_zarah,avodah_zarah.sugya054:43
261,977,Directed,2,1,transmission,bavli,avodah_zarah,avodah_zarah.sugya057:126
2619,467,Directed,2,1,transmission,bavli,megillah,megillah.sugya052:246
2625,534,Directed,2,1,transmission,bavli,chullin,chullin.sugya216:22
2627,982,Directed,2,1,transmission,bavli,ketubot,ketubot.sugya110:16
2646,842,Directed,2,1,transmission,bavli,chullin,chullin.sugya110:127
2647,305,Directed,2,1,transmission,bavli,beitzah,beitzah.sugya173:15
2681,2879,Directed,2,2,transmission,bavli,avodah_zarah;menachot,avodah_zarah.sugya187:1
2763,2698,Directed,2,1,transmission,bavli,ketubot,ketubot.sugya401:19
270,602,Directed,2,1,transmission,bavli,keritot,keritot.sugya006:19
2744,2795,Directed,2,1,transmission,bavli,rosh_hashanah,rosh_hashanah.sugya100:11
2763,475,Directed,2,1,transmission,bavli,bekhorot,bekhorot.sugya086:10
2763,467,Directed,2,1,transmission,bavli,chullin,chullin.sugya321:112
2763,478,Directed,2,1,transmission,bavli,ketubot,ketubot.sugya128:31
2763,2846,Directed,2,1,transmission,bavli,ketubot,ketubot.sugya009:30
571,2763,Directed,2,1,transmission,bavli,taanit,taanit.sugya099:173
2785,467,Directed,2,1,transmission,bavli,bava_metzia,bava_metzia.sugya292:17
2788,467,Directed,2,1,transmission,bavli,shabbat,shabbat.sugya181:14
2795,2879,Directed,2,1,transmission,bavli,pesachim,pesachim.sugya253:23
535,2795,Directed,2,1,transmission,bavli,tamid,tamid.sugya029:10
2807,895,Directed,2,1,transmission,bavli,shevuot,shevuot.sugya061:5
281,92,Directed,2,1,transmission,bavli,yevamot,yevamot.sugya242:10
2824,478,Directed,2,2,transmission,bavli,sanhedrin;shabbat,sanhedrin.sugya496:328
858,2830,Directed,2,1,transmission,bavli,chullin,chullin.sugya362:110
445,2830,Directed,2,1,transmission,bavli,gittin,gittin.sugya025:13
2846,2830,Directed,2,1,transmission,bavli,shabbat,shabbat.sugya368:56
478,2830,Directed,2,1,transmission,bavli,shevuot,shevuot.sugya065:18
2879,2839,Directed,2,1,transmission,bavli,temurah,temurah.sugya045:2
2846,475,Directed,2,1,transmission,bavli,keritot,keritot.sugya104:29
2846,473,Directed,2,1,transmission,bavli,sanhedrin,sanhedrin.sugya118:19
2846,2852,Directed,2,1,transmission,bavli,shabbat,shabbat.sugya039:20
2846,417,Directed,2,1,transmission,bavli,shabbat,shabbat.sugya547:27
2858,2879,Directed,2,1,transmission,bavli,avodah_zarah,avodah_zarah.sugya104:12
2864,2881,Directed,2,1,transmission,bavli,bava_kamma,bava_kamma.sugya252:102
2879,780,Directed,2,1,transmission,bavli,keritot,keritot.sugya008:134
2879,2881,Directed,2,1,transmission,bavli,niddah,niddah.sugya191:129
867,2891,Directed,2,2,transmission,bavli,ketubot,ketubot.sugya482:22
2891,485,Directed,2,1,transmission,bavli,zevachim,zevachim.sugya189:171
918,2938,Directed,2,2,transmission,bavli,eruvin;yoma,eruvin.sugya096:2
2938,495,Directed,2,1,transmission,bavli,sanhedrin,sanhedrin.sugya008:150
294,895,Directed,2,1,transmission,bavli,menachot,menachot.sugya095:179
6,2941,Directed,2,1,transmission,bavli,shabbat,shabbat.sugya181:26
296,514,Directed,2,1,transmission,bavli,bava_batra,bava_batra.sugya402:31
297,467,Directed,2,1,transmission,bavli,niddah,niddah.sugya101:101
2991,485,Directed,2,1,transmission,bavli,avodah_zarah,avodah_zarah.sugya105:109
895,31,Directed,2,1,transmission,bavli,ketubot,ketubot.sugya004:1
312,467,Directed,2,1,transmission,bavli,bava_batra,bava_batra.sugya033:141
695,368,Directed,2,1,transmission,bavli,chullin,chullin.sugya143:136
867,368,Directed,2,1,transmission,bavli,zevachim,zevachim.sugya016:10
426,450,Directed,2,1,transmission,bavli,shabbat,shabbat.sugya925:11
489,465,Directed,2,1,transmission,bavli,chagigah,chagigah.sugya006:44
465,484,Directed,2,1,transmission,bavli,shevuot,shevuot.sugya158:15
467,465,Directed,2,1,transmission,bavli,yevamot,yevamot.sugya002:136
571,467,Directed,2,1,transmission,bavli,niddah,niddah.sugya315:12
691,467,Directed,2,1,transmission,bavli,taanit,taanit.sugya135:41
473,484,Directed,2,1,transmission,bavli,sanhedrin,sanhedrin.sugya118:20
477,478,Directed,2,1,transmission,bavli,zevachim,zevachim.sugya210:19
867,478,Directed,2,1,transmission,bavli,yoma,yoma.sugya011:10
571,485,Directed,2,1,transmission,bavli,zevachim,zevachim.sugya084:101
6,495,Directed,2,1,transmission,bavli,pesachim,pesachim.sugya160:22
512,92,Directed,2,1,transmission,bavli,niddah,niddah.sugya087:12
571,514,Directed,2,1,transmission,bavli,eruvin,eruvin.sugya155:19
6,535,Directed,2,1,transmission,bavli,bava_batra,bava_batra.sugya442:23
867,535,Directed,2,1,transmission,bavli,moed_katan,moed_katan.sugya045:11
92,535,Directed,2,1,transmission,bavli,yevamot,yevamot.sugya242:11
988,895,Directed,2,1,transmission,bavli,arakhin,arakhin.sugya067:2
895,977,Directed,2,1,transmission,bavli,gittin,gittin.sugya135:114
903,92,Directed,2,1,transmission,bavli,pesachim,pesachim.sugya162:36
1852,1017,Directed,1,1,transmission,bavli,berakhot,berakhot.sugya183:45
1017,820,Directed,1,1,transmission,bavli,berakhot,berakhot.sugya392:19
1017,2398,Directed,1,1,transmission,bavli,chullin,chullin.sugya231:118
1345,1017,Directed,1,1,transmission,bavli,horayot,horayot.sugya028:64
1017,2627,Directed,1,1,transmission,bavli,ketubot,ketubot.sugya110:8
1017,239,Directed,1,1,transmission,bavli,ketubot,ketubot.sugya353:2
1814,1017,Directed,1,1,transmission,bavli,sukkah,sukkah.sugya191:1
286,1017,Directed,1,1,transmission,bavli,yoma,yoma.sugya171:2
1017,1508,Directed,1,1,transmission,bavli,zevachim,zevachim.sugya073:41
1018,2285,Directed,1,1,transmission,bavli,gittin,gittin.sugya141:117
1018,895,Directed,1,1,transmission,bavli,shabbat,shabbat.sugya681:23
1022,2830,Directed,1,1,transmission,bavli,shabbat,shabbat.sugya449:8
1029,1979,Directed,1,1,transmission,bavli,nedarim,nedarim.sugya097:48
2363,1043,Directed,1,1,transmission,bavli,ketubot,ketubot.sugya037:2
820,1043,Directed,1,1,transmission,bavli,menachot,menachot.sugya056:17
2581,1043,Directed,1,1,transmission,bavli,nedarim,nedarim.sugya135:5
1764,1043,Directed,1,1,transmission,bavli,nedarim,nedarim.sugya135:9
2582,1043,Directed,1,1,transmission,bavli,sotah,sotah.sugya011:46
1046,1394,Directed,1,1,transmission,bavli,beitzah,beitzah.sugya007:1
1046,1570,Directed,1,1,transmission,bavli,gittin,gittin.sugya063:32
1046,6,Directed,1,1,transmission,bavli,shabbat,shabbat.sugya181:4
2709,1075,Directed,1,1,transmission,bavli,bava_batra,bava_batra.sugya488:72
121,1075,Directed,1,1,transmission,bavli,pesachim,pesachim.sugya074:70
1077,121,Directed,1,1,transmission,bavli,shabbat,shabbat.sugya641:9
2594,1088,Directed,1,1,transmission,bavli,bava_batra,bava_batra.sugya402:0
1570,1088,Directed,1,1,transmission,bavli,bava_metzia,bava_metzia.sugya159:3
1088,2578,Directed,1,1,transmission,bavli,keritot,keritot.sugya096:31
1764,1088,Directed,1,1,transmission,bavli,ketubot,ketubot.sugya401:15
1088,2068,Directed,1,1,transmission,bavli,shabbat,shabbat.sugya808:13
1091,1556,Directed,1,1,transmission,bavli,bava_kamma,bava_kamma.sugya144:14
1091,842,Directed,1,1,transmission,bavli,chullin,chullin.sugya132:4
1091,1544,Directed,1,1,transmission,bavli,chullin,chullin.sugya290:42
895,1091,Directed,1,1,transmission,bavli,moed_katan,moed_katan.sugya089:62
338,1091,Directed,1,1,transmission,bavli,sanhedrin,sanhedrin.sugya359:7
1091,1624,Directed,1,1,transmission,bavli,sanhedrin,sanhedrin.sugya014:7
1094,467,Directed,1,1,transmission,bavli,yevamot,yevamot.sugya148:47
1102,895,Directed,1,1,transmission,bavli,beitzah,beitzah.sugya142:53
2585,1102,Directed,1,1,transmission,bavli,pesachim,pesachim.sugya065:28
1102,2582,Directed,1,1,transmission,bavli,shabbat,shabbat.sugya848:1
256,1102,Directed,1,1,transmission,bavli,shabbat,shabbat.sugya388:3
1105,535,Directed,1,1,transmission,bavli,megillah,megillah.sugya195:2
1105,1689,Directed,1,1,transmission,bavli,sotah,sotah.sugya024:1
1106,2582,Directed,1,1,transmission,bavli,niddah,niddah.sugya158:34
121,1113,Directed,1,1,transmission,bavli,bava_metzia,bava_metzia.sugya014:3
913,1127,Directed,1,1,transmission,bavli,berakhot,berakhot.sugya245:5
895,1127,Directed,1,1,transmission,bavli,chullin,chullin.sugya020:0
514,1164,Directed,1,1,transmission,bavli,ketubot,ketubot.sugya396:0
1164,2068,Directed,1,1,transmission,bavli,moed_katan,moed_katan.sugya048:13
2581,1175,Directed,1,1,transmission,bavli,eruvin,eruvin.sugya185:49
147,1175,Directed,1,1,transmission,bavli,zevachim,zevachim.sugya189:212
121,1179,Directed,1,1,transmission,bavli,kiddushin,kiddushin.sugya296:82
1197,2879,Directed,1,1,transmission,bavli,chullin,chullin.sugya027:42
1198,2594,Directed,1,1,transmission,bavli,avodah_zarah,avodah_zarah.sugya293:41
2969,1205,Directed,1,1,transmission,bavli,yevamot,yevamot.sugya230:29
1206,478,Directed,1,1,transmission,bavli,niddah,niddah.sugya166:19
2582,121,Directed,1,1,transmission,bavli,bava_kamma,bava_kamma.sugya080:38
2657,121,Directed,1,1,transmission,bavli,berakhot,berakhot.sugya323:2
121,2285,Directed,1,1,transmission,bavli,eruvin,eruvin.sugya004:0
918,121,Directed,1,1,transmission,bavli,eruvin,eruvin.sugya256:126
121,2938,Directed,1,1,transmission,bavli,kiddushin,kiddushin.sugya054:38
121,820,Directed,1,1,transmission,bavli,meilah,meilah.sugya002:45
1305,1212,Directed,1,1,transmission,bavli,berakhot,berakhot.sugya277:0
1854,1212,Directed,1,1,transmission,bavli,berakhot,berakhot.sugya361:9
92,1212,Directed,1,1,transmission,bavli,kiddushin,kiddushin.sugya162:22
535,1212,Directed,1,1,transmission,bavli,menachot,menachot.sugya125:2
534,1212,Directed,1,1,transmission,bavli,sanhedrin,sanhedrin.sugya255:4
1212,1622,Directed,1,1,transmission,bavli,yevamot,yevamot.sugya542:3
1392,129,Directed,1,1,transmission,bavli,chullin,chullin.sugya123:1
1394,129,Directed,1,1,transmission,bavli,eruvin,eruvin.sugya091:1
2161,1290,Directed,1,1,transmission,bavli,menachot,menachot.sugya091:89
1290,2409,Directed,1,1,transmission,bavli,zevachim,zevachim.sugya271:1
1306,1854,Directed,1,1,transmission,bavli,chullin,chullin.sugya003:129
1306,2068,Directed,1,1,transmission,bavli,megillah,megillah.sugya052:19
1318,2578,Directed,1,1,transmission,bavli,avodah_zarah,avodah_zarah.sugya029:3
1318,1345,Directed,1,1,transmission,bavli,chullin,chullin.sugya186:99
1327,1570,Directed,1,1,transmission,bavli,berakhot,berakhot.sugya450:57
139,1327,Directed,1,1,transmission,bavli,shabbat,shabbat.sugya670:17
2582,1344,Directed,1,1,transmission,bavli,bava_metzia,bava_metzia.sugya223:27
2285,1344,Directed,1,1,transmission,bavli,bava_metzia,bava_metzia.sugya223:29
2298,1345,Directed,1,1,transmission,bavli,avodah_zarah,avodah_zarah.sugya259:0
1345,514,Directed,1,1,transmission,bavli,bekhorot,bekhorot.sugya270:2
2161,1345,Directed,1,1,transmission,bavli,chullin,chullin.sugya112:31
2445,1345,Directed,1,1,transmission,bavli,chullin,chullin.sugya143:12
1901,1345,Directed,1,1,transmission,bavli,moed_katan,moed_katan.sugya048:19
2646,1345,Directed,1,1,transmission,bavli,pesachim,pesachim.sugya198:74
2296,1345,Directed,1,1,transmission,bavli,shabbat,shabbat.sugya891:13
2198,1345,Directed,1,1,transmission,bavli,shabbat,shabbat.sugya473:20
1345,194,Directed,1,1,transmission,bavli,zevachim,zevachim.sugya434:0
1353,2938,Directed,1,1,transmission,bavli,temurah,temurah.sugya162:7
1355,2423,Directed,1,1,transmission,bavli,rosh_hashanah,rosh_hashanah.sugya048:5
2969,1362,Directed,1,1,transmission,bavli,sanhedrin,sanhedrin.sugya152:1
1364,2763,Directed,1,1,transmission,bavli,berakhot,berakhot.sugya504:18
1364,1385,Directed,1,1,transmission,bavli,temurah,temurah.sugya123:6
1457,1383,Directed,1,1,transmission,bavli,chullin,chullin.sugya159:4
139,534,Directed,1,1,transmission,bavli,berakhot,berakhot.sugya179:28
139,2865,Directed,1,1,transmission,bavli,niddah,niddah.sugya024:39
2582,139,Directed,1,1,transmission,bavli,shabbat,shabbat.sugya040:18
1394,2409,Directed,1,1,transmission,bavli,avodah_zarah,avodah_zarah.sugya159:8
1953,1394,Directed,1,1,transmission,bavli,bava_batra,bava_batra.sugya164:38
534,1394,Directed,1,1,transmission,bavli,bava_metzia,bava_metzia.sugya175:1
2744,1394,Directed,1,1,transmission,bavli,bekhorot,bekhorot.sugya161:58
2349,1394,Directed,1,1,transmission,bavli,berakhot,berakhot.sugya109:0
1394,1926,Directed,1,1,transmission,bavli,chullin,chullin.sugya064:9
600,1394,Directed,1,1,transmission,bavli,eruvin,eruvin.sugya089:3
1394,2808,Directed,1,1,transmission,bavli,eruvin,eruvin.sugya102:0
1394,2285,Directed,1,1,transmission,bavli,gittin,gittin.sugya132:110
1394,535,Directed,1,1,transmission,bavli,gittin,gittin.sugya255:5
577,1394,Directed,1,1,transmission,bavli,menachot,menachot.sugya088:6
2225,1394,Directed,1,1,transmission,bavli,pesachim,pesachim.sugya104:1
265,1394,Directed,1,1,transmission,bavli,sanhedrin,sanhedrin.sugya491:16
1394,1913,Directed,1,1,transmission,bavli,shabbat,shabbat.sugya930:10
1395,811,Directed,1,1,transmission,bavli,kiddushin,kiddushin.sugya348:1
2298,140,Directed,1,1,transmission,bavli,kiddushin,kiddushin.sugya177:54
140,1689,Directed,1,1,transmission,bavli,shabbat,shabbat.sugya546:2
1439,2763,Directed,1,1,transmission,bavli,ketubot,ketubot.sugya216:2
371,1441,Directed,1,1,transmission,bavli,zevachim,zevachim.sugya033:1
2298,1482,Directed,1,1,transmission,bavli,ketubot,ketubot.sugya482:15
571,149,Directed,1,1,transmission,bavli,pesachim,pesachim.sugya384:47
1570,1492,Directed,1,1,transmission,bavli,bava_batra,bava_batra.sugya383:1
2788,15,Directed,1,1,transmission,bavli,yevamot,yevamot.sugya303:6
1624,1508,Directed,1,1,transmission,bavli,chullin,chullin.sugya090:91
1764,1508,Directed,1,1,transmission,bavli,eruvin,eruvin.sugya289:1
1890,1508,Directed,1,1,transmission,bavli,ketubot,ketubot.sugya187:15
1971,1527,Directed,1,1,transmission,bavli,chullin,chullin.sugya087:1
2398,1527,Directed,1,1,transmission,bavli,kiddushin,kiddushin.sugya115:23
417,1527,Directed,1,1,transmission,bavli,nazir,nazir.sugya180:0
2202,1527,Directed,1,1,transmission,bavli,pesachim,pesachim.sugya379:7
1530,2582,Directed,1,1,transmission,bavli,pesachim,pesachim.sugya167:1
1544,2879,Directed,1,1,transmission,bavli,makkot,makkot.sugya002:6
599,1544,Directed,1,1,transmission,bavli,menachot,menachot.sugya401:11
1852,1544,Directed,1,1,transmission,bavli,moed_katan,moed_katan.sugya101:28
1832,1544,Directed,1,1,transmission,bavli,sanhedrin,sanhedrin.sugya106:13
2200,1570,Directed,1,1,transmission,bavli,bava_batra,bava_batra.sugya165:53
600,1570,Directed,1,1,transmission,bavli,bava_kamma,bava_kamma.sugya272:6
1570,1716,Directed,1,1,transmission,bavli,bava_metzia,bava_metzia.sugya171:41
1570,2511,Directed,1,1,transmission,bavli,bekhorot,bekhorot.sugya198:6
1570,1686,Directed,1,1,transmission,bavli,berakhot,berakhot.sugya080:0
895,1570,Directed,1,1,transmission,bavli,berakhot,berakhot.sugya192:4
2957,1570,Directed,1,1,transmission,bavli,berakhot,berakhot.sugya442:22
1772,1570,Directed,1,1,transmission,bavli,gittin,gittin.sugya135:99
286,1570,Directed,1,1,transmission,bavli,ketubot,ketubot.sugya326:64
2575,1570,Directed,1,1,transmission,bavli,menachot,menachot.sugya140:10
2769,1570,Directed,1,1,transmission,bavli,nazir,nazir.sugya165:7
602,1570,Directed,1,1,transmission,bavli,niddah,niddah.sugya109:9
2285,1570,Directed,1,1,transmission,bavli,shabbat,shabbat.sugya882:5
2744,1570,Directed,1,1,transmission,bavli,shabbat,shabbat.sugya884:14
1570,2879,Directed,1,1,transmission,bavli,shabbat,shabbat.sugya055:1
2938,1570,Directed,1,1,transmission,bavli,shabbat,shabbat.sugya179:54
1916,1570,Directed,1,1,transmission,bavli,taanit,taanit.sugya135:15
2647,1570,Directed,1,1,transmission,bavli,yevamot,yevamot.sugya286:62
2716,1570,Directed,1,1,transmission,bavli,yoma,yoma.sugya268:6
1570,2119,Directed,1,1,transmission,bavli,zevachim,zevachim.sugya406:1
2409,1583,Directed,1,1,transmission,bavli,chullin,chullin.sugya138:3
1608,2465,Directed,1,1,transmission,bavli,berakhot,berakhot.sugya177:50
600,1657,Directed,1,1,transmission,bavli,makkot,makkot.sugya123:0
895,1657,Directed,1,1,transmission,bavli,sukkah,sukkah.sugya158:9
1663,828,Directed,1,1,transmission,bavli,ketubot,ketubot.sugya009:70
1689,895,Directed,1,1,transmission,bavli,berakhot,berakhot.sugya416:9
2879,1742,Directed,1,1,transmission,bavli,menachot,menachot.sugya140:7
1761,495,Directed,1,1,transmission,bavli,avodah_zarah,avodah_zarah.sugya121:35
229,1764,Directed,1,1,transmission,bavli,beitzah,beitzah.sugya039:2
1764,2788,Directed,1,1,transmission,bavli,berakhot,berakhot.sugya117:12
1764,2676,Directed,1,1,transmission,bavli,eruvin,eruvin.sugya252:13
1764,2004,Directed,1,1,transmission,bavli,eruvin,eruvin.sugya261:7
514,1764,Directed,1,1,transmission,bavli,ketubot,ketubot.sugya449:2
1764,895,Directed,1,1,transmission,bavli,nazir,nazir.sugya141:4
1764,535,Directed,1,1,transmission,bavli,shabbat,shabbat.sugya731:4
1764,241,Directed,1,1,transmission,bavli,shabbat,shabbat.sugya739:34
1764,2285,Directed,1,1,transmission,bavli,taanit,taanit.sugya143:5
1772,2285,Directed,1,1,transmission,bavli,gittin,gittin.sugya141:116
1775,2938,Directed,1,1,transmission,bavli,gittin,gittin.sugya285:13
2605,1799,Directed,1,1,transmission,bavli,nedarim,nedarim.sugya120:43
2124,1814,Directed,1,1,transmission,bavli,chullin,chullin.sugya404:19
333,1814,Directed,1,1,transmission,bavli,ketubot,ketubot.sugya184:3
1814,2852,Directed,1,1,transmission,bavli,sanhedrin,sanhedrin.sugya028:36
1832,763,Directed,1,1,transmission,bavli,bava_metzia,bava_metzia.sugya473:68
1832,535,Directed,1,1,transmission,bavli,kiddushin,kiddushin.sugya036:69
1851,571,Directed,1,1,transmission,bavli,zevachim,zevachim.sugya178:23
368,1852,Directed,1,1,transmission,bavli,berakhot,berakhot.sugya390:1
2582,1854,Directed,1,1,transmission,bavli,bava_metzia,bava_metzia.sugya014:6
1878,2582,Directed,1,1,transmission,bavli,ketubot,ketubot.sugya085:74
2285,1885,Directed,1,1,transmission,bavli,shabbat,shabbat.sugya775:62
2588,1885,Directed,1,1,transmission,bavli,temurah,temurah.sugya123:11
1903,535,Directed,1,1,transmission,bavli,zevachim,zevachim.sugya055:31
1922,2879,Directed,1,1,transmission,bavli,bekhorot,bekhorot.sugya035:4
1931,2225,Directed,1,1,transmission,bavli,kiddushin,kiddushin.sugya126:12
2581,1932,Directed,1,1,transmission,bavli,megillah,megillah.sugya054:60
194,2093,Directed,1,1,transmission,bavli,beitzah,beitzah.sugya142:51
2646,194,Directed,1,1,transmission,bavli,ketubot,ketubot.sugya288:51
194,475,Directed,1,1,transmission,bavli,shabbat,shabbat.sugya035:4
2824,1940,Directed,1,1,transmission,bavli,shabbat,shabbat.sugya824:14
2378,1952,Directed,1,1,transmission,bavli,beitzah,beitzah.sugya162:3
2518,1952,Directed,1,1,transmission,bavli,eruvin,eruvin.sugya131:24
6,1952,Directed,1,1,transmission,bavli,sanhedrin,sanhedrin.sugya155:1
1952,467,Directed,1,1,transmission,bavli,shabbat,shabbat.sugya328:0
1953,495,Directed,1,1,transmission,bavli,sukkah,sukkah.sugya114:7
6,1954,Directed,1,1,transmission,bavli,megillah,megillah.sugya065:15
1954,2879,Directed,1,1,transmission,bavli,taanit,taanit.sugya023:76
2647,1965,Directed,1,1,transmission,bavli,zevachim,zevachim.sugya092:2
2068,1979,Directed,1,1,transmission,bavli,moed_katan,moed_katan.sugya095:6
2006,2582,Directed,1,1,transmission,bavli,bava_kamma,bava_kamma.sugya156:9
297,2006,Directed,1,1,transmission,bavli,chullin,chullin.sugya277:98
256,2031,Directed,1,1,transmission,bavli,berakhot,berakhot.sugya480:0
2031,2068,Directed,1,1,transmission,bavli,sukkah,sukkah.sugya013:0
2062,2423,Directed,1,1,transmission,bavli,yevamot,yevamot.sugya003:149
207,2581,Directed,1,1,transmission,bavli,berakhot,berakhot.sugya249:21
2129,2080,Directed,1,1,transmission,bavli,yoma,yoma.sugya002:12
600,2091,Directed,1,1,transmission,bavli,chullin,chullin.sugya126:8
2140,895,Directed,1,1,transmission,bavli,sukkah,sukkah.sugya027:57
2160,2938,Directed,1,1,transmission,bavli,shabbat,shabbat.sugya468:7
2161,2735,Directed,1,1,transmission,bavli,bava_batra,bava_batra.sugya409:6
2198,2161,Directed,1,1,transmission,bavli,sukkah,sukkah.sugya172:0
2173,229,Directed,1,1,transmission,bavli,bava_batra,bava_batra.sugya447:117
2173,2556,Directed,1,1,transmission,bavli,shabbat,shabbat.sugya229:5
2174,2409,Directed,1,1,transmission,bavli,zevachim,zevachim.sugya271:0
2187,2763,Directed,1,1,transmission,bavli,chullin,chullin.sugya110:100
2646,2214,Directed,1,1,transmission,bavli,pesachim,pesachim.sugya393:31
2237,2368,Directed,1,1,transmission,bavli,sotah,sotah.sugya215:72
2465,2244,Directed,1,1,transmission,bavli,berakhot,berakhot.sugya179:1
289,2285,Directed,1,1,transmission,bavli,bava_batra,bava_batra.sugya467:78
2285,2594,Directed,1,1,transmission,bavli,bava_kamma,bava_kamma.sugya445:1
514,2285,Directed,1,1,transmission,bavli,chullin,chullin.sugya116:7
2681,2285,Directed,1,1,transmission,bavli,gittin,gittin.sugya135:97
2781,2285,Directed,1,1,transmission,bavli,ketubot,ketubot.sugya448:2
2795,2285,Directed,1,1,transmission,bavli,niddah,niddah.sugya012:76
229,495,Directed,1,1,transmission,bavli,chullin,chullin.sugya128:68
2298,2586,Directed,1,1,transmission,bavli,shabbat,shabbat.sugya283:1
2298,2763,Directed,1,1,transmission,bavli,shevuot,shevuot.sugya185:37
2298,2578,Directed,1,1,transmission,bavli,sukkah,sukkah.sugya175:41
2581,2364,Directed,1,1,transmission,bavli,eruvin,eruvin.sugya212:30
2879,2368,Directed,1,1,transmission,bavli,yevamot,yevamot.sugya272:41
2378,977,Directed,1,1,transmission,bavli,taanit,taanit.sugya014:128
2409,239,Directed,1,1,transmission,bavli,chullin,chullin.sugya216:4
867,239,Directed,1,1,transmission,bavli,pesachim,pesachim.sugya074:134
239,2578,Directed,1,1,transmission,bavli,sanhedrin,sanhedrin.sugya218:12
535,239,Directed,1,1,transmission,bavli,shabbat,shabbat.sugya775:16
2398,92,Directed,1,1,transmission,bavli,berakhot,berakhot.sugya504:21
2398,2406,Directed,1,1,transmission,bavli,chullin,chullin.sugya134:3
2398,6,Directed,1,1,transmission,bavli,ketubot,ketubot.sugya048:0
2582,2409,Directed,1,1,transmission,bavli,avodah_zarah,avodah_zarah.sugya214:74
265,2409,Directed,1,1,transmission,bavli,bava_metzia,bava_metzia.sugya489:11
6,2409,Directed,1,1,transmission,bavli,bava_metzia,bava_metzia.sugya016:24
2409,763,Directed,1,1,transmission,bavli,kiddushin,kiddushin.sugya212:33
2581,2409,Directed,1,1,transmission,bavli,menachot,menachot.sugya277:22
2409,2578,Directed,1,1,transmission,bavli,shabbat,shabbat.sugya870:4
2409,2865,Directed,1,1,transmission,bavli,taanit,taanit.sugya091:1
2581,2432,Directed,1,1,transmission,bavli,bava_batra,bava_batra.sugya165:21
2888,2465,Directed,1,1,transmission,bavli,berakhot,berakhot.sugya179:2
867,2465,Directed,1,1,transmission,bavli,berakhot,berakhot.sugya179:23
607,2465,Directed,1,1,transmission,bavli,berakhot,berakhot.sugya443:57
2465,2878,Directed,1,1,transmission,bavli,yoma,yoma.sugya121:9
478,2465,Directed,1,1,transmission,bavli,yoma,yoma.sugya245:20
904,2478,Directed,1,1,transmission,bavli,berakhot,berakhot.sugya443:25
2497,2578,Directed,1,1,transmission,bavli,chagigah,chagigah.sugya111:3
2518,2578,Directed,1,1,transmission,bavli,chullin,chullin.sugya386:90
514,2518,Directed,1,1,transmission,bavli,chullin,chullin.sugya006:10
2533,2646,Directed,1,1,transmission,bavli,bava_metzia,bava_metzia.sugya193:65
2596,2556,Directed,1,1,transmission,bavli,bekhorot,bekhorot.sugya272:16
815,2578,Directed,1,1,transmission,bavli,bava_metzia,bava_metzia.sugya360:4
827,2578,Directed,1,1,transmission,bavli,beitzah,beitzah.sugya002:304
362,2578,Directed,1,1,transmission,bavli,berakhot,berakhot.sugya110:10
784,2578,Directed,1,1,transmission,bavli,chagigah,chagigah.sugya013:59
2578,2830,Directed,1,1,transmission,bavli,horayot,horayot.sugya014:4
343,2578,Directed,1,1,transmission,bavli,kiddushin,kiddushin.sugya124:5
823,2578,Directed,1,1,transmission,bavli,moed_katan,moed_katan.sugya095:9
2594,2578,Directed,1,1,transmission,bavli,niddah,niddah.sugya193:4
2631,2578,Directed,1,1,transmission,bavli,yoma,yoma.sugya099:23
993,2581,Directed,1,1,transmission,bavli,bava_kamma,bava_kamma.sugya369:23
2582,2581,Directed,1,1,transmission,bavli,bava_metzia,bava_metzia.sugya146:1
2581,495,Directed,1,1,transmission,bavli,shabbat,shabbat.sugya731:1
2646,2581,Directed,1,1,transmission,bavli,shabbat,shabbat.sugya101:3
2581,2763,Directed,1,1,transmission,bavli,yevamot,yevamot.sugya330:20
2582,312,Directed,1,1,transmission,bavli,bava_batra,bava_batra.sugya033:69
2582,467,Directed,1,1,transmission,bavli,bava_metzia,bava_metzia.sugya221:0
2582,495,Directed,1,1,transmission,bavli,ketubot,ketubot.sugya152:26
2582,2763,Directed,1,1,transmission,bavli,menachot,menachot.sugya101:65
2934,2582,Directed,1,1,transmission,bavli,shabbat,shabbat.sugya804:69
2735,2582,Directed,1,1,transmission,bavli,yoma,yoma.sugya198:60
2591,2938,Directed,1,1,transmission,bavli,niddah,niddah.sugya127:1
2596,571,Directed,1,1,transmission,bavli,chullin,chullin.sugya216:21
2647,2643,Directed,1,1,transmission,bavli,chullin,chullin.sugya034:15
2646,571,Directed,1,1,transmission,bavli,bava_batra,bava_batra.sugya480:38
2647,2828,Directed,1,1,transmission,bavli,chullin,chullin.sugya031:51
2647,514,Directed,1,1,transmission,bavli,gittin,gittin.sugya050:57
2676,534,Directed,1,1,transmission,bavli,eruvin,eruvin.sugya433:0
2681,534,Directed,1,1,transmission,bavli,eruvin,eruvin.sugya434:0
2689,2763,Directed,1,1,transmission,bavli,yevamot,yevamot.sugya293:2
571,2709,Directed,1,1,transmission,bavli,bava_kamma,bava_kamma.sugya481:55
2716,895,Directed,1,1,transmission,bavli,bekhorot,bekhorot.sugya022:160
535,2724,Directed,1,1,transmission,bavli,megillah,megillah.sugya052:279
787,2763,Directed,1,1,transmission,bavli,eruvin,eruvin.sugya283:48
823,2763,Directed,1,1,transmission,bavli,moed_katan,moed_katan.sugya094:1
820,2763,Directed,1,1,transmission,bavli,niddah,niddah.sugya036:0
2774,982,Directed,1,1,transmission,bavli,gittin,gittin.sugya135:111
2795,92,Directed,1,1,transmission,bavli,makkot,makkot.sugya093:31
467,2824,Directed,1,1,transmission,bavli,sanhedrin,sanhedrin.sugya014:73
571,2879,Directed,1,1,transmission,bavli,bekhorot,bekhorot.sugya094:1
467,2879,Directed,1,1,transmission,bavli,bekhorot,bekhorot.sugya099:2
600,2879,Directed,1,1,transmission,bavli,makkot,makkot.sugya100:1
458,2879,Directed,1,1,transmission,bavli,shabbat,shabbat.sugya824:12
312,2938,Directed,1,1,transmission,bavli,niddah,niddah.sugya144:87
895,2938,Directed,1,1,transmission,bavli,pesachim,pesachim.sugya378:75
2938,467,Directed,1,1,transmission,bavli,yevamot,yevamot.sugya002:30
294,51,Directed,1,1,transmission,bavli,bava_kamma,bava_kamma.sugya328:31
343,2952,Directed,1,1,transmission,bavli,moed_katan,moed_katan.sugya077:136
297,602,Directed,1,1,transmission,bavli,shabbat,shabbat.sugya008:11
336,475,Directed,1,1,transmission,bavli,sukkah,sukkah.sugya166:111
977,467,Directed,1,1,transmission,bavli,yoma,yoma.sugya065:28
467,485,Directed,1,1,transmission,bavli,yoma,yoma.sugya147:42
495,467,Directed,1,1,transmission,bavli,zevachim,zevachim.sugya073:53
47,495,Directed,1,1,transmission,bavli,nedarim,nedarim.sugya055:1
907,485,Directed,1,1,transmission,bavli,berakhot,berakhot.sugya504:12
867,485,Directed,1,1,transmission,bavli,zevachim,zevachim.sugya084:64
917,495,Directed,1,1,transmission,bavli,berakhot,berakhot.sugya057:0
723,495,Directed,1,1,transmission,bavli,chullin,chullin.sugya308:96
867,495,Directed,1,1,transmission,bavli,keritot,keritot.sugya136:0
514,881,Directed,1,1,transmission,bavli,chullin,chullin.sugya136:38
514,993,Directed,1,1,transmission,bavli,chullin,chullin.sugya216:41
842,535,Directed,1,1,transmission,bavli,chullin,chullin.sugya132:3
895,913,Directed,1,1,transmission,bavli,ketubot,ketubot.sugya219:1
